Simplified	Traditional	Pinyin	Meaning	MeaningES	SentenceSimplified	SentenceMeaning	SentenceMeaningES	Synonyms	SynonymsES	DictionarySimplified	DictionaryMeaning	DictionaryMeaningES	SourceLevel
爱	愛	ài	to love	amar / querer	我爱我的家人。	I love my family.	Amo a mi familia.	喜欢 (xǐ huan) - to like	喜欢 (xǐ huan) - gustar	对人或事物有很深的感情	Deep affection for a person or thing	Sentimiento profundo de cariño hacia una persona o cosa	HSK1
八	八	bā	eight	ocho	我家有八个人。	There are eight people in my family.	Hay ocho personas en mi familia.			数字8	The number 8	El número 8	HSK1
爸爸	爸爸	bà ba	dad	papá	我爸爸是老师。	My dad is a teacher.	Mi papá es profesor.	父亲 (fù qīn) - father	父亲 (fù qīn) - padre	对父亲的称呼	A word for one's father	Forma de llamar al padre	HSK1
吧	吧	ba	particle (suggestion)	partícula (sugerencia)	我们走吧。	Let's go.	Vámonos.			用在句尾表示建议或商量	Used at the end of a sentence to suggest something	Se usa al final de la frase para indicar sugerencia o propuesta	HSK1
白天	白天	bái tiān	daytime	de día	他白天工作，晚上休息。	He works during the day and rests at night.	Él trabaja de día y descansa de noche.	日间 (rì jiān) - daytime	日间 (rì jiān) - de día	太阳出来到落下的这段时间	The period from sunrise to sunset	El periodo de tiempo entre que sale y se pone el sol	HSK1
百	百	bǎi	hundred	cien	这本书一百块钱。	This book costs a hundred yuan.	Este libro cuesta cien yuanes.			数字100	The number 100	El número 100	HSK1
半	半	bàn	half	medio / mitad	现在三点半。	It's half past three now.	Ahora son las tres y media.	一半 (yí bàn) - half	一半 (yí bàn) - la mitad	二分之一	One of two equal parts	Una de dos partes iguales	HSK1
包子	包子	bāo zi	steamed bun	bollo relleno al vapor	这家店的包子很好吃。	The buns at this shop are delicious.	Los baozi de esta tienda están muy ricos.	饺子 (jiǎo zi) - dumpling	饺子 (jiǎo zi) - empanadilla china	一种有馅的面食	A steamed bun with filling	Un alimento de masa cocido al vapor con relleno	HSK1
杯子	杯子	bēi zi	cup	vaso / taza	杯子在桌子上。	The cup is on the table.	El vaso está sobre la mesa.			用来喝水的器皿	A container for drinking	Un recipiente para beber	HSK1
本	本	běn	CL: books	(clasificador para libros)	我买了一本书。	I bought a book.	Compré un libro.			用于书籍的量词	Measure word for books	Clasificador usado para libros	HSK1
边	邊	biān	side	lado	她在河边跑步。	She runs by the river.	Ella corre junto al río.	旁边 (páng biān) - beside	旁边 (páng biān) - al lado	物体的旁边或界限	The side or edge of something	El lado o límite de algo	HSK1
病	病	bìng	illness	enfermedad	他生病了，没来上课。	He is sick and didn't come to class.	Él está enfermo y no vino a clase.	疾病 (jí bìng) - disease	疾病 (jí bìng) - enfermedad	身体不舒服，不健康的状态	A state of poor health	Un estado de mala salud del cuerpo	HSK1
不客气	不客氣	bù kè qi	you're welcome	de nada	谢谢你！不客气。	Thank you! You're welcome.	¡Gracias! De nada.			回答别人道谢时说的话	A polite reply to being thanked	Respuesta cortés cuando alguien da las gracias	HSK1
不要	不要	bú yào	don't	no (imperativo)	上课的时候不要说话。	Don't talk during class.	No hables durante la clase.	别 (bié) - don't	别 (bié) - no (hagas)	表示禁止或劝阻	Used to forbid or discourage an action	Se usa para prohibir o disuadir una acción	HSK1
不	不	bù	not	no	我不喜欢咖啡。	I don't like coffee.	No me gusta el café.			用于否定	Used for negation	Se usa para la negación	HSK1
菜	菜	cài	dish; vegetable	plato / verdura	这道菜很好吃。	This dish is delicious.	Este plato está muy rico.			做熟的饭菜或蔬菜	Cooked food or vegetables	Comida cocinada o verduras	HSK1
茶	茶	chá	tea	té	你想喝茶吗？	Would you like some tea?	¿Quieres tomar té?			一种饮料	A beverage made from tea leaves	Una bebida hecha con hojas de té	HSK1
唱	唱	chàng	to sing	cantar	她很会唱歌。	She sings very well.	Ella canta muy bien.			用嗓子发出音乐性的声音	To produce musical sounds with one's voice	Producir sonidos musicales con la voz	HSK1
超市	超市	chāo shì	supermarket	supermercado	我想去超市买东西。	I want to go to the supermarket to buy things.	Quiero ir al supermercado a comprar cosas.	商店 (shāng diàn) - shop	商店 (shāng diàn) - tienda	卖各种商品的大商店	A large store selling many kinds of goods	Una tienda grande que vende todo tipo de productos	HSK1
车	車	chē	car; vehicle	coche / vehículo	她的车很新。	Her car is new.	Su coche es nuevo.			有轮子的交通工具	A wheeled vehicle	Un vehículo con ruedas	HSK1
吃	吃	chī	to eat	comer	你吃什么？	What are you eating?	¿Qué vas a comer?			把食物放进嘴里咽下去	To put food in the mouth and swallow it	Poner comida en la boca y tragarla	HSK1
出租车	出租車	chū zū chē	taxi	taxi	出租车很便宜。	The taxi is cheap.	El taxi es barato.	的士 (dí shì) - taxi	的士 (dí shì) - taxi	载客收费的汽车	A car that carries passengers for a fee	Un coche que transporta pasajeros a cambio de dinero	HSK1
穿	穿	chuān	to wear	vestir / ponerse	你穿的衣服很好看。	The clothes you're wearing look nice.	La ropa que llevas puesta es muy bonita.			把衣服鞋帽等套在身上	To put on clothes, shoes, etc.	Ponerse ropa, zapatos, etc.	HSK1
打电话	打電話	dǎ diàn huà	to make a phone call	llamar por teléfono	给你爸爸打电话。	Call your dad.	Llama a tu papá.			用电话联系别人	To contact someone by telephone	Contactar a alguien por teléfono	HSK1
大	大	dà	big	grande	这家商店很大。	This shop is very big.	Esta tienda es muy grande.	巨大 (jù dà) - huge	巨大 (jù dà) - enorme	体积、面积等超过一般标准	Larger than average in size	Que supera el tamaño o volumen habitual	HSK1
大家	大家	dà jiā	everyone	todos	大家都喜欢这只小猫。	Everyone likes this kitten.	A todos les gusta este gatito.	大伙儿 (dà huǒr) - everybody	大伙儿 (dà huǒr) - todo el mundo	指一定范围内所有的人	All the people in a group	Todas las personas dentro de un grupo determinado	HSK1
大学	大學	dà xué	university	universidad	我今年上大学。	I'm starting university this year.	Este año empiezo la universidad.			中学以后的高等学校	A higher education institution after secondary school	Institución de educación superior después de la secundaria	HSK1
大学生	大學生	dà xué shēng	university student	estudiante universitario	我们都是大学生。	We are all university students.	Todos somos estudiantes universitarios.			在大学学习的学生	A student studying at a university	Un estudiante que estudia en la universidad	HSK1
到	到	dào	to arrive	llegar	他还没到。	He hasn't arrived yet.	Él todavía no ha llegado.	抵达 (dǐ dá) - to arrive	抵达 (dǐ dá) - llegar	到达某个地方或时间	To reach a place or point in time	Llegar a un lugar o momento determinado	HSK1
的	的	de	possessive particle	partícula posesiva	这是我的电脑。	This is my computer.	Este es mi ordenador.			用在名词前表示所属关系	Used before a noun to show possession	Se usa antes de un sustantivo para indicar posesión	HSK1
第	第	dì	ordinal prefix	prefijo ordinal	他是第一名。	He is number one.	Él es el número uno.			用在数字前表示次序	Placed before a number to show order	Se coloca antes de un número para indicar orden	HSK1
弟弟	弟弟	dì di	younger brother	hermano menor	他是我弟弟。	He is my younger brother.	Él es mi hermano menor.	兄弟 (xiōng dì) - brother	兄弟 (xiōng dì) - hermano	比自己小的男性兄弟	One's younger male sibling	El hermano varón menor que uno mismo	HSK1
点	點	diǎn	o'clock; a little	en punto / un poco	现在是八点。	It's eight o'clock now.	Ahora son las ocho.	一点儿 (yì diǎnr) - a bit	一点儿 (yì diǎnr) - un poco	表示时间的单位，也指少量	Used for telling time; also means a small amount	Unidad para decir la hora; también indica una pequeña cantidad	HSK1
店	店	diàn	shop (suffix)	tienda (sufijo)	这是一家书店。	This is a bookstore.	Esto es una librería.	商店 (shāng diàn) - shop	商店 (shāng diàn) - tienda	卖东西的地方	A place where goods are sold	Un lugar donde se venden cosas	HSK1
电话	電話	diàn huà	telephone	teléfono	他的电话号码是多少？	What's his phone number?	¿Cuál es su número de teléfono?			用来通话的工具	A device used to make calls	Un aparato usado para hablar a distancia	HSK1
电脑	電腦	diàn nǎo	computer	ordenador	我用电脑学习。	I use a computer to study.	Estudio usando el ordenador.			处理信息的电子设备	An electronic device for processing information	Un dispositivo electrónico para procesar información	HSK1
电视	電視	diàn shì	TV	televisión	我们晚上看电视。	We watch TV in the evening.	Por la noche vemos la televisión.			播放节目的电器	An electronic device for watching programs	Un aparato eléctrico para ver programas	HSK1
电影	電影	diàn yǐng	movie	película	这部电影很好看。	This movie is very good.	Esta película es muy buena.			在银幕上放映的影像作品	A film shown on a screen	Una obra audiovisual proyectada en pantalla	HSK1
电影院	電影院	diàn yǐng yuàn	cinema	cine	我们去电影院看电影。	Let's go to the cinema to watch a movie.	Vamos al cine a ver una película.			放映电影的场所	A place where movies are shown	Un lugar donde se proyectan películas	HSK1
东西	東西	dōng xi	thing	cosa	这是什么东西？	What is this thing?	¿Qué es esta cosa?			泛指各种物品	A general word for objects	Palabra general para referirse a objetos	HSK1
都	都	dōu	all	todos / ambos	我们都是学生。	We are all students.	Todos somos estudiantes.			表示总括	Indicates inclusiveness, "all"	Indica totalidad, "todos"	HSK1
读	讀	dú	to read	leer	他喜欢读书。	He likes reading books.	A él le gusta leer libros.			看着文字念出声或理解意思	To look at and understand or speak written text	Mirar un texto y pronunciarlo o comprender su significado	HSK1
读书	讀書	dú shū	to study	estudiar	他每天在家读书。	He studies at home every day.	Él estudia en casa todos los días.	学习 (xué xí) - to study	学习 (xué xí) - estudiar	看书学习	To read and study	Leer y estudiar	HSK1
对	對	duì	correct	correcto	你说得对。	What you said is correct.	Lo que dijiste es correcto.			符合事实或标准	In accordance with facts or standards	Que concuerda con los hechos o la norma	HSK1
对不起	對不起	duì bu qǐ	sorry	lo siento	对不起，我来晚了。	Sorry, I'm late.	Lo siento, llego tarde.			表示道歉	An expression of apology	Expresión de disculpa	HSK1
多	多	duō	much; many	mucho	这里的人很多。	There are many people here.	Aquí hay mucha gente.	许多 (xǔ duō) - many	许多 (xǔ duō) - muchos	数量大	A large quantity	Una gran cantidad	HSK1
多少	多少	duō shao	how much/many	cuánto/s	这个多少钱？	How much is this?	¿Cuánto cuesta esto?			用于询问数量	Used to ask about quantity	Se usa para preguntar por la cantidad	HSK1
儿子	兒子	ér zi	son	hijo	他有一个儿子。	He has a son.	Él tiene un hijo.	男孩 (nán hái) - boy	男孩 (nán hái) - chico	男性子女	One's male child	El hijo varón de alguien	HSK1
二	二	èr	two	dos	我有二十块钱。	I have twenty yuan.	Tengo veinte yuanes.	两 (liǎng) - two	两 (liǎng) - dos	数字2	The number 2	El número 2	HSK1
饭	飯	fàn	meal; rice	comida / arroz	我们一起吃饭吧。	Let's eat together.	Comamos juntos.			煮熟的米或一顿食物	Cooked rice or a meal	Arroz cocido o una comida	HSK1
饭店	飯店	fàn diàn	restaurant	restaurante	这家饭店的菜很好吃。	The food at this restaurant is delicious.	La comida de este restaurante está muy rica.	餐厅 (cān tīng) - restaurant	餐厅 (cān tīng) - restaurante	供应饭菜的地方	A place that serves meals	Un lugar donde se sirven comidas	HSK1
房间	房間	fáng jiān	room	habitación	我的房间很大。	My room is big.	Mi habitación es grande.			房子内隔开的一间空间	A separated space inside a house	Un espacio separado dentro de una casa	HSK1
非常	非常	fēi cháng	very	muy	今天非常热。	It's very hot today.	Hoy hace mucho calor.	很 (hěn) - very	很 (hěn) - muy	表示程度很高	Indicates a high degree	Indica un grado muy alto	HSK1
飞机	飛機	fēi jī	airplane	avión	我们坐飞机去北京。	We're flying to Beijing.	Vamos a Pekín en avión.			在空中飞行的交通工具	A vehicle that flies in the air	Un vehículo que vuela por el aire	HSK1
分	分	fēn	minute; to divide	minuto / dividir	现在三点十分。	It's ten past three now.	Ahora son las tres y diez.			时间单位，也指分开	A unit of time; also means to divide	Unidad de tiempo; también significa dividir	HSK1
分钟	分鐘	fēn zhōng	minute	minuto	休息十分钟。	Take a ten-minute break.	Descansa diez minutos.			计时单位，六十秒	A unit of time equal to sixty seconds	Unidad de tiempo equivalente a sesenta segundos	HSK1
高兴	高興	gāo xìng	happy	contento / feliz	认识你我很高兴。	I'm happy to meet you.	Me alegro de conocerte.	开心 (kāi xīn) - happy	开心 (kāi xīn) - feliz	心情愉快	A cheerful state of mind	Un estado de ánimo alegre	HSK1
歌	歌	gē	song	canción	她唱了一首歌。	She sang a song.	Ella cantó una canción.			可以唱的音乐作品	A piece of music that can be sung	Una obra musical que se puede cantar	HSK1
哥哥	哥哥	gē ge	older brother	hermano mayor	我哥哥在北京工作。	My older brother works in Beijing.	Mi hermano mayor trabaja en Pekín.	兄弟 (xiōng dì) - brother	兄弟 (xiōng dì) - hermano	比自己大的男性兄弟	One's elder male sibling	El hermano varón mayor que uno mismo	HSK1
个	個	gè	measure word	(clasificador general)	我有三个苹果。	I have three apples.	Tengo tres manzanas.			用于人或事物的通用量词	A general measure word for people or things	Clasificador general para personas o cosas	HSK1
给	給	gěi	to give	dar	妈妈给我一本书。	Mom gave me a book.	Mamá me dio un libro.			使别人得到某物	To let someone have something	Hacer que otra persona reciba algo	HSK1
公司	公司	gōng sī	company	empresa	他在一家公司工作。	He works at a company.	Él trabaja en una empresa.			从事生产经营活动的组织	An organization engaged in business	Una organización dedicada a la actividad empresarial	HSK1
工作	工作	gōng zuò	work; job	trabajo / trabajar	他每天都要工作。	He has to work every day.	Él tiene que trabajar todos los días.			从事的职业或劳动	One's job or labor	La profesión o labor que uno realiza	HSK1
狗	狗	gǒu	dog	perro	这只狗很可爱。	This dog is very cute.	Este perro es muy simpático.			一种常见的宠物动物	A common pet animal	Un animal de compañía muy común	HSK1
贵	貴	guì	expensive	caro	这件衣服太贵了。	This piece of clothing is too expensive.	Esta prenda es demasiado cara.	便宜 (pián yi) - cheap（反义）	便宜 (pián yi) - barato (antónimo)	价钱高	High in price	De precio alto	HSK1
国	國	guó	country	país	中国是一个大国。	China is a large country.	China es un país grande.	国家 (guó jiā) - nation	国家 (guó jiā) - nación	一个独立的政治地区	An independent political territory	Una región política independiente	HSK1
还	還	hái	still; also	todavía / también	他还没起床。	He hasn't gotten up yet.	Él todavía no se ha levantado.			表示动作或状态持续	Indicates continuation of an action or state	Indica que una acción o estado continúa	HSK1
孩子	孩子	hái zi	child	niño/a	她有两个孩子。	She has two children.	Ella tiene dos hijos.	小孩 (xiǎo hái) - kid	小孩 (xiǎo hái) - niño	年龄小的人	A young person	Una persona de corta edad	HSK1
汉语	漢語	hàn yǔ	Chinese language	idioma chino	我在学汉语。	I'm learning Chinese.	Estoy aprendiendo chino.	中文 (zhōng wén) - Chinese	中文 (zhōng wén) - chino	汉族的语言	The language of the Han Chinese people	La lengua del pueblo han	HSK1
汉字	漢字	hàn zì	Chinese character	carácter chino	这个汉字很难写。	This Chinese character is hard to write.	Este carácter chino es difícil de escribir.			记录汉语的文字符号	The written symbols used for Chinese	Los símbolos escritos que se usan para el chino	HSK1
好	好	hǎo	good	bueno	今天天气很好。	The weather is nice today.	Hoy hace muy buen tiempo.	不错 (bú cuò) - good	不错 (bú cuò) - bueno	令人满意的	Satisfactory or pleasing	Que resulta satisfactorio o agradable	HSK1
好吃	好吃	hǎo chī	tasty	rico / sabroso	这个苹果很好吃。	This apple is delicious.	Esta manzana está muy rica.	美味 (měi wèi) - delicious	美味 (měi wèi) - delicioso	食物味道好	Food that tastes good	Comida que tiene buen sabor	HSK1
好看	好看	hǎo kàn	good-looking	bonito / atractivo	这部电影很好看。	This movie is very good.	Esta película es muy buena.	漂亮 (piào liang) - pretty	漂亮 (piào liang) - bonito	看起来令人喜欢	Pleasant to look at	Que resulta agradable a la vista	HSK1
好听	好聽	hǎo tīng	nice (sound)	agradable de oír	这首歌很好听。	This song sounds very nice.	Esta canción suena muy bien.			声音悦耳	Pleasant to listen to	Que suena agradable al oído	HSK1
好玩儿	好玩兒	hǎo wánr	fun	divertido	这个游戏很好玩儿。	This game is very fun.	Este juego es muy divertido.	有意思 (yǒu yì si) - interesting	有意思 (yǒu yì si) - interesante	使人感到有趣	Something that is enjoyable	Algo que resulta entretenido	HSK1
号	號	hào	number; day	número / día (del mes)	今天几号？	What's the date today?	¿Qué día es hoy?			表示日期或编号	Used for dates or numbering	Se usa para fechas o numeración	HSK1
喝	喝	hē	to drink	beber	你想喝点茶吗？	Would you like some tea?	¿Quieres tomar té?			把液体咽下去	To swallow a liquid	Tragar un líquido	HSK1
和	和	hé	and; with	y / con	我和我朋友去看电影。	My friend and I are going to a movie.	Mi amigo y yo vamos al cine.	跟 (gēn) - with	跟 (gēn) - con	表示并列关系	Indicates a connection between two things	Indica una relación de conjunto entre dos elementos	HSK1
很	很	hěn	very	muy	他很高。	He is very tall.	Él es muy alto.	非常 (fēi cháng) - very	非常 (fēi cháng) - muy	表示程度深	Indicates a high degree	Indica un grado alto	HSK1
后	後	hòu	behind; after	detrás / después	下课后我们去吃饭。	After class, we'll go eat.	Después de clase iremos a comer.			时间或位置在后面	Later in time or position at the back	Posterior en el tiempo o situado en la parte de atrás	HSK1
回	回	huí	to return	volver / regresar	他回家了。	He went home.	Él se fue a casa.			从别处到原来的地方	To go back to the original place	Ir de un lugar al lugar de origen	HSK1
会	會	huì	can; will	saber (hacer algo) / poder	我会说中文。	I can speak Chinese.	Sé hablar chino.	能 (néng) - can	能 (néng) - poder	表示有能力做某事，或表示将来	Indicates ability, or a future event	Indica capacidad para hacer algo, o un hecho futuro	HSK1
火车	火車	huǒ chē	train	tren	我们坐火车去上海。	We're taking the train to Shanghai.	Vamos a Shanghái en tren.			在铁轨上行驶的交通工具	A vehicle that runs on rails	Un vehículo que circula sobre raíles	HSK1
鸡蛋	雞蛋	jī dàn	egg	huevo	我早上吃了一个鸡蛋。	I ate an egg this morning.	Esta mañana comí un huevo.			鸡下的蛋	An egg laid by a chicken	Un huevo puesto por una gallina	HSK1
几	幾	jǐ	how many; a few	cuántos / algunos	你家有几个人？	How many people are in your family?	¿Cuántas personas hay en tu familia?			用于询问数量或表示少量	Used to ask "how many" or indicate a small number	Se usa para preguntar "cuántos" o indicar una pequeña cantidad	HSK1
家	家	jiā	home; family	casa / familia	我家在北京。	My home is in Beijing.	Mi casa está en Pekín.	家庭 (jiā tíng) - family	家庭 (jiā tíng) - familia	共同生活的亲属和居住处	One's household and residence	El hogar y los familiares con los que se convive	HSK1
家人	家人	jiā rén	family member	familiar	我很爱我的家人。	I love my family very much.	Quiero mucho a mi familia.	家庭 (jiā tíng) - family	家庭 (jiā tíng) - familia	同一家庭里的成员	Members of the same family	Los miembros de una misma familia	HSK1
见	見	jiàn	to see	ver	明天见！	See you tomorrow!	¡Hasta mañana!	看见 (kàn jiàn) - to see	看见 (kàn jiàn) - ver	看到，遇到	To see or meet	Ver o encontrarse con alguien	HSK1
件	件	jiàn	CL: items	(clasificador: ropa, asuntos)	我买了一件衣服。	I bought a piece of clothing.	Compré una prenda de ropa.			用于衣服、事情等的量词	Measure word for clothes, matters, etc.	Clasificador para ropa, asuntos, etc.	HSK1
饺子	餃子	jiǎo zi	dumpling	empanadilla china (jiaozi)	妈妈包的饺子很好吃。	The dumplings mom made are delicious.	Las empanadillas que hace mamá están muy ricas.	包子 (bāo zi) - steamed bun	包子 (bāo zi) - bollo al vapor	一种有馅的传统食品	A traditional filled food	Un alimento tradicional relleno	HSK1
叫	叫	jiào	to be called	llamarse	你叫什么名字？	What is your name?	¿Cómo te llamas?			起名，或大声呼喊	To be named, or to shout	Tener por nombre, o gritar	HSK1
姐姐	姐姐	jiě jie	older sister	hermana mayor	我姐姐是医生。	My older sister is a doctor.	Mi hermana mayor es médica.	姐妹 (jiě mèi) - sisters	姐妹 (jiě mèi) - hermanas	比自己大的女性姐妹	One's elder female sibling	La hermana mayor que uno mismo	HSK1
今年	今年	jīn nián	this year	este año	今年我二十岁。	I'm twenty years old this year.	Este año cumplo veinte años.			现在的这一年	The current year	El año actual	HSK1
今天	今天	jīn tiān	today	hoy	今天天气很好。	The weather is nice today.	Hoy hace muy buen tiempo.			现在的这一天	The current day	El día actual	HSK1
九	九	jiǔ	nine	nueve	现在九点了。	It's nine o'clock now.	Ya son las nueve.			数字9	The number 9	El número 9	HSK1
觉得	覺得	jué de	to feel; to think	sentir / pensar	我觉得这本书很好。	I think this book is very good.	Creo que este libro es muy bueno.	认为 (rèn wéi) - to think	认为 (rèn wéi) - considerar	对事物的看法或感受	One's opinion or feeling about something	La opinión o sensación de alguien sobre algo	HSK1
开	開	kāi	to open; to drive	abrir / conducir	请开门。	Please open the door.	Abre la puerta, por favor.			使关闭的东西变成打开状态	To make something that was closed become open	Hacer que algo cerrado pase a estar abierto	HSK1
开车	開車	kāi chē	to drive	conducir	他每天开车上班。	He drives to work every day.	Él conduce al trabajo todos los días.			驾驶车辆	To operate a vehicle	Manejar un vehículo	HSK1
看	看	kàn	to look; to watch	mirar / ver	你在看什么？	What are you looking at?	¿Qué estás mirando?			用眼睛感受事物	To perceive something with the eyes	Percibir algo con los ojos	HSK1
看病	看病	kàn bìng	to see a doctor	ir al médico	他去医院看病。	He went to the hospital to see a doctor.	Él fue al hospital a que lo viera un médico.			因生病去医院请医生检查治疗	To go to a doctor for illness	Ir al hospital para que un médico examine y trate una enfermedad	HSK1
看见	看見	kàn jiàn	to see	ver	我看见他了。	I saw him.	Lo vi.	见 (jiàn) - to see	见 (jiàn) - ver	看到，感知到	To perceive with the eyes	Percibir con los ojos	HSK1
可以	可以	kě yǐ	can; may	poder / se puede	我可以进来吗？	May I come in?	¿Puedo entrar?	能 (néng) - can	能 (néng) - poder	表示许可或能够	Indicates permission or ability	Indica permiso o capacidad	HSK1
课	課	kè	lesson; class	clase / lección	我们今天有汉语课。	We have a Chinese class today.	Hoy tenemos clase de chino.			教学的科目或单元	A subject or unit of teaching	Una asignatura o unidad de enseñanza	HSK1
口	口	kǒu	mouth	boca	他的口很大。	His mouth is big.	Tiene la boca grande.			人或动物用来吃东西说话的器官	The organ used for eating and speaking	El órgano usado para comer y hablar	HSK1
块	塊	kuài	piece; yuan	trozo / yuan	这个蛋糕十块钱。	This cake costs ten yuan.	Este pastel cuesta diez yuanes.	元 (yuán) - yuan	元 (yuán) - yuan	口语中的货币单位，也指块状物	Colloquial unit of currency; also a piece/chunk	Unidad coloquial de moneda; también un trozo	HSK1
来	來	lái	to come	venir	他明天来我家。	He'll come to my house tomorrow.	Él vendrá mañana a mi casa.			从别处到说话人所在的地方	To move toward the speaker's location	Moverse hacia el lugar donde está quien habla	HSK1
老师	老師	lǎo shī	teacher	profesor/a	她是我的汉语老师。	She is my Chinese teacher.	Ella es mi profesora de chino.	教师 (jiào shī) - teacher	教师 (jiào shī) - docente	教学生知识的人	A person who teaches students	Una persona que enseña a los estudiantes	HSK1
了	了	le	particle (completed action)	partícula (acción completada)	我吃饭了。	I have eaten.	Ya he comido.			表示动作完成或变化	Indicates a completed action or a change	Indica que una acción se ha completado o un cambio	HSK1
冷	冷	lěng	cold	frío	今天很冷。	It's cold today.	Hoy hace frío.	凉 (liáng) - cool	凉 (liáng) - fresco	温度低	Low in temperature	De temperatura baja	HSK1
里	裡	lǐ	inside	dentro	书在包里。	The book is in the bag.	El libro está en la bolsa.			内部，与"外"相对	The inner part, opposite of "outside"	La parte interior, opuesto a "fuera"	HSK1
两	兩	liǎng	two	dos	我有两本书。	I have two books.	Tengo dos libros.	二 (èr) - two	二 (èr) - dos	数字2，多用于量词前	The number two, used before a measure word	El número 2, se usa antes de un clasificador	HSK1
零	零	líng	zero	cero	现在是零度。	It's zero degrees now.	Ahora estamos a cero grados.			数字0	The number 0	El número 0	HSK1
六	六	liù	six	seis	现在六点了。	It's six o'clock.	Ya son las seis.			数字6	The number 6	El número 6	HSK1
妈妈	媽媽	mā ma	mom	mamá	我妈妈是医生。	My mom is a doctor.	Mi mamá es médica.	母亲 (mǔ qīn) - mother	母亲 (mǔ qīn) - madre	对母亲的称呼	A word for one's mother	Forma de llamar a la madre	HSK1
吗	嗎	ma	question particle	partícula interrogativa	你是学生吗？	Are you a student?	¿Eres estudiante?			用于是非问句句末	Used at the end of a yes/no question	Se usa al final de una pregunta de sí o no	HSK1
买	買	mǎi	to buy	comprar	我要买一件衣服。	I want to buy a piece of clothing.	Quiero comprar una prenda de ropa.			用钱换取东西	To acquire something with money	Adquirir algo a cambio de dinero	HSK1
卖	賣	mài	to sell	vender	这家店卖水果。	This shop sells fruit.	Esta tienda vende fruta.			用东西换取钱	To exchange goods for money	Intercambiar mercancía por dinero	HSK1
忙	忙	máng	busy	ocupado	他最近很忙。	He has been busy recently.	Últimamente ha estado muy ocupado.			事情多，没有空闲	Having a lot to do, no free time	Tener mucho que hacer, sin tiempo libre	HSK1
猫	貓	māo	cat	gato	这只猫很漂亮。	This cat is very pretty.	Este gato es muy bonito.	狗 (gǒu) - dog	狗 (gǒu) - perro	一种常见的宠物动物	A common pet animal	Un animal de compañía muy común	HSK1
没	沒	méi	not (have)	no (haber/tener)	我没时间。	I don't have time.	No tengo tiempo.	不 (bù) - not	不 (bù) - no	用于否定过去或"有"字	Used to negate the past or the word "have"	Se usa para negar el pasado o la palabra "tener"	HSK1
没关系	沒關係	méi guān xi	never mind	no pasa nada	对不起。没关系。	Sorry. Never mind.	Lo siento. No pasa nada.			表示不要紧，不用在意	Used to say something doesn't matter	Se usa para decir que algo no importa	HSK1
没事	沒事	méi shì	it's nothing	no es nada	你没事吧？没事。	Are you okay? I'm fine.	¿Estás bien? No es nada.	没关系 (méi guān xi) - never mind	没关系 (méi guān xi) - no pasa nada	表示没有问题或不要紧	Indicates there's no problem	Indica que no hay ningún problema	HSK1
没有	沒有	méi yǒu	don't have	no tener	我没有钱。	I don't have money.	No tengo dinero.			表示不具有或不存在	Indicates the absence of something	Indica la ausencia de algo	HSK1
妹妹	妹妹	mèi mei	younger sister	hermana menor	我妹妹在上学。	My younger sister is at school.	Mi hermana menor está en el colegio.	姐妹 (jiě mèi) - sisters	姐妹 (jiě mèi) - hermanas	比自己小的女性姐妹	One's younger female sibling	La hermana menor que uno mismo	HSK1
们	們	men	plural marker	marcador de plural	老师们都很好。	The teachers are all nice.	Los profesores son todos muy buenos.			加在代词或名词后表示复数	Added after a pronoun/noun to show plural	Se añade tras un pronombre o sustantivo para indicar plural	HSK1
米饭	米飯	mǐ fàn	cooked rice	arroz cocido	中午我吃米饭。	I'm eating rice for lunch.	Al mediodía como arroz.			煮熟的稻米	Steamed/cooked rice	Arroz cocinado al vapor o hervido	HSK1
面包	麵包	miàn bāo	bread	pan	早上我吃面包。	I eat bread in the morning.	Por la mañana como pan.			用面粉烤制的食物	Food baked from flour	Alimento horneado hecho de harina	HSK1
面条儿	麵條兒	miàn tiáor	noodles	fideos	我喜欢吃面条儿。	I like eating noodles.	Me gusta comer fideos.			用面粉做的条状食品	Long thin food made from flour	Alimento alargado hecho de harina	HSK1
明年	明年	míng nián	next year	el año que viene	明年我要去中国。	Next year I'm going to China.	El año que viene iré a China.			今年的下一年	The year after this one	El año siguiente a este	HSK1
明天	明天	míng tiān	tomorrow	mañana	明天见。	See you tomorrow.	Hasta mañana.			今天的下一天	The day after today	El día siguiente a hoy	HSK1
名字	名字	míng zi	name	nombre	你叫什么名字？	What is your name?	¿Cómo te llamas?	姓名 (xìng míng) - full name	姓名 (xìng míng) - nombre completo	用来称呼人或事物的词	The word used to refer to a person or thing	La palabra usada para referirse a una persona o cosa	HSK1
哪	哪	nǎ	which	cuál	你是哪国人？	Which country are you from?	¿De qué país eres?			用于询问选择	Used to ask about a choice	Se usa para preguntar por una elección	HSK1
哪个	哪個	nǎ ge	which one	cuál (de ellos)	你要哪个？	Which one do you want?	¿Cuál quieres?			用于询问具体的一个	Used to ask about a specific one	Se usa para preguntar por uno concreto	HSK1
哪里	哪裡	nǎ lǐ	where	dónde	你在哪里？	Where are you?	¿Dónde estás?	哪儿 (nǎr) - where	哪儿 (nǎr) - dónde	用于询问地点	Used to ask about a location	Se usa para preguntar por un lugar	HSK1
哪儿	哪兒	nǎr	where	dónde	你去哪儿？	Where are you going?	¿A dónde vas?	哪里 (nǎ lǐ) - where	哪里 (nǎ lǐ) - dónde	用于询问地点，口语常用	Used to ask about a location, colloquial	Se usa para preguntar por un lugar, coloquial	HSK1
哪些	哪些	nǎ xiē	which ones	cuáles	你喜欢哪些书？	Which books do you like?	¿Qué libros te gustan?			用于询问多个选择	Used to ask about multiple choices	Se usa para preguntar por varias opciones	HSK1
那	那	nà	that	ese/esa/eso	那是我的书。	That is my book.	Ese es mi libro.	那个 (nà ge) - that one	那个 (nà ge) - ese	指较远的事物	Refers to something farther away	Señala algo que está más lejos	HSK1
那边	那邊	nà bian	over there	allí / por allá	他在那边。	He is over there.	Él está allí.	那里 (nà lǐ) - there	那里 (nà lǐ) - allí	指较远的方位	Refers to a distant location	Señala una posición lejana	HSK1
那个	那個	nà ge	that one	ese/esa (concreto)	那个人是谁？	Who is that person?	¿Quién es esa persona?	那 (nà) - that	那 (nà) - ese	指较远的具体事物	A specific thing that is farther away	Un objeto concreto que está más lejos	HSK1
那里	那裡	nà lǐ	there	allí	书在那里。	The book is there.	El libro está allí.	那儿 (nàr) - there	那儿 (nàr) - allí	指较远的地点	A place that is farther away	Un lugar que está más lejos	HSK1
那儿	那兒	nàr	there	allí	他住在那儿。	He lives there.	Él vive allí.	那里 (nà lǐ) - there	那里 (nà lǐ) - allí	指较远的地点，口语常用	A place farther away, colloquial	Un lugar más lejano, coloquial	HSK1
那些	那些	nà xiē	those	esos/esas	那些人是我的同学。	Those people are my classmates.	Esas personas son mis compañeros de clase.			指较远的多个事物	Refers to several distant things	Señala varias cosas lejanas	HSK1
男	男	nán	male	hombre / masculino	他是男的。	He is male.	Él es hombre.	女 (nǚ) - female（反义）	女 (nǚ) - mujer (antónimo)	性别为男性	Belonging to the male sex	Que pertenece al sexo masculino	HSK1
男朋友	男朋友	nán péng you	boyfriend	novio	她的男朋友很高。	Her boyfriend is very tall.	Su novio es muy alto.			恋爱关系中的男性	The male partner in a relationship	La pareja masculina en una relación	HSK1
呢	呢	ne	particle (question)	partícula (pregunta)	我很好，你呢？	I'm good, and you?	Yo estoy bien, ¿y tú?			用于疑问句，询问对方情况	Used in questions to ask about someone/something	Se usa en preguntas para preguntar por algo o alguien	HSK1
能	能	néng	can; be able to	poder	我能帮你。	I can help you.	Puedo ayudarte.	会 (huì) - can	会 (huì) - saber/poder	表示有能力或可能性	Indicates ability or possibility	Indica capacidad o posibilidad	HSK1
你	你	nǐ	you	tú	你叫什么名字？	What's your name?	¿Cómo te llamas?			称呼对方	Used to address the listener	Se usa para dirigirse al interlocutor	HSK1
你好	你好	nǐ hǎo	hello	hola	你好，很高兴认识你。	Hello, nice to meet you.	Hola, encantado de conocerte.			见面时的问候语	A greeting used when meeting someone	Un saludo que se usa al conocer a alguien	HSK1
你们	你們	nǐ men	you (plural)	vosotros/ustedes	你们是学生吗？	Are you (all) students?	¿Sois estudiantes?			称呼对方多人	Used to address multiple listeners	Se usa para dirigirse a varios interlocutores	HSK1
年	年	nián	year	año	一年有十二个月。	A year has twelve months.	Un año tiene doce meses.			时间单位，十二个月	A unit of time equal to twelve months	Unidad de tiempo equivalente a doce meses	HSK1
您	您	nín	you (polite)	usted	您好，请问怎么走？	Hello, excuse me, how do I get there?	Buenos días, ¿por dónde se va?	你 (nǐ) - you	你 (nǐ) - tú	对对方的尊称	A polite form of "you"	Forma respetuosa de decir "tú"	HSK1
牛奶	牛奶	niú nǎi	milk	leche	我早上喝牛奶。	I drink milk in the morning.	Por la mañana bebo leche.			牛产的奶	Milk produced by cows	La leche producida por las vacas	HSK1
女	女	nǚ	female	mujer / femenino	她是女的。	She is female.	Ella es mujer.	男 (nán) - male（反义）	男 (nán) - hombre (antónimo)	性别为女性	Belonging to the female sex	Que pertenece al sexo femenino	HSK1
女儿	女兒	nǚ ér	daughter	hija	他有一个女儿。	He has a daughter.	Él tiene una hija.	女孩 (nǚ hái) - girl	女孩 (nǚ hái) - chica	女性子女	One's female child	La hija de alguien	HSK1
女朋友	女朋友	nǚ péng you	girlfriend	novia	他的女朋友很漂亮。	His girlfriend is very pretty.	Su novia es muy guapa.			恋爱关系中的女性	The female partner in a relationship	La pareja femenina en una relación	HSK1
女士	女士	nǚ shì	lady; Ms.	señora	这位女士是老师。	This lady is a teacher.	Esta señora es profesora.	小姐 (xiǎo jiě) - miss	小姐 (xiǎo jiě) - señorita	对女性的尊称	A polite term for a woman	Un tratamiento respetuoso para una mujer	HSK1
朋友	朋友	péng you	friend	amigo/a	他是我的好朋友。	He is my good friend.	Él es mi buen amigo.	同学 (tóng xué) - classmate	同学 (tóng xué) - compañero de clase	关系亲近、互相信任的人	A close and trusted person	Una persona cercana y de confianza	HSK1
便宜	便宜	pián yi	cheap	barato	这件衣服很便宜。	This piece of clothing is cheap.	Esta prenda es barata.	贵 (guì) - expensive（反义）	贵 (guì) - caro (antónimo)	价钱低	Low in price	De precio bajo	HSK1
漂亮	漂亮	piào liang	pretty	guapo/a / bonito	她很漂亮。	She is very pretty.	Ella es muy guapa.	好看 (hǎo kàn) - good-looking	好看 (hǎo kàn) - bonito	外表好看	Good-looking in appearance	De aspecto atractivo	HSK1
苹果	蘋果	píng guǒ	apple	manzana	我喜欢吃苹果。	I like eating apples.	Me gusta comer manzanas.			一种常见的水果	A common type of fruit	Un tipo de fruta muy común	HSK1
七	七	qī	seven	siete	现在七点了。	It's seven o'clock.	Ya son las siete.			数字7	The number 7	El número 7	HSK1
起床	起床	qǐ chuáng	to get up	levantarse	我每天七点起床。	I get up at seven every day.	Me levanto todos los días a las siete.			睡醒后离开床	To get out of bed after waking up	Salir de la cama al despertarse	HSK1
千	千	qiān	thousand	mil	这本书一千块。	This book costs a thousand yuan.	Este libro cuesta mil yuanes.			数字1000	The number 1000	El número 1000	HSK1
前	前	qián	in front; before	delante / antes	她在我前面。	She is in front of me.	Ella está delante de mí.	以前 (yǐ qián) - before	以前 (yǐ qián) - antes	方位或时间靠前	A position ahead, or an earlier time	Una posición delantera, o un momento anterior	HSK1
钱	錢	qián	money	dinero	你有多少钱？	How much money do you have?	¿Cuánto dinero tienes?			用于买卖交换的东西	The medium used for buying and selling	Lo que se usa para comprar y vender	HSK1
请	請	qǐng	please	por favor	请坐。	Please sit down.	Siéntese, por favor.			用于礼貌地请求	Used to make a polite request	Se usa para hacer una petición cortés	HSK1
请问	請問	qǐng wèn	excuse me	disculpe (para preguntar)	请问，洗手间在哪里？	Excuse me, where is the restroom?	Disculpe, ¿dónde está el baño?			礼貌地询问对方	A polite way to ask a question	Manera cortés de hacer una pregunta	HSK1
去	去	qù	to go	ir	我们去公园吧。	Let's go to the park.	Vamos al parque.			从这里到另一个地方	To move from here to another place	Moverse de aquí a otro lugar	HSK1
去年	去年	qù nián	last year	el año pasado	去年我在中国。	Last year I was in China.	El año pasado estuve en China.			今年的上一年	The year before this one	El año anterior a este	HSK1
热	熱	rè	hot	caliente / calor	今天很热。	It's hot today.	Hoy hace calor.	冷 (lěng) - cold（反义）	冷 (lěng) - frío (antónimo)	温度高	High in temperature	De temperatura alta	HSK1
人	人	rén	person	persona	这里有很多人。	There are many people here.	Aquí hay mucha gente.			能制造工具并使用语言的动物	A being capable of tool use and language	Un ser capaz de usar herramientas y lenguaje	HSK1
认识	認識	rèn shi	to know (someone)	conocer (a alguien)	我认识他。	I know him.	Lo conozco.	知道 (zhī dào) - to know	知道 (zhī dào) - saber	了解或熟悉某人某事	To know or be familiar with someone/something	Conocer o estar familiarizado con alguien o algo	HSK1
日	日	rì	day; sun	día / sol	今天几月几日？	What's today's date?	¿A qué día estamos hoy?			时间单位一天，或指太阳	A day; also refers to the sun	Unidad de tiempo de un día; también se refiere al sol	HSK1
三	三	sān	three	tres	我有三个朋友。	I have three friends.	Tengo tres amigos.			数字3	The number 3	El número 3	HSK1
商店	商店	shāng diàn	shop	tienda	附近有一家商店。	There's a shop nearby.	Cerca hay una tienda.	店 (diàn) - shop	店 (diàn) - tienda	卖东西的地方	A place that sells goods	Un lugar donde se venden cosas	HSK1
上	上	shàng	on; above	encima / sobre	书在桌子上。	The book is on the table.	El libro está sobre la mesa.	下 (xià) - under（反义）	下 (xià) - debajo (antónimo)	位置在高处或前面	A position that is higher or earlier	Una posición más alta o anterior	HSK1
上班	上班	shàng bān	to go to work	ir a trabajar	我九点上班。	I start work at nine.	Empiezo a trabajar a las nueve.	工作 (gōng zuò) - to work	工作 (gōng zuò) - trabajar	按时到工作单位工作	To go to one's workplace to start work	Ir puntualmente al lugar de trabajo	HSK1
上课	上課	shàng kè	to attend class	asistir a clase	我们八点上课。	Our class starts at eight.	Nuestra clase empieza a las ocho.	下课 (xià kè) - to finish class（反义）	下课 (xià kè) - terminar la clase (antónimo)	老师教学或学生听课	To teach or attend a class	Enseñar o asistir a una clase	HSK1
上午	上午	shàng wǔ	morning	mañana (parte del día)	上午我有课。	I have class in the morning.	Por la mañana tengo clase.	早上 (zǎo shang) - morning	早上 (zǎo shang) - mañana	中午之前的时间段	The time before noon	El periodo antes del mediodía	HSK1
上学	上學	shàng xué	to go to school	ir al colegio	他每天走路上学。	He walks to school every day.	Él va al colegio andando todos los días.			到学校学习	To go to school to study	Ir a la escuela a estudiar	HSK1
少	少	shǎo	little; few	poco	这里的人很少。	There are few people here.	Aquí hay poca gente.	多 (duō) - much（反义）	多 (duō) - mucho (antónimo)	数量小	A small quantity	Una cantidad pequeña	HSK1
谁	誰	shéi	who	quién	他是谁？	Who is he?	¿Quién es él?			用于询问人	Used to ask about a person	Se usa para preguntar por una persona	HSK1
什么	什麼	shén me	what	qué	你叫什么名字？	What is your name?	¿Cómo te llamas?			用于询问事物	Used to ask about a thing	Se usa para preguntar por algo	HSK1
生病	生病	shēng bìng	to fall ill	enfermar	他生病了。	He fell ill.	Él cayó enfermo.	病 (bìng) - illness	病 (bìng) - enfermedad	身体出现疾病	To become sick	Contraer una enfermedad	HSK1
十	十	shí	ten	diez	现在十点了。	It's ten o'clock.	Ya son las diez.			数字10	The number 10	El número 10	HSK1
时候	時候	shí hou	moment; time	momento	现在是吃饭的时候。	Now is the time to eat.	Ahora es el momento de comer.	时间 (shí jiān) - time	时间 (shí jiān) - tiempo	某一段时间或某一时刻	A certain period or moment in time	Un periodo o momento determinado	HSK1
时间	時間	shí jiān	time	tiempo	我没有时间。	I don't have time.	No tengo tiempo.			事物存在和发展的过程	The dimension in which events occur	La dimensión en la que ocurren los sucesos	HSK1
事	事	shì	matter	asunto	我有点事。	I have something to attend to.	Tengo un asunto que atender.			事情，需要处理的情况	A matter or thing that needs attention	Un asunto o situación que requiere atención	HSK1
是	是	shì	to be; yes	ser / sí	我是学生。	I am a student.	Soy estudiante.			表示判断或肯定	Used to make a statement or affirmation	Se usa para afirmar o hacer una declaración	HSK1
手机	手機	shǒu jī	mobile phone	móvil (teléfono)	我的手机是新的。	My phone is new.	Mi móvil es nuevo.			可以随身携带的电话	A portable telephone	Un teléfono que se puede llevar encima	HSK1
书	書	shū	book	libro	这本书很好看。	This book is very good.	Este libro es muy bueno.			装订成册的著作	A bound written work	Una obra escrita encuadernada	HSK1
书店	書店	shū diàn	bookstore	librería	我们去书店看看。	Let's go check out the bookstore.	Vamos a echar un vistazo a la librería.			卖书的商店	A shop that sells books	Una tienda que vende libros	HSK1
水	水	shuǐ	water	agua	我想喝水。	I want to drink water.	Quiero beber agua.			一种无色透明的液体	A colorless transparent liquid	Un líquido incoloro y transparente	HSK1
水果	水果	shuǐ guǒ	fruit	fruta	她喜欢吃水果。	She likes eating fruit.	A ella le gusta comer fruta.	苹果 (píng guǒ) - apple	苹果 (píng guǒ) - manzana	可以食用的植物果实	Edible fruit from plants	Fruto comestible de las plantas	HSK1
睡	睡	shuì	to sleep	dormir	我很困，想睡了。	I'm sleepy, I want to sleep.	Tengo sueño, quiero dormir.	睡觉 (shuì jiào) - to sleep	睡觉 (shuì jiào) - dormir	进入睡眠状态	To enter a state of sleep	Entrar en estado de sueño	HSK1
睡觉	睡覺	shuì jiào	to sleep	dormir	我晚上十点睡觉。	I go to sleep at ten at night.	Me acuesto a las diez de la noche.	睡 (shuì) - to sleep	睡 (shuì) - dormir	进入睡眠状态	To enter a state of sleep	Entrar en estado de sueño	HSK1
说	說	shuō	to speak	hablar	他说汉语说得很好。	He speaks Chinese very well.	Él habla muy bien chino.			用语言表达意思	To express something with words	Expresar algo con palabras	HSK1
说话	說話	shuō huà	to talk	hablar / conversar	请不要大声说话。	Please don't talk loudly.	Por favor, no hables tan alto.	说 (shuō) - to speak	说 (shuō) - hablar	用语言交流	To communicate using language	Comunicarse mediante el lenguaje	HSK1
四	四	sì	four	cuatro	现在四点了。	It's four o'clock.	Ya son las cuatro.			数字4	The number 4	El número 4	HSK1
岁	歲	suì	years old	años (de edad)	我今年二十岁。	I'm twenty years old this year.	Este año cumplo veinte años.	年龄 (nián líng) - age	年龄 (nián líng) - edad	用于表示年龄	Used to indicate age	Se usa para indicar la edad	HSK1
他	他	tā	he	él	他是我的老师。	He is my teacher.	Él es mi profesor.			指男性第三人称	Third-person pronoun for a male	Pronombre de tercera persona masculino	HSK1
它	它	tā	it	ello (cosa/animal)	它是一只猫。	It is a cat.	Es un gato.			指非人事物的第三人称	Third-person pronoun for non-human things	Pronombre de tercera persona para cosas o animales	HSK1
她	她	tā	she	ella	她是我的朋友。	She is my friend.	Ella es mi amiga.			指女性第三人称	Third-person pronoun for a female	Pronombre de tercera persona femenino	HSK1
他们	他們	tā men	they	ellos	他们是学生。	They are students.	Ellos son estudiantes.			指多个人（男性或混合）	Third-person plural pronoun (male/mixed)	Pronombre de tercera persona plural (masculino/mixto)	HSK1
它们	它們	tā men	they (things)	ellos (cosas)	它们是我的书。	They are my books.	Son mis libros.			指多个非人事物	Third-person plural pronoun for non-human things	Pronombre de tercera persona plural para cosas	HSK1
她们	她們	tā men	they (females)	ellas	她们是我的同学。	They are my classmates.	Ellas son mis compañeras de clase.			指多个女性	Third-person plural pronoun for females	Pronombre de tercera persona plural femenino	HSK1
太	太	tài	too; extremely	demasiado	今天太热了。	It's too hot today.	Hoy hace demasiado calor.			表示程度过分	Indicates an excessive degree	Indica un grado excesivo	HSK1
天	天	tiān	day; sky	día / cielo	今天天气很好。	The weather is nice today.	Hoy hace muy buen tiempo.			时间单位一天，或指天空	A day; also refers to the sky	Unidad de tiempo de un día; también se refiere al cielo	HSK1
天气	天氣	tiān qì	weather	tiempo (meteorológico)	今天天气怎么样？	How's the weather today?	¿Qué tal el tiempo hoy?			大气的冷热、阴晴等状况	Atmospheric conditions like temperature and rain	Las condiciones atmosféricas, como temperatura o lluvia	HSK1
听	聽	tīng	to listen	escuchar	我喜欢听音乐。	I like listening to music.	Me gusta escuchar música.	听见 (tīng jiàn) - to hear	听见 (tīng jiàn) - oír	用耳朵接收声音	To perceive sound with the ears	Percibir el sonido con los oídos	HSK1
听见	聽見	tīng jiàn	to hear	oír	我听见你说话了。	I heard you talking.	Te oí hablar.	听 (tīng) - to listen	听 (tīng) - escuchar	用耳朵感觉到声音	To perceive sound with the ears	Percibir el sonido con los oídos	HSK1
同学	同學	tóng xué	classmate	compañero/a de clase	他是我的同学。	He is my classmate.	Él es mi compañero de clase.	朋友 (péng you) - friend	朋友 (péng you) - amigo	一起学习的人	A person who studies together with you	Una persona que estudia junto a uno	HSK1
外	外	wài	outside	fuera	他在外工作。	He works outside (away from home).	Él trabaja fuera (de casa).	外边 (wài bian) - outside（反义：里 lǐ）	外边 (wài bian) - fuera (antónimo: 里 lǐ)	某个范围之外	Beyond a certain boundary	Más allá de un límite determinado	HSK1
外边	外邊	wài bian	outside	fuera / afuera	外边很冷。	It's cold outside.	Fuera hace frío.	外 (wài) - outside	外 (wài) - fuera	某个地方的外面	The outer part of a place	La parte exterior de un lugar	HSK1
玩	玩	wán	to play	jugar	孩子们在公园玩。	The children are playing in the park.	Los niños juegan en el parque.	玩儿 (wánr) - to play	玩儿 (wánr) - jugar	做使自己快乐的事情	To do something for enjoyment	Hacer algo por diversión	HSK1
晚	晚	wǎn	late; evening	tarde / noche	他来晚了。	He came late.	Llegó tarde.	晚上 (wǎn shang) - evening	晚上 (wǎn shang) - noche	时间靠后，或指夜晚	Later in time, or referring to night	Tarde en el tiempo, o referido a la noche	HSK1
晚饭	晚飯	wǎn fàn	dinner	cena	我们七点吃晚饭。	We eat dinner at seven.	Cenamos a las siete.			晚上吃的饭	The meal eaten in the evening	La comida que se toma por la noche	HSK1
晚上	晚上	wǎn shang	evening	noche	晚上我在家看书。	In the evening I read at home.	Por la noche leo en casa.	晚 (wǎn) - late	晚 (wǎn) - tarde	天黑以后的时间	The time after dark	El tiempo después de anochecer	HSK1
喂	喂	wèi	hey; hello (phone)	oiga / diga (al teléfono)	喂，你好，请问是李老师吗？	Hello, is this Teacher Li?	¿Oiga, es usted el profesor Li?			打招呼或打电话时的用语	A greeting, especially used on the phone	Un saludo, especialmente usado al teléfono	HSK1
问	問	wèn	to ask	preguntar	我想问一个问题。	I want to ask a question.	Quiero hacer una pregunta.			提出问题以求解答	To pose a question seeking an answer	Plantear una pregunta buscando una respuesta	HSK1
问题	問題	wèn tí	question; problem	pregunta / problema	我有一个问题。	I have a question.	Tengo una pregunta.			需要解答或解决的事情	Something requiring an answer or solution	Algo que requiere una respuesta o solución	HSK1
我	我	wǒ	I; me	yo	我是学生。	I am a student.	Soy estudiante.			指说话人自己	First-person pronoun referring to the speaker	Pronombre de primera persona, quien habla	HSK1
我们	我們	wǒ men	we	nosotros	我们是朋友。	We are friends.	Somos amigos.			指说话人和其他人	First-person plural pronoun	Pronombre de primera persona en plural	HSK1
五	五	wǔ	five	cinco	现在五点了。	It's five o'clock.	Ya son las cinco.			数字5	The number 5	El número 5	HSK1
午饭	午飯	wǔ fàn	lunch	almuerzo	我们十二点吃午饭。	We eat lunch at twelve.	Almorzamos a las doce.			中午吃的饭	The meal eaten at noon	La comida que se toma al mediodía	HSK1
喜欢	喜歡	xǐ huan	to like	gustar	我喜欢喝茶。	I like drinking tea.	Me gusta tomar té.	爱 (ài) - to love	爱 (ài) - amar	对人或事物有好感	To have a fondness for someone/something	Sentir agrado por alguien o algo	HSK1
下	下	xià	under; next	debajo / próximo	书在桌子下。	The book is under the table.	El libro está debajo de la mesa.	上 (shàng) - on（反义）	上 (shàng) - encima (antónimo)	位置在低处，或指接下来	A lower position, or "next"	Una posición más baja, o "el próximo"	HSK1
下班	下班	xià bān	to finish work	salir del trabajo	我六点下班。	I finish work at six.	Salgo del trabajo a las seis.	上班 (shàng bān) - to go to work（反义）	上班 (shàng bān) - ir a trabajar (antónimo)	结束一天的工作	To finish one's workday	Terminar la jornada laboral	HSK1
下课	下課	xià kè	to finish class	terminar la clase	下课以后我们去吃饭。	After class, let's go eat.	Después de clase vamos a comer.	上课 (shàng kè) - to attend class（反义）	上课 (shàng kè) - asistir a clase (antónimo)	一节课结束	A class period ends	Termina un periodo de clase	HSK1
下午	下午	xià wǔ	afternoon	tarde (parte del día)	下午我要上课。	I have class in the afternoon.	Por la tarde tengo clase.			中午之后到晚上之前	The time after noon and before evening	El tiempo después del mediodía y antes de la noche	HSK1
下雨	下雨	xià yǔ	to rain	llover	今天下雨了。	It's raining today.	Hoy está lloviendo.			天空落下雨水	Rain falls from the sky	Cae lluvia del cielo	HSK1
先生	先生	xiān sheng	Mister; sir	señor	这位先生是老师。	This gentleman is a teacher.	Este señor es profesor.	女士 (nǚ shì) - Ms.（反义）	女士 (nǚ shì) - señora (antónimo)	对男性的尊称	A polite term for a man	Un tratamiento respetuoso para un hombre	HSK1
现在	現在	xiàn zài	now	ahora	现在几点了？	What time is it now?	¿Qué hora es ahora?			说话时的这个时刻	The present moment	El momento actual	HSK1
想	想	xiǎng	to want; to think	querer / pensar	我想喝水。	I want to drink water.	Quiero beber agua.	觉得 (jué de) - to feel	觉得 (jué de) - sentir	希望做某事，或思考	To wish to do something, or to think	Desear hacer algo, o pensar	HSK1
小	小	xiǎo	small	pequeño	这个杯子很小。	This cup is small.	Esta taza es pequeña.	大 (dà) - big（反义）	大 (dà) - grande (antónimo)	体积、面积等小于一般标准	Smaller than average in size	Menor que el tamaño habitual	HSK1
小朋友	小朋友	xiǎo péng you	child	niño/a (pequeño)	小朋友们在玩游戏。	The children are playing games.	Los niños están jugando.	孩子 (hái zi) - child	孩子 (hái zi) - niño	对儿童的称呼	A term for a young child	Una forma de llamar a un niño pequeño	HSK1
小时	小時	xiǎo shí	hour	hora	我睡了八个小时。	I slept for eight hours.	Dormí ocho horas.			时间单位，六十分钟	A unit of time equal to sixty minutes	Unidad de tiempo equivalente a sesenta minutos	HSK1
小学	小學	xiǎo xué	primary school	escuela primaria	他在小学教书。	He teaches at a primary school.	Él da clases en una escuela primaria.			儿童接受初等教育的学校	A school for elementary education	Una escuela de educación primaria	HSK1
小学生	小學生	xiǎo xué shēng	primary school student	estudiante de primaria	他是小学生。	He is a primary school student.	Él es estudiante de primaria.			在小学学习的学生	A student studying at primary school	Un estudiante que estudia en la escuela primaria	HSK1
些	些	xiē	some	algunos/as	桌子上有一些书。	There are some books on the table.	Hay algunos libros sobre la mesa.	一些 (yì xiē) - some	一些 (yì xiē) - algunos	表示不确定的少量	Indicates an indefinite small amount	Indica una cantidad pequeña e indeterminada	HSK1
写	寫	xiě	to write	escribir	她在写汉字。	She is writing Chinese characters.	Ella está escribiendo caracteres chinos.			用笔在纸上记录文字	To record words on paper with a pen	Registrar palabras en papel con un bolígrafo	HSK1
谢谢	謝謝	xiè xie	thanks	gracias	谢谢你的帮助。	Thanks for your help.	Gracias por tu ayuda.			表示感谢	An expression of gratitude	Una expresión de agradecimiento	HSK1
新	新	xīn	new	nuevo	我买了一个新手机。	I bought a new phone.	Compré un móvil nuevo.	旧 (jiù) - old（反义）	旧 (jiù) - viejo (antónimo)	刚出现或刚使用的	Recently made or used	Recién hecho o usado	HSK1
星期	星期	xīng qī	week	semana	一个星期有七天。	A week has seven days.	Una semana tiene siete días.			时间单位，七天	A unit of time equal to seven days	Unidad de tiempo equivalente a siete días	HSK1
星期日	星期日	xīng qī rì	Sunday	domingo	星期日我不上班。	I don't work on Sundays.	Los domingos no trabajo.	星期天 (xīng qī tiān) - Sunday	星期天 (xīng qī tiān) - domingo	一周的最后一天	The last day of the week	El último día de la semana	HSK1
星期天	星期天	xīng qī tiān	Sunday	domingo	星期天我们去公园。	On Sunday we're going to the park.	El domingo vamos al parque.	星期日 (xīng qī rì) - Sunday	星期日 (xīng qī rì) - domingo	一周的最后一天，口语常用	The last day of the week, colloquial	El último día de la semana, coloquial	HSK1
休息	休息	xiū xi	to rest	descansar	我今天要休息。	I want to rest today.	Hoy quiero descansar.			停止工作以恢复精力	To stop working to recover energy	Dejar de trabajar para recuperar energía	HSK1
学	學	xué	to study	estudiar / aprender	他在学汉语。	He is learning Chinese.	Él está aprendiendo chino.	学习 (xué xí) - to study	学习 (xué xí) - estudiar	学习知识或技能	To acquire knowledge or skills	Adquirir conocimientos o habilidades	HSK1
学生	學生	xué sheng	student	estudiante	她是一名学生。	She is a student.	Ella es estudiante.			在学校学习的人	A person studying at a school	Una persona que estudia en un centro educativo	HSK1
学习	學習	xué xí	to study	estudiar	我每天学习汉语。	I study Chinese every day.	Estudio chino todos los días.	学 (xué) - to study	学 (xué) - estudiar	学习知识或技能的过程	The process of acquiring knowledge or skills	El proceso de adquirir conocimientos o habilidades	HSK1
学校	學校	xué xiào	school	escuela / colegio	我们的学校很大。	Our school is very big.	Nuestra escuela es muy grande.			专门进行教育的机构	An institution dedicated to education	Una institución dedicada a la educación	HSK1
雪	雪	xuě	snow	nieve	外边下雪了。	It's snowing outside.	Está nevando fuera.	雨 (yǔ) - rain	雨 (yǔ) - lluvia	天空落下的白色结晶	White crystals that fall from the sky	Cristales blancos que caen del cielo	HSK1
要	要	yào	to want; must	querer / deber	我要一杯茶。	I want a cup of tea.	Quiero una taza de té.	想 (xiǎng) - to want	想 (xiǎng) - querer	希望得到或必须做	To wish to have, or must do something	Desear tener algo, o tener que hacer algo	HSK1
也	也	yě	also; too	también	我也是学生。	I am also a student.	Yo también soy estudiante.	还 (hái) - also	还 (hái) - también	表示同样情况	Indicates the same applies	Indica que se aplica lo mismo	HSK1
一	一	yī	one	uno	我有一本书。	I have one book.	Tengo un libro.			数字1	The number 1	El número 1	HSK1
衣服	衣服	yī fu	clothes	ropa	这件衣服很漂亮。	This piece of clothing is very pretty.	Esta prenda es muy bonita.			穿在身上的东西	Something worn on the body	Algo que se lleva puesto en el cuerpo	HSK1
医生	醫生	yī shēng	doctor	médico/a	我姐姐是医生。	My older sister is a doctor.	Mi hermana mayor es médica.	大夫 (dài fu) - doctor	大夫 (dài fu) - médico	给人看病的人	A person who treats the sick	Una persona que atiende a los enfermos	HSK1
医院	醫院	yī yuàn	hospital	hospital	他在医院工作。	He works at a hospital.	Él trabaja en un hospital.			治疗病人的地方	A place for treating the sick	Un lugar para tratar a los enfermos	HSK1
一半	一半	yí bàn	half	la mitad	他吃了一半的苹果。	He ate half of the apple.	Se comió la mitad de la manzana.	半 (bàn) - half	半 (bàn) - mitad	二分之一	One of two equal parts	Una de dos partes iguales	HSK1
一下	一下	yí xià	briefly	un momento	请等一下。	Please wait a moment.	Espera un momento, por favor.			用于动词后表示动作短暂	Used after a verb to indicate a brief action	Se usa tras un verbo para indicar una acción breve	HSK1
椅子	椅子	yǐ zi	chair	silla	请坐在椅子上。	Please sit on the chair.	Siéntate en la silla, por favor.	桌子 (zhuō zi) - table	桌子 (zhuō zi) - mesa	供人坐的家具	Furniture for sitting	Un mueble para sentarse	HSK1
一点儿	一點兒	yì diǎnr	a bit	un poco	我有一点儿累。	I'm a bit tired.	Estoy un poco cansado.	有点儿 (yǒu diǎnr) - a bit	有点儿 (yǒu diǎnr) - un poco	表示很少的数量或程度	Indicates a small amount or degree	Indica una cantidad o grado pequeño	HSK1
一些	一些	yì xiē	some	algunos	我买了一些水果。	I bought some fruit.	Compré algo de fruta.	些 (xiē) - some	些 (xiē) - algunos	表示不确定的少量	Indicates an indefinite small amount	Indica una cantidad pequeña e indeterminada	HSK1
有	有	yǒu	to have	tener / haber	我有一本书。	I have a book.	Tengo un libro.	没有 (méi yǒu) - not have（反义）	没有 (méi yǒu) - no tener (antónimo)	表示拥有或存在	Indicates possession or existence	Indica posesión o existencia	HSK1
有的	有的	yǒu de	some (of them)	algunos (de ellos)	学生有的在看书，有的在写字。	Some students are reading, some are writing.	Algunos estudiantes leen, otros escriben.	有些 (yǒu xiē) - some	有些 (yǒu xiē) - algunos	表示一部分	Refers to a part of a group	Se refiere a una parte de un grupo	HSK1
有点儿	有點兒	yǒu diǎnr	a bit	un poco	今天有点儿冷。	It's a bit cold today.	Hoy hace un poco de frío.	一点儿 (yì diǎnr) - a bit	一点儿 (yì diǎnr) - un poco	用在形容词前表示程度轻微	Used before an adjective to indicate a slight degree	Se usa antes de un adjetivo para indicar un grado leve	HSK1
有些	有些	yǒu xiē	some	algunos	有些人喜欢喝茶。	Some people like drinking tea.	A algunas personas les gusta tomar té.	有的 (yǒu de) - some	有的 (yǒu de) - algunos	表示一部分，或表示稍微	Refers to a part, or "somewhat"	Se refiere a una parte, o significa "un poco"	HSK1
雨	雨	yǔ	rain	lluvia	外边正在下雨。	It's raining outside.	Fuera está lloviendo.	雪 (xuě) - snow	雪 (xuě) - nieve	从云中落下的水滴	Water drops falling from clouds	Gotas de agua que caen de las nubes	HSK1
元	元	yuán	yuan (currency)	yuan (moneda)	这本书二十元。	This book costs twenty yuan.	Este libro cuesta veinte yuanes.	块 (kuài) - yuan	块 (kuài) - yuan	中国的货币单位	A unit of Chinese currency	Una unidad de la moneda china	HSK1
月	月	yuè	month; moon	mes / luna	一年有十二个月。	A year has twelve months.	Un año tiene doce meses.			时间单位，也指月亮	A unit of time; also refers to the moon	Unidad de tiempo; también se refiere a la luna	HSK1
再	再	zài	again	de nuevo	请再说一遍。	Please say it again.	Dilo otra vez, por favor.			表示动作重复	Indicates a repeated action	Indica que una acción se repite	HSK1
在	在	zài	at; in; on	estar (en un lugar)	我在家。	I am at home.	Estoy en casa.			表示存在于某处	Indicates being present in a place	Indica que algo está presente en un lugar	HSK1
再见	再見	zài jiàn	goodbye	adiós	老师，再见！	Goodbye, teacher!	¡Adiós, profesor!			分别时说的话	Words said when parting	Palabras que se dicen al despedirse	HSK1
早	早	zǎo	early	temprano	他每天起得很早。	He gets up early every day.	Él se levanta muy temprano todos los días.	早上 (zǎo shang) - morning	早上 (zǎo shang) - mañana	比一般时间靠前	Earlier than usual	Antes de lo habitual	HSK1
早饭	早飯	zǎo fàn	breakfast	desayuno	我七点吃早饭。	I eat breakfast at seven.	Desayuno a las siete.			早上吃的饭	The meal eaten in the morning	La comida que se toma por la mañana	HSK1
早上	早上	zǎo shang	morning	mañana (temprano)	早上我喝牛奶。	In the morning I drink milk.	Por la mañana bebo leche.	上午 (shàng wǔ) - morning	上午 (shàng wǔ) - mañana	一天刚开始的时段	The beginning part of the day	La parte inicial del día	HSK1
怎么	怎麼	zěn me	how	cómo	这个字怎么写？	How do you write this character?	¿Cómo se escribe este carácter?			用于询问方式或原因	Used to ask about a manner or reason	Se usa para preguntar por el modo o la razón	HSK1
怎么样	怎麼樣	zěn me yàng	how about	qué tal	今天天气怎么样？	How's the weather today?	¿Qué tal el tiempo hoy?			用于询问情况或征求意见	Used to ask about a situation or opinion	Se usa para preguntar por una situación u opinión	HSK1
找	找	zhǎo	to look for	buscar	我在找我的手机。	I'm looking for my phone.	Estoy buscando mi móvil.			寻找想要得到的人或物	To search for a person or thing	Buscar a una persona o cosa que se desea encontrar	HSK1
这	這	zhè	this	este/esta/esto	这是我的书。	This is my book.	Este es mi libro.	这个 (zhè ge) - this one	这个 (zhè ge) - este	指较近的事物	Refers to something nearby	Señala algo que está cerca	HSK1
这边	這邊	zhè bian	here	por aquí	请到这边来。	Please come over here.	Ven por aquí, por favor.	这里 (zhè lǐ) - here	这里 (zhè lǐ) - aquí	指较近的方位	Refers to a nearby location	Señala una posición cercana	HSK1
这个	這個	zhè ge	this one	este/esta (concreto)	这个多少钱？	How much is this one?	¿Cuánto cuesta este?	这 (zhè) - this	这 (zhè) - este	指较近的具体事物	A specific thing that is nearby	Un objeto concreto que está cerca	HSK1
这里	這裡	zhè lǐ	here	aquí	我住在这里。	I live here.	Vivo aquí.	这儿 (zhèr) - here	这儿 (zhèr) - aquí	指较近的地点	A place that is nearby	Un lugar que está cerca	HSK1
这儿	這兒	zhèr	here	aquí	他在这儿工作。	He works here.	Él trabaja aquí.	这里 (zhè lǐ) - here	这里 (zhè lǐ) - aquí	指较近的地点，口语常用	A place nearby, colloquial	Un lugar cercano, coloquial	HSK1
这些	這些	zhè xiē	these	estos/estas	这些书都是我的。	These books are all mine.	Todos estos libros son míos.			指较近的多个事物	Refers to several nearby things	Señala varias cosas cercanas	HSK1
真	真	zhēn	really	de verdad / realmente	这个电影真好看。	This movie is really good.	Esta película es realmente buena.	非常 (fēi cháng) - very	非常 (fēi cháng) - muy	表示确实如此	Indicates something is truly the case	Indica que algo es realmente así	HSK1
正在	正在	zhèng zài	in the process of	estar (haciendo algo)	她正在写作业。	She is doing her homework.	Ella está haciendo los deberes.			表示动作正在进行	Indicates an action is ongoing	Indica que una acción está en curso	HSK1
知道	知道	zhī dào	to know	saber	我知道这件事。	I know about this matter.	Sé lo de ese asunto.	认识 (rèn shi) - to know	认识 (rèn shi) - conocer	了解某个事实或情况	To be aware of a fact or situation	Ser consciente de un hecho o situación	HSK1
只	隻	zhī	CL: animals	(clasificador para animales)	那只狗很可爱。	That dog is very cute.	Ese perro es muy simpático.			用于鸟兽等动物的量词	Measure word for birds and certain animals	Clasificador para aves y ciertos animales	HSK1
中国	中國	zhōng guó	China	China	我来自中国。	I come from China.	Vengo de China.			位于亚洲的国家	A country located in Asia	Un país situado en Asia	HSK1
中文	中文	zhōng wén	Chinese language	idioma chino	他会说中文。	He can speak Chinese.	Él sabe hablar chino.	汉语 (hàn yǔ) - Chinese	汉语 (hàn yǔ) - chino	汉族的语言文字	The Chinese language	La lengua y escritura chinas	HSK1
中午	中午	zhōng wǔ	noon	mediodía	中午我们吃饭。	We eat at noon.	Comemos al mediodía.			白天正中的时候	The middle of the day	La mitad del día	HSK1
中学	中學	zhōng xué	middle school	instituto (secundaria)	她在中学教书。	She teaches at a middle school.	Ella da clases en un instituto.			初中和高中阶段的学校	A school for secondary education	Una escuela de educación secundaria	HSK1
中学生	中學生	zhōng xué shēng	middle school student	estudiante de secundaria	他是一名中学生。	He is a middle school student.	Él es estudiante de instituto.			在中学学习的学生	A student studying at a middle school	Un estudiante que estudia en secundaria	HSK1
住	住	zhù	to live	vivir (residir)	他住在北京。	He lives in Beijing.	Él vive en Pekín.			在某处长期生活	To reside in a place	Residir en un lugar de forma continuada	HSK1
桌子	桌子	zhuō zi	table	mesa	书在桌子上。	The book is on the table.	El libro está sobre la mesa.	椅子 (yǐ zi) - chair	椅子 (yǐ zi) - silla	供放东西或写字用的家具	Furniture used for placing things or writing	Un mueble para poner cosas o escribir	HSK1
字	字	zì	character	carácter / palabra	这个字很难写。	This character is hard to write.	Este carácter es difícil de escribir.	汉字 (hàn zì) - Chinese character	汉字 (hàn zì) - carácter chino	记录语言的符号	A symbol used to record language	Un símbolo usado para registrar el lenguaje	HSK1
昨天	昨天	zuó tiān	yesterday	ayer	昨天我很忙。	I was busy yesterday.	Ayer estuve muy ocupado.			今天的前一天	The day before today	El día anterior a hoy	HSK1
坐	坐	zuò	to sit	sentarse	请坐。	Please sit down.	Siéntese, por favor.			使身体的重量落在椅子等物体上	To rest one's body weight on a seat	Apoyar el peso del cuerpo sobre una silla u objeto similar	HSK1
做	做	zuò	to do; to make	hacer	他在做作业。	He is doing his homework.	Está haciendo los deberes.			从事某种活动或制作某物	To engage in an activity or make something	Realizar una actividad o fabricar algo	HSK1
做饭	做飯	zuò fàn	to cook	cocinar	妈妈在做饭。	Mom is cooking.	Mamá está cocinando.	做菜 (zuò cài) - to cook	做菜 (zuò cài) - cocinar	准备和烹饪食物	To prepare and cook food	Preparar y cocinar comida	HSK1
啊	啊	a	ah	ah	啊，你来了！	Ah, you've come!	¡Ah, has venido!	哦 (ó) - oh	哦 (ó) - oh	表示惊讶、感叹的语气词	a particle expressing surprise or exclamation	partícula que expresa sorpresa o exclamación	HSK2
爱好	愛好	àihào	hobby	afición	我的爱好是画画。	My hobby is painting.	Mi afición es pintar.	兴趣 (xìngqù) - interest	兴趣 (xìngqù) - interés	因兴趣而经常从事的活动	an activity regularly pursued out of personal interest	actividad que se practica con frecuencia por interés personal	HSK2
白色	白色	báisè	white	blanco	她喜欢穿白色的衣服。	She likes to wear white clothes.	A ella le gusta llevar ropa blanca.			像雪一样的颜色	the color of snow	color como el de la nieve	HSK2
班	班	bān	class	clase	我们班有三十个学生。	There are thirty students in our class.	Hay treinta estudiantes en nuestra clase.	班级 (bānjí) - class	班级 (bānjí) - clase	学校里的教学单位	a class or group in a school	unidad de enseñanza en una escuela	HSK2
帮	幫	bāng	to help	ayudar	你能帮我一下吗？	Can you help me for a moment?	¿Puedes ayudarme un momento?	帮助 (bāngzhù) - to help	帮助 (bāngzhù) - ayudar	出力使人得到好处或摆脱困难	to lend effort so someone benefits or gets out of trouble	dar ayuda para que alguien se beneficie o salga de una dificultad	HSK2
帮忙	幫忙	bāngmáng	to help	ayudar	谢谢你来帮忙。	Thank you for coming to help.	Gracias por venir a ayudar.	帮助 (bāngzhù) - to help	帮助 (bāngzhù) - ayudar	帮助别人做事	to help someone with a task	ayudar a alguien a hacer algo	HSK2
包	包	bāo	bag	bolsa	她的包里有很多书。	There are many books in her bag.	Hay muchos libros en su bolsa.			用皮、布等做成的盛东西的用具	a container made of leather, cloth, etc., for carrying things	recipiente hecho de cuero, tela, etc., para llevar cosas	HSK2
本子	本子	běnzi	notebook	cuaderno	请把本子拿出来。	Please take out your notebook.	Por favor, saca tu cuaderno.			装订成册用来写字的本	a bound notebook for writing	cuaderno encuadernado para escribir	HSK2
比	比	bǐ	to compare	comparar	今天比昨天冷。	Today is colder than yesterday.	Hoy hace más frío que ayer.			用一种事物与另一种事物较量高低	to measure one thing against another	comparar una cosa con otra	HSK2
笔	筆	bǐ	pen	bolígrafo	这支笔是我的。	This pen is mine.	Este bolígrafo es mío.			用来写字画画的工具	a tool for writing or drawing	herramienta para escribir o dibujar	HSK2
别	別	bié	don't	no	别担心，没问题。	Don't worry, it's no problem.	No te preocupes, no hay problema.	不要 (búyào) - don't	不要 (búyào) - no (imperativo)	用在祈使句里，表示禁止或劝阻	used in imperative sentences to express prohibition	se usa en oraciones imperativas para expresar prohibición	HSK2
不错	不錯	búcuò	not bad	no está mal	这家饭馆的菜不错。	The food at this restaurant is pretty good.	La comida de este restaurante no está mal.	挺好 (tǐng hǎo) - pretty good	挺好 (tǐng hǎo) - bastante bien	令人满意，相当好	satisfactory, quite good	satisfactorio, bastante bueno	HSK2
不好意思	不好意思	bù hǎoyìsi	embarrassed	avergonzado	不好意思，我来晚了。	Sorry, I'm late.	Perdona, he llegado tarde.	抱歉 (bàoqiàn) - sorry	抱歉 (bàoqiàn) - disculpa	感到难为情或抱歉	to feel embarrassed or apologetic	sentirse avergonzado o apenado	HSK2
长	長	cháng	long	largo	她的头发很长。	Her hair is very long.	Su pelo es muy largo.			两端之间的距离大	having a great distance between two ends	que tiene una gran distancia entre sus dos extremos	HSK2
车站	車站	chēzhàn	station	estación	车站离这儿不远。	The station isn't far from here.	La estación no está lejos de aquí.			供车辆停靠、乘客上下车的地方	a place where vehicles stop for passengers	lugar donde se detienen los vehículos para que suban o bajen los pasajeros	HSK2
出	出	chū	to go out	salir	他出了门就走了。	He went out the door and left.	Salió por la puerta y se fue.			从里面到外面	to move from inside to outside	pasar de dentro hacia fuera	HSK2
出国	出國	chūguó	to go abroad	ir al extranjero	他明年打算出国留学。	He plans to study abroad next year.	Planea ir al extranjero a estudiar el año que viene.			离开本国到国外去	to leave one's own country and go abroad	salir del propio país hacia el extranjero	HSK2
出来	出來	chūlái	to come out	salir (hacia aquí)	你能出来一下吗？	Can you come out for a moment?	¿Puedes salir un momento?			从里面到外面，向说话人的方向	to move from inside to outside, toward the speaker	moverse de dentro hacia fuera, en dirección al hablante	HSK2
出门	出門	chūmén	to go out	salir de casa	下雨了，出门要带伞。	It's raining, bring an umbrella when you go out.	Está lloviendo, hay que llevar paraguas al salir.			离开家去外面	to leave home and go outside	salir de casa	HSK2
出去	出去	chūqù	to go out	salir	我们出去走走吧。	Let's go out for a walk.	Vamos a salir a caminar.			从里面到外面，离开说话人的方向	to move from inside to outside, away from the speaker	moverse de dentro hacia fuera, alejándose del hablante	HSK2
床	床	chuáng	bed	cama	我的床很舒服。	My bed is very comfortable.	Mi cama es muy cómoda.			供人躺着睡觉的家具	furniture for lying down to sleep	mueble para tumbarse y dormir	HSK2
词	詞	cí	word	palabra	这个词是什么意思？	What does this word mean?	¿Qué significa esta palabra?			语言里最小的、可以自由运用的单位	the smallest freely usable unit in language	la unidad más pequeña y de uso libre en el lenguaje	HSK2
次	次	cì	time (occasion)	vez	我去过两次北京。	I've been to Beijing twice.	He estado en Pekín dos veces.			表示动作发生次数的量词	measure word indicating the number of times an action occurs	clasificador que indica el número de veces que ocurre una acción	HSK2
从	從	cóng	from	desde	我从家里走到学校。	I walk from home to school.	Camino desde casa hasta la escuela.			表示起点	indicates a starting point	indica un punto de partida	HSK2
从小	從小	cóngxiǎo	since childhood	desde pequeño	他从小就喜欢音乐。	He has liked music since childhood.	Le ha gustado la música desde pequeño.			从小时候起	from childhood onward	desde la infancia	HSK2
错	錯	cuò	wrong	equivocado	这个答案错了。	This answer is wrong.	Esta respuesta está mal.			不正确	incorrect	incorrecto	HSK2
打	打	dǎ	to hit, to play	golpear, jugar	他喜欢打篮球。	He likes to play basketball.	Le gusta jugar al baloncesto.			用手或工具撞击	to strike with the hand or a tool	golpear con la mano o una herramienta	HSK2
打车	打車	dǎchē	to take a taxi	coger un taxi	我们打车去机场吧。	Let's take a taxi to the airport.	Vamos a coger un taxi al aeropuerto.			乘坐出租车	to ride in a taxi	viajar en taxi	HSK2
打开	打開	dǎkāi	to open	abrir	请打开窗户。	Please open the window.	Por favor, abre la ventana.			使关闭的东西变成开着的	to make something closed become open	hacer que algo cerrado quede abierto	HSK2
但	但	dàn	but	pero	他很累，但还在工作。	He's tired, but still working.	Está cansado, pero sigue trabajando.	但是 (dànshì) - but	但是 (dànshì) - pero	表示转折	indicates a turn/contrast	indica un contraste	HSK2
但是	但是	dànshì	but	pero	我想去，但是没有时间。	I want to go, but I don't have time.	Quiero ir, pero no tengo tiempo.	可是 (kěshì) - but	可是 (kěshì) - pero	表示转折，比"但"更常用	indicates contrast, more common than "但"	indica contraste, más usado que "但"	HSK2
得	得	de	(particle of degree/result)	(partícula de grado/resultado)	他跑得很快。	He runs very fast.	Corre muy rápido.			用在动词后面，连接表示程度或结果的补语	used after a verb to link a complement of degree or result	se usa tras un verbo para enlazar un complemento de grado o resultado	HSK2
地	地	de	(adverbial particle)	(partícula adverbial)	他慢慢地走进教室。	He walked slowly into the classroom.	Entró despacio en el aula.			用在形容词后面，使其成为状语	used after an adjective to turn it into an adverbial	se usa tras un adjetivo para convertirlo en adverbio	HSK2
等	等	děng	to wait	esperar	请等我一下。	Please wait for me a moment.	Por favor, espérame un momento.			停留，直到需要的人或事物出现	to stay until a needed person or thing appears	permanecer hasta que aparezca la persona o cosa esperada	HSK2
地铁	地鐵	dìtiě	subway	metro	我每天坐地铁上班。	I take the subway to work every day.	Cojo el metro para ir al trabajo todos los días.			在地下运行的火车	a train that runs underground	tren que circula bajo tierra	HSK2
点	點	diǎn	to order (food); dot	pedir; punto	我们点了三个菜。	We ordered three dishes.	Pedimos tres platos.			表示选定，或细小的痕迹	to select, or a small mark/dot	seleccionar, o una marca pequeña	HSK2
懂	懂	dǒng	to understand	entender	你懂我的意思吗？	Do you understand what I mean?	¿Entiendes lo que quiero decir?			知道，了解	to know, to comprehend	saber, comprender	HSK2
动	動	dòng	to move	mover(se)	别动，站好！	Don't move, stand still!	No te muevas, quédate quieto.			改变原来的位置	to change one's original position	cambiar de posición original	HSK2
饭馆	飯館	fànguǎn	restaurant	restaurante	这家饭馆的菜很好吃。	The food at this restaurant is delicious.	La comida de este restaurante está muy rica.			供人吃饭的地方	a place for people to eat	lugar donde la gente come	HSK2
飞	飛	fēi	to fly	volar	小鸟在天上飞。	The little bird is flying in the sky.	El pajarito vuela en el cielo.			在空中活动	to move through the air	moverse por el aire	HSK2
高	高	gāo	tall, high	alto	他比我高。	He's taller than me.	Él es más alto que yo.			从下到上的距离大	having a great distance from bottom to top	que tiene gran distancia de abajo hacia arriba	HSK2
高中	高中	gāozhōng	high school	instituto	我姐姐在读高中。	My older sister is in high school.	Mi hermana mayor está en el instituto.			高级中学	senior secondary school	escuela secundaria superior	HSK2
告诉	告訴	gàosu	to tell	decir	请告诉我你的名字。	Please tell me your name.	Por favor, dime tu nombre.			说给人听，使人知道	to say to someone so they know	decir a alguien para que lo sepa	HSK2
个子	個子	gèzi	height, stature	estatura	他的个子很高。	He is very tall (in stature).	Él es de estatura muy alta.			人的身材高矮	a person's height/build	la estatura de una persona	HSK2
跟	跟	gēn	with; to follow	con; seguir	我跟朋友一起去看电影。	I went to watch a movie with a friend.	Fui al cine con un amigo.			表示共同，或紧随其后	indicates accompaniment, or following closely	indica acompañamiento, o seguir de cerca	HSK2
公交车	公交車	gōngjiāochē	bus	autobús	我坐公交车去学校。	I take the bus to school.	Voy a la escuela en autobús.			公共交通使用的汽车	a vehicle used for public transport	vehículo usado para el transporte público	HSK2
过	過	guò	to pass, to cross	pasar, cruzar	火车过了桥。	The train crossed the bridge.	El tren cruzó el puente.			从一处到另一处；也用在动词后表示曾经发生过	to move from one place to another; also used after a verb to indicate past experience	pasar de un lugar a otro; también se usa tras un verbo para indicar experiencia pasada	HSK2
过来	過來	guòlái	to come over	venir	你能过来一下吗？	Can you come over for a moment?	¿Puedes venir un momento?			从别处到说话人这里	to move from elsewhere to where the speaker is	moverse desde otro lugar hacia donde está el hablante	HSK2
过年	過年	guònián	to celebrate the New Year	celebrar el Año Nuevo	我们全家一起过年。	Our whole family celebrates the New Year together.	Toda mi familia celebra el Año Nuevo junta.			庆祝新年	to celebrate the new year	celebrar el año nuevo	HSK2
过去	過去	guòqù	to go over	ir hacia allí	你可以走过去。	You can walk over there.	Puedes ir caminando hasta allí.			从这里到那里	to move from here to there	moverse de aquí hacia allá	HSK2
还是	還是	háishi	still; or	todavía; o	你要茶还是咖啡？	Do you want tea or coffee?	¿Quieres té o café?			表示选择，或情况不变	indicates a choice, or that a situation remains unchanged	indica una elección, o que la situación no cambia	HSK2
黑色	黑色	hēisè	black	negro	他穿着黑色的鞋子。	He is wearing black shoes.	Lleva zapatos negros.			像煤炭一样的颜色	a color like coal	color como el del carbón	HSK2
红茶	紅茶	hóngchá	black tea	té negro	我早上喜欢喝红茶。	I like to drink black tea in the morning.	Me gusta tomar té negro por la mañana.			一种经过发酵的茶	a type of fermented tea	un tipo de té fermentado	HSK2
红色	紅色	hóngsè	red	rojo	她喜欢红色的花。	She likes red flowers.	A ella le gustan las flores rojas.			像血一样的颜色	a color like blood	color como el de la sangre	HSK2
后面	後面	hòumiàn	behind	detrás	他坐在我后面。	He sits behind me.	Él se sienta detrás de mí.			位置或次序在后	a position or order that is behind	posición u orden que está detrás	HSK2
花	花	huā	flower; to spend (money/time)	flor; gastar	我花了很多钱买花。	I spent a lot of money buying flowers.	Gasté mucho dinero comprando flores.			植物开花的部分；也指用掉钱或时间	the blooming part of a plant; also to use up money or time	la parte florida de una planta; también gastar dinero o tiempo	HSK2
画	畫	huà	to draw, to paint	dibujar, pintar	她喜欢画画儿。	She likes to draw/paint.	A ella le gusta pintar.			用笔等工具做出图形	to create an image using a tool such as a pen	crear una imagen con una herramienta como un lápiz	HSK2
坏	壞	huài	bad, broken	malo, roto	我的手机坏了。	My phone is broken.	Mi teléfono está roto.			破损，或品质不好	damaged, or of poor quality	dañado, o de mala calidad	HSK2
回来	回來	huílái	to come back	volver	你什么时候回来？	When will you come back?	¿Cuándo vuelves?			从别处回到说话人这里	to return from elsewhere to where the speaker is	regresar de otro lugar a donde está el hablante	HSK2
回去	回去	huíqù	to go back	regresar	天晚了，我们回去吧。	It's late, let's go back.	Se ha hecho tarde, volvamos.			从这里回到原来的地方	to return from here to the original place	regresar de aquí al lugar original	HSK2
机场	機場	jīchǎng	airport	aeropuerto	我在机场等你。	I'll wait for you at the airport.	Te espero en el aeropuerto.			供飞机起降的地方	a place for planes to take off and land	lugar donde despegan y aterrizan los aviones	HSK2
机票	機票	jīpiào	airplane ticket	billete de avión	我已经买了机票。	I've already bought the plane ticket.	Ya he comprado el billete de avión.			乘坐飞机用的票	a ticket used for taking a plane	billete que se usa para volar en avión	HSK2
记得	記得	jìde	to remember	recordar	我不记得他的名字了。	I don't remember his name anymore.	Ya no recuerdo su nombre.			把过去的事保存在记忆里	to keep something from the past in one's memory	conservar algo del pasado en la memoria	HSK2
间	間	jiān	measure word for rooms; between	(clasificador de habitaciones); entre	这间教室很大。	This classroom is very big.	Esta aula es muy grande.			房间的量词；也指两者之内	measure word for rooms; also "between"	clasificador de habitaciones; también "entre"	HSK2
教	教	jiāo	to teach	enseñar	她教我们汉语。	She teaches us Chinese.	Ella nos enseña chino.			把知识或技能传授给别人	to pass knowledge or skills to others	transmitir conocimientos o habilidades a otros	HSK2
教室	教室	jiàoshì	classroom	aula	学生们都在教室里。	The students are all in the classroom.	Los estudiantes están todos en el aula.			学校里上课的房间	a room in a school for holding classes	habitación de una escuela donde se dan clases	HSK2
介绍	介紹	jièshào	to introduce	presentar	我来介绍一下我的朋友。	Let me introduce my friend.	Deja que te presente a mi amigo.			使双方相识，或说明情况	to make two parties acquainted, or explain a situation	hacer que dos partes se conozcan, o explicar una situación	HSK2
进	進	jìn	to enter	entrar	请进。	Please come in.	Adelante, pasa.			从外面到里面	to move from outside to inside	pasar de afuera hacia adentro	HSK2
近	近	jìn	near	cerca	学校离我家很近。	The school is very close to my house.	La escuela está muy cerca de mi casa.			距离短	a short distance	distancia corta	HSK2
进来	進來	jìnlái	to come in	entrar	你可以进来了。	You can come in now.	Ya puedes entrar.			从外面到说话人所在的里面	to move from outside into where the speaker is	pasar de afuera hacia donde está el hablante	HSK2
进去	進去	jìnqù	to go in	entrar	我们一起进去吧。	Let's go in together.	Entremos juntos.			从外面到里面去	to move from outside to inside	pasar de afuera hacia adentro	HSK2
经常	經常	jīngcháng	often	a menudo	他经常迟到。	He is often late.	Él llega tarde a menudo.			时常，多次	frequently, many times	con frecuencia, muchas veces	HSK2
酒店	酒店	jiǔdiàn	hotel	hotel	我们住在一家酒店里。	We're staying at a hotel.	Nos alojamos en un hotel.			供旅客住宿的地方	a place for travelers to stay	lugar donde se alojan los viajeros	HSK2
就	就	jiù	just, then	enseguida, entonces	我马上就来。	I'll come right away.	Ya voy enseguida.			强调时间短或紧接着发生	emphasizes a short time or something happening right after	enfatiza un tiempo corto o algo que ocurre justo después	HSK2
咖啡	咖啡	kāfēi	coffee	café	我每天早上喝咖啡。	I drink coffee every morning.	Tomo café todas las mañanas.			一种带苦味的饮料	a bitter-tasting beverage	una bebida de sabor amargo	HSK2
开始	開始	kāishǐ	to start	empezar	电影马上开始了。	The movie is about to start.	La película está a punto de empezar.			从头做起，事情的最初阶段	to begin doing something, the initial stage of an event	empezar a hacer algo, la etapa inicial de un evento	HSK2
开学	開學	kāixué	school starts	empezar las clases	我们下周开学。	School starts for us next week.	Empezamos las clases la semana que viene.			新学期开始上课	a new semester begins classes	comienza un nuevo semestre de clases	HSK2
考	考	kǎo	to test	examinar(se)	明天要考数学。	Tomorrow there's a math test.	Mañana hay examen de matemáticas.			通过问题检查知识水平	to check knowledge level through questions	comprobar el nivel de conocimiento mediante preguntas	HSK2
考试	考試	kǎoshì	exam	examen	这次考试很难。	This exam was very difficult.	Este examen fue muy difícil.			用题目检验学习效果的活动	an activity that tests learning through questions	una actividad que evalúa el aprendizaje mediante preguntas	HSK2
可能	可能	kěnéng	possible, maybe	posible, quizás	他可能不来了。	He might not come.	Puede que no venga.			也许，有实现的希望	perhaps, there's a chance it could happen	quizás, existe la posibilidad de que ocurra	HSK2
裤子	褲子	kùzi	pants	pantalones	这条裤子有点儿长。	These pants are a bit long.	Estos pantalones son un poco largos.			穿在腿上的衣服	clothing worn on the legs	prenda que se usa en las piernas	HSK2
快	快	kuài	fast	rápido	请快一点儿。	Please hurry up a little.	Date prisa, por favor.			速度高，用时短	high speed, short time used	velocidad alta, poco tiempo empleado	HSK2
快乐	快樂	kuàilè	happy	feliz	祝你生日快乐！	Happy birthday to you!	¡Feliz cumpleaños!	高兴 (gāoxìng) - happy	高兴 (gāoxìng) - contento	心情好，感到愉快	in a good mood, feeling pleased	de buen humor, sintiéndose contento	HSK2
快要	快要	kuàiyào	soon	pronto	火车快要到了。	The train is about to arrive.	El tren está a punto de llegar.			表示某事很快发生	indicates something will happen soon	indica que algo ocurrirá pronto	HSK2
篮球	籃球	lánqiú	basketball	baloncesto	他每天打篮球。	He plays basketball every day.	Él juega al baloncesto todos los días.			一种球类运动	a type of ball sport	un tipo de deporte de pelota	HSK2
累	累	lèi	tired	cansado	我今天很累。	I'm very tired today.	Hoy estoy muy cansado.			身体或精神疲乏	physically or mentally fatigued	fatigado física o mentalmente	HSK2
离	離	lí	away from	lejos de	我家离公司很远。	My home is far from the office.	Mi casa está lejos de la oficina.			表示两地之间的距离	indicates the distance between two places	indica la distancia entre dos lugares	HSK2
里面	裡面	lǐmiàn	inside	dentro	包里面有一本书。	There is a book inside the bag.	Dentro de la bolsa hay un libro.			内部空间	interior space	espacio interior	HSK2
楼	樓	lóu	building, floor	edificio, piso	我住在五楼。	I live on the fifth floor.	Vivo en el quinto piso.			两层以上的房屋，或其中一层	a building of two or more stories, or one of its floors	edificio de dos o más plantas, o una de sus plantas	HSK2
路	路	lù	road	carretera	这条路很长。	This road is very long.	Esta carretera es muy larga.			供人或车行走的通道	a route for people or vehicles to travel	vía por la que transitan personas o vehículos	HSK2
路上	路上	lùshang	on the road	en el camino	我在路上看到了他。	I saw him on the road.	Lo vi por el camino.			道路之中，或途中	on the road, or along the way	en el camino, o durante el trayecto	HSK2
旅游	旅遊	lǚyóu	to travel	viajar	我们暑假去旅游。	We're going traveling during summer vacation.	Vamos a viajar en las vacaciones de verano.			为了游览而外出	to go out for sightseeing	salir con el fin de hacer turismo	HSK2
绿茶	綠茶	lǜchá	green tea	té verde	绿茶对身体好。	Green tea is good for the body.	El té verde es bueno para la salud.			一种没有发酵的茶	a type of unfermented tea	un tipo de té no fermentado	HSK2
绿色	綠色	lǜsè	green	verde	树叶是绿色的。	Leaves are green.	Las hojas son verdes.			像草和树叶一样的颜色	a color like grass and leaves	color como el de la hierba y las hojas	HSK2
慢	慢	màn	slow	lento	请说慢一点儿。	Please speak a bit more slowly.	Habla un poco más despacio, por favor.			速度低，用时长	low speed, long time used	velocidad baja, mucho tiempo empleado	HSK2
没意思	沒意思	méi yìsi	boring	aburrido	这部电影真没意思。	This movie is really boring.	Esta película es muy aburrida.			不吸引人，没有趣味	not engaging, lacking interest	no atractivo, sin interés	HSK2
每	每	měi	every	cada	我每天六点起床。	I get up at six every day.	Me levanto a las seis todos los días.			全部之中的任何一个	any one among the whole	cualquiera dentro del conjunto total	HSK2
门	門	mén	door	puerta	请关上门。	Please close the door.	Cierra la puerta, por favor.			供人出入的装置	a device for people to go in and out	dispositivo por el que entra y sale la gente	HSK2
门口	門口	ménkǒu	doorway, entrance	entrada	他在门口等我。	He's waiting for me at the doorway.	Me espera en la puerta.			门的地方，出入口	the location of a door, an entrance	el lugar de una puerta, una entrada	HSK2
门票	門票	ménpiào	ticket (admission)	entrada (billete)	这里的门票很便宜。	The admission ticket here is very cheap.	La entrada aquí es muy barata.			进入某地需要的票	a ticket needed to enter a place	billete necesario para entrar en un lugar	HSK2
面	面	miàn	side, aspect	lado, aspecto	桌子上面有一本书。	There's a book on top of the table.	Hay un libro encima de la mesa.			方面，或物体的表面	an aspect, or the surface of an object	un aspecto, o la superficie de un objeto	HSK2
名	名	míng	name	nombre	他在班里排名第一。	He ranks first in the class.	Él ocupa el primer puesto en la clase.			名字，或人的名声	a name, or a person's reputation	un nombre, o la reputación de una persona	HSK2
拿	拿	ná	to take, to hold	coger, sostener	请把书拿给我。	Please hand me the book.	Por favor, dame el libro.			用手抓住并带着	to grasp with the hand and carry	sujetar con la mano y llevar	HSK2
那么	那麼	nàme	so, like that	tan, así	天气那么冷，你要穿外套。	The weather is so cold, you should wear a coat.	Hace tanto frío que deberías ponerte un abrigo.			表示程度深，或那样	indicates a high degree, or "like that"	indica un grado alto, o "de esa manera"	HSK2
那样	那樣	nàyàng	like that	de esa manera	别那样说话。	Don't talk like that.	No hables así.			那种样子	that kind of manner	esa clase de manera	HSK2
奶茶	奶茶	nǎichá	milk tea	té con leche	她最喜欢喝奶茶。	She likes to drink milk tea the most.	Lo que más le gusta beber es el té con leche.			加了奶的茶饮料	a tea beverage with milk added	bebida de té con leche añadida	HSK2
奶奶	奶奶	nǎinai	grandmother	abuela	我奶奶今年八十岁。	My grandmother is eighty this year.	Mi abuela tiene ochenta años este año.			父亲的母亲	one's father's mother	la madre del padre	HSK2
男孩儿	男孩兒	nánháir	boy	chico	那个男孩儿在踢足球。	That boy is playing soccer.	Ese chico está jugando al fútbol.			男性的小孩	a male child	un niño de sexo masculino	HSK2
鸟	鳥	niǎo	bird	pájaro	树上有很多鸟。	There are many birds in the tree.	Hay muchos pájaros en el árbol.			有羽毛、会飞的动物	a feathered, flying animal	animal con plumas que puede volar	HSK2
女孩儿	女孩兒	nǚháir	girl	chica	那个女孩儿在唱歌。	That girl is singing.	Esa chica está cantando.			女性的小孩	a female child	una niña de sexo femenino	HSK2
旁边	旁邊	pángbiān	side	lado	我坐在他旁边。	I sit beside him.	Me siento a su lado.			靠近的地方	a nearby place	un lugar cercano	HSK2
跑	跑	pǎo	to run	correr	他跑得很快。	He runs very fast.	Él corre muy rápido.			用腿快速前进	to move forward quickly using the legs	avanzar rápidamente usando las piernas	HSK2
跑步	跑步	pǎobù	to jog, to run	correr (ejercicio)	我每天早上跑步。	I run every morning.	Corro todas las mañanas.			为锻炼身体而跑	to run for physical exercise	correr para hacer ejercicio físico	HSK2
票	票	piào	ticket	entrada, billete	我买了两张票。	I bought two tickets.	Compré dos entradas.			用作凭证的纸片	a piece of paper used as proof	un papel que sirve como comprobante	HSK2
妻子	妻子	qīzi	wife	esposa	他的妻子是老师。	His wife is a teacher.	Su esposa es profesora.			男子的配偶	a man's spouse	la cónyuge de un hombre	HSK2
起来	起來	qǐlái	to get up	levantarse	快起来，要迟到了！	Get up quickly, we'll be late!	¡Levántate rápido, vamos a llegar tarde!			从坐或躺的姿势变为站立	to change from sitting or lying to standing	pasar de estar sentado o tumbado a estar de pie	HSK2
前面	前面	qiánmiàn	front	delante	他坐在我前面。	He sits in front of me.	Él se sienta delante de mí.			位置或次序在前	a position or order that is in front	posición u orden que está delante	HSK2
晴	晴	qíng	sunny	soleado	今天天气很晴。	The weather is very sunny today.	Hoy hace un día muy soleado.			天空没有云，阳光充足	no clouds in the sky, plenty of sunshine	sin nubes en el cielo, con mucho sol	HSK2
球	球	qiú	ball	pelota	孩子们在踢球。	The children are playing (kicking) ball.	Los niños están jugando a la pelota.			圆形的运动器具	a round piece of sports equipment	un implemento deportivo de forma redonda	HSK2
让	讓	ràng	to let, to allow	dejar, permitir	妈妈让我早点回家。	Mom told me to come home early.	Mamá me dijo que volviera pronto a casa.			允许，或使某事发生	to permit, or to cause something to happen	permitir, o hacer que algo ocurra	HSK2
肉	肉	ròu	meat	carne	我不喜欢吃肉。	I don't like eating meat.	No me gusta comer carne.			动物身上可以吃的部分	the edible part of an animal's body	la parte comestible del cuerpo de un animal	HSK2
商场	商場	shāngchǎng	shopping mall	centro comercial	周末我们去商场买东西。	We're going to the mall to shop this weekend.	Este fin de semana vamos al centro comercial a comprar.			卖各种商品的大商店	a large store selling various goods	gran tienda que vende diversos productos	HSK2
上来	上來	shànglái	to come up	subir	你可以上来看看。	You can come up and take a look.	Puedes subir a echar un vistazo.			从低处到高处，向说话人靠近	to move from a lower to a higher place, toward the speaker	moverse de un lugar más bajo a uno más alto, acercándose al hablante	HSK2
上面	上面	shàngmiàn	above	encima	书在桌子上面。	The book is on top of the table.	El libro está encima de la mesa.			位置较高的地方	a higher location	un lugar de posición más alta	HSK2
上去	上去	shàngqù	to go up	subir	我们坐电梯上去吧。	Let's take the elevator up.	Subamos en el ascensor.			从低处到高处，离开说话人	to move from a lower to a higher place, away from the speaker	moverse de un lugar más bajo a uno más alto, alejándose del hablante	HSK2
上网	上網	shàngwǎng	to go online	conectarse a internet	我每天都上网。	I go online every day.	Me conecto a internet todos los días.			连接互联网	to connect to the internet	conectarse a internet	HSK2
身体	身體	shēntǐ	body	cuerpo	多运动对身体好。	Exercising more is good for the body.	Hacer más ejercicio es bueno para la salud.			人或动物的整个生理组织	the entire physiological structure of a person or animal	toda la estructura fisiológica de una persona o animal	HSK2
生日	生日	shēngrì	birthday	cumpleaños	今天是我的生日。	Today is my birthday.	Hoy es mi cumpleaños.			出生的那一天，每年纪念的日子	the day one was born, commemorated yearly	el día en que uno nació, que se conmemora cada año	HSK2
时	時	shí	time	tiempo, momento	到时你就知道了。	You'll know when the time comes.	Lo sabrás cuando llegue el momento.			时间，或某个时候	time, or a particular moment	tiempo, o un momento determinado	HSK2
事情	事情	shìqing	matter, affair	asunto	我有点儿事情要处理。	I have a matter to deal with.	Tengo un asunto que atender.			人类活动的内容，或事件	the content of human activity, or an event	el contenido de la actividad humana, o un suceso	HSK2
手	手	shǒu	hand	mano	请举手回答。	Please raise your hand to answer.	Levanta la mano para responder.			人体上肢前端的部分	the front part of the upper limb of the human body	la parte delantera de la extremidad superior del cuerpo humano	HSK2
手表	手錶	shǒubiǎo	watch (wristwatch)	reloj de pulsera	他戴着一块手表。	He is wearing a watch.	Lleva puesto un reloj de pulsera.			戴在手腕上看时间的表	a device worn on the wrist to tell time	dispositivo que se lleva en la muñeca para ver la hora	HSK2
书包	書包	shūbāo	backpack	mochila	他的书包很重。	His backpack is very heavy.	Su mochila pesa mucho.			装书本的包	a bag for carrying books	bolsa para llevar libros	HSK2
舒服	舒服	shūfu	comfortable	cómodo	这把椅子很舒服。	This chair is very comfortable.	Esta silla es muy cómoda.	舒适 (shūshì) - comfortable	舒适 (shūshì) - cómodo	身体或心理感到轻松愉快	feeling physically or mentally relaxed and pleasant	sentirse física o mentalmente relajado y a gusto	HSK2
送	送	sòng	to give, to send	dar, enviar	我送你一件礼物。	I'll give you a gift.	Te voy a dar un regalo.			把东西给人，或陪人离开	to give something to someone, or accompany someone as they leave	dar algo a alguien, o acompañar a alguien mientras se va	HSK2
虽然	雖然	suīrán	although	aunque	虽然下雨，但他还是来了。	Although it's raining, he still came.	Aunque llueve, él vino de todos modos.			表示让步	indicates a concession	indica una concesión	HSK2
所以	所以	suǒyǐ	so, therefore	así que	我很累，所以早点睡了。	I was very tired, so I went to sleep early.	Estaba muy cansado, así que me dormí temprano.			表示因果关系中的结果	indicates the result in a cause-and-effect relationship	indica el resultado en una relación de causa y efecto	HSK2
疼	疼	téng	painful	doloroso	我的头很疼。	My head hurts a lot.	Me duele mucho la cabeza.			身体感到痛苦	the body feels pain	el cuerpo siente dolor	HSK2
踢	踢	tī	to kick	dar una patada	他踢了一下球。	He kicked the ball.	Él le dio una patada al balón.			用脚撞击	to strike with the foot	golpear con el pie	HSK2
题	題	tí	question, topic	pregunta	这道题很难。	This question is very difficult.	Esta pregunta es muy difícil.			练习或考试中的问题	a question in an exercise or exam	una pregunta en un ejercicio o examen	HSK2
条	條	tiáo	measure word for long thin objects	(clasificador de objetos largos)	桌子上有一条鱼。	There's a fish on the table.	Hay un pez sobre la mesa.			用于细长物品的量词	a measure word for long, thin objects	clasificador para objetos largos y delgados	HSK2
跳舞	跳舞	tiàowǔ	to dance	bailar	他们在晚会上跳舞。	They are dancing at the party.	Están bailando en la fiesta.			随音乐做有节奏的动作	to make rhythmic movements to music	hacer movimientos rítmicos al ritmo de la música	HSK2
头	頭	tóu	head	cabeza	他的头很疼。	His head hurts.	Le duele la cabeza.			人体最上部的部分	the uppermost part of the human body	la parte superior del cuerpo humano	HSK2
外国	外國	wàiguó	foreign country	país extranjero	他去过很多外国。	He has been to many foreign countries.	Ha estado en muchos países extranjeros.			本国以外的国家	a country other than one's own	un país distinto al propio	HSK2
外面	外面	wàimiàn	outside	fuera	外面在下雨。	It's raining outside.	Está lloviendo afuera.			外部的地方	an external place	un lugar externo	HSK2
完	完	wán	to finish	terminar	我写完作业了。	I've finished my homework.	Ya he terminado los deberes.			事情结束，没有剩余	an event ends, nothing remains	un asunto termina, no queda nada	HSK2
万	萬	wàn	ten thousand	diez mil	这本书卖了一万本。	This book has sold ten thousand copies.	Este libro ha vendido diez mil ejemplares.			数字，十个一千	the number, ten times one thousand	el número, diez veces mil	HSK2
往	往	wǎng	toward	hacia	请往前走。	Please walk forward.	Camina hacia adelante, por favor.			表示朝着某个方向	indicates moving toward a direction	indica moverse hacia una dirección	HSK2
网上	網上	wǎngshang	online	en internet	我喜欢在网上买东西。	I like shopping online.	Me gusta comprar cosas por internet.			互联网上	on the internet	en internet	HSK2
忘	忘	wàng	to forget	olvidar	我忘了他的名字。	I forgot his name.	Se me olvidó su nombre.			不记得，从记忆中消失	to not remember, to fade from memory	no recordar, desaparecer de la memoria	HSK2
位	位	wèi	measure word for people	(clasificador de personas)	那位老师很好。	That teacher is very good.	Ese profesor es muy bueno.			用于对人的尊称量词	a respectful measure word for people	clasificador respetuoso para personas	HSK2
为什么	為什麼	wèi shénme	why	por qué	你为什么迟到了？	Why are you late?	¿Por qué llegas tarde?			用于询问原因	used to ask for a reason	se usa para preguntar la razón	HSK2
希望	希望	xīwàng	to hope	esperar (desear)	我希望你能来。	I hope you can come.	Espero que puedas venir.	想 (xiǎng) - to want	想 (xiǎng) - querer	心里想着达成某种愿望	to wish in one's heart for something to come true	desear en el corazón que algo se cumpla	HSK2
洗	洗	xǐ	to wash	lavar	我每天洗澡。	I take a bath/shower every day.	Me baño todos los días.			用水去掉污渍	to remove dirt using water	quitar la suciedad con agua	HSK2
洗手间	洗手間	xǐshǒujiān	restroom	baño	洗手间在哪儿？	Where is the restroom?	¿Dónde está el baño?			供人洗手、上厕所的房间	a room for washing hands and using the toilet	habitación para lavarse las manos y usar el baño	HSK2
下来	下來	xiàlái	to come down	bajar	请你下来一下。	Please come down for a moment.	Baja un momento, por favor.			从高处到低处，向说话人靠近	to move from a higher to a lower place, toward the speaker	moverse de un lugar más alto a uno más bajo, acercándose al hablante	HSK2
下面	下面	xiàmiàn	below	debajo	猫在桌子下面。	The cat is under the table.	El gato está debajo de la mesa.			位置较低的地方	a lower location	un lugar de posición más baja	HSK2
下去	下去	xiàqù	to go down	bajar	我们走下去吧。	Let's walk down.	Bajemos caminando.			从高处到低处，离开说话人	to move from a higher to a lower place, away from the speaker	moverse de un lugar más alto a uno más bajo, alejándose del hablante	HSK2
小孩儿	小孩兒	xiǎoháir	child	niño	那个小孩儿在哭。	That child is crying.	Ese niño está llorando.			年纪小的孩子	a young child	un niño de corta edad	HSK2
小时候	小時候	xiǎoshíhou	childhood	infancia	小时候我住在乡下。	In my childhood, I lived in the countryside.	De pequeño, vivía en el campo.			幼年时期	the period of early childhood	el periodo de la primera infancia	HSK2
笑	笑	xiào	to laugh, to smile	reír, sonreír	她一直在笑。	She keeps laughing.	Ella no para de reír.			因高兴而露出愉快的表情	to show a happy expression out of joy	mostrar una expresión alegre por felicidad	HSK2
姓	姓	xìng	surname	apellido	他姓王。	His surname is Wang.	Su apellido es Wang.			表明家族血统的字	a character indicating family lineage	carácter que indica el linaje familiar	HSK2
姓名	姓名	xìngmíng	full name	nombre completo	请写下你的姓名。	Please write down your full name.	Por favor, escribe tu nombre completo.			姓和名的合称	the combination of surname and given name	la combinación del apellido y el nombre	HSK2
颜色	顏色	yánsè	color	color	你喜欢什么颜色？	What color do you like?	¿Qué color te gusta?			物体反射光线呈现的样子	the appearance an object presents by reflecting light	el aspecto que presenta un objeto al reflejar la luz	HSK2
眼睛	眼睛	yǎnjing	eye	ojo	她的眼睛很漂亮。	Her eyes are very beautiful.	Sus ojos son muy bonitos.			用来看东西的器官	the organ used for seeing	el órgano que se usa para ver	HSK2
药	藥	yào	medicine	medicina	他每天要吃药。	He has to take medicine every day.	Tiene que tomar medicina todos los días.			用于治病的物质	a substance used to treat illness	sustancia usada para tratar enfermedades	HSK2
药店	藥店	yàodiàn	pharmacy	farmacia	药店就在医院旁边。	The pharmacy is right next to the hospital.	La farmacia está justo al lado del hospital.			卖药的商店	a store that sells medicine	tienda que vende medicinas	HSK2
爷爷	爺爺	yéye	grandfather	abuelo	我爷爷喜欢喝茶。	My grandfather likes to drink tea.	A mi abuelo le gusta tomar té.			父亲的父亲	one's father's father	el padre del padre	HSK2
一会儿	一會兒	yíhuìr	a while	un momento	请等一会儿。	Please wait a moment.	Espera un momento, por favor.			短时间	a short period of time	un periodo corto de tiempo	HSK2
已经	已經	yǐjīng	already	ya	他已经走了。	He has already left.	Ya se ha ido.			表示动作完成	indicates an action is completed	indica que una acción está completada	HSK2
一起	一起	yìqǐ	together	juntos	我们一起去吃饭吧。	Let's go eat together.	Vamos a comer juntos.			在同一个地方或同时做某事	to be in the same place or do something at the same time	estar en el mismo lugar o hacer algo al mismo tiempo	HSK2
意思	意思	yìsi	meaning	significado	这句话是什么意思？	What does this sentence mean?	¿Qué significa esta frase?			语言文字所表达的内容	the content expressed by language or text	el contenido que expresa el lenguaje o el texto	HSK2
阴	陰	yīn	cloudy	nublado	今天天气很阴。	The weather is very cloudy today.	Hoy está muy nublado.			天空多云，没有阳光	a sky full of clouds, without sunlight	cielo nublado, sin luz solar	HSK2
因为	因為	yīnwèi	because	porque	我没去，因为下雨了。	I didn't go because it rained.	No fui porque llovía.			表示原因	indicates a reason	indica una razón	HSK2
游	游	yóu	to swim	nadar	鱼在水里游。	The fish swims in the water.	El pez nada en el agua.			在水中活动前进	to move forward through water	moverse hacia adelante a través del agua	HSK2
游泳	游泳	yóuyǒng	to swim	nadar	我喜欢夏天游泳。	I like swimming in summer.	Me gusta nadar en verano.			在水中划水前进的运动	a sport of moving through water by paddling	deporte de avanzar en el agua mediante brazadas	HSK2
有意思	有意思	yǒu yìsi	interesting	interesante	这本书很有意思。	This book is very interesting.	Este libro es muy interesante.			有趣味，能吸引人	interesting, able to attract attention	que tiene interés, capaz de atraer la atención	HSK2
有时	有時	yǒushí	sometimes	a veces	我有时会迟到。	I am sometimes late.	A veces llego tarde.			有的时候，不是经常	at times, not often	a veces, no con frecuencia	HSK2
右	右	yòu	right	derecha	请往右转。	Please turn right.	Gira a la derecha, por favor.			面向前方时靠东的一边	the side toward the east when facing forward	el lado hacia el este al mirar hacia adelante	HSK2
右边	右邊	yòubian	right side	lado derecho	邮局在银行的右边。	The post office is to the right of the bank.	La oficina de correos está a la derecha del banco.			右面的位置	the position on the right	la posición a la derecha	HSK2
鱼	魚	yú	fish	pez	河里有很多鱼。	There are many fish in the river.	Hay muchos peces en el río.			生活在水中的动物	an animal that lives in water	animal que vive en el agua	HSK2
远	遠	yuǎn	far	lejos	我家离学校很远。	My home is far from school.	Mi casa está lejos de la escuela.			距离长	a long distance	distancia larga	HSK2
运动	運動	yùndòng	to exercise, sports	hacer ejercicio, deporte	我每天都运动。	I exercise every day.	Hago ejercicio todos los días.			身体活动，锻炼身体	physical activity, exercising the body	actividad física, ejercitar el cuerpo	HSK2
站	站	zhàn	station; to stand	estación; estar de pie	请站在这里。	Please stand here.	Ponte de pie aquí, por favor.			直立不动，或供停靠的地方	to stand upright without moving, or a stopping place	permanecer de pie sin moverse, o un lugar de parada	HSK2
丈夫	丈夫	zhàngfu	husband	marido	她的丈夫是医生。	Her husband is a doctor.	Su marido es médico.			女子的配偶	a woman's spouse	la cónyuge de una mujer	HSK2
这么	這麼	zhème	so, like this	tan, así	天气这么热，我们游泳吧。	The weather is so hot, let's go swimming.	Hace tanto calor que vamos a nadar.			表示程度深，或这样	indicates a high degree, or "like this"	indica un grado alto, o "de esta manera"	HSK2
这样	這樣	zhèyàng	like this	así	你应该这样做。	You should do it like this.	Deberías hacerlo así.			这种样子	this kind of manner	esta clase de manera	HSK2
着	著	zhe	(particle of ongoing action)	(partícula de acción continua)	他坐着看书。	He is sitting and reading a book.	Está sentado leyendo un libro.			用在动词后表示动作正在持续	used after a verb to indicate an action is ongoing	se usa tras un verbo para indicar que una acción está en curso	HSK2
正	正	zhèng	just, exactly	justo, precisamente	我正在吃饭。	I am just eating right now.	Estoy comiendo ahora mismo.			表示动作正在进行	indicates an action is currently in progress	indica que una acción está en curso	HSK2
周	週	zhōu	week	semana	这周我很忙。	I'm very busy this week.	Estoy muy ocupado esta semana.			七天为一个单位	a unit of seven days	una unidad de siete días	HSK2
准备	準備	zhǔnbèi	to prepare	preparar(se)	我在准备考试。	I'm preparing for the exam.	Me estoy preparando para el examen.			提前做好安排	to make arrangements in advance	hacer preparativos con antelación	HSK2
自己	自己	zìjǐ	oneself	uno mismo	这是我自己做的。	I made this myself.	Esto lo hice yo mismo.			指代本人	refers to oneself	se refiere a uno mismo	HSK2
走	走	zǒu	to walk	andar	我们走着去吧。	Let's walk there.	Vamos caminando.			用脚一步一步前进	to move forward step by step using the feet	avanzar paso a paso usando los pies	HSK2
走路	走路	zǒulù	to walk	caminar	他每天走路上班。	He walks to work every day.	Va caminando al trabajo todos los días.			步行	to go on foot	ir a pie	HSK2
足球	足球	zúqiú	soccer	fútbol	他喜欢看足球比赛。	He likes watching soccer matches.	Le gusta ver partidos de fútbol.			一种用脚踢的球类运动	a ball sport played with the feet	un deporte de pelota que se juega con los pies	HSK2
最	最	zuì	most	el más	他是班里最高的。	He is the tallest in the class.	Es el más alto de la clase.			表示程度达到极点	indicates a degree reaching the extreme	indica un grado que llega al extremo	HSK2
左	左	zuǒ	left	izquierda	请往左转。	Please turn left.	Gira a la izquierda, por favor.			面向前方时靠西的一边	the side toward the west when facing forward	el lado hacia el oeste al mirar hacia adelante	HSK2
左边	左邊	zuǒbian	left side	lado izquierdo	洗手间在左边。	The restroom is on the left.	El baño está a la izquierda.			位置的左面	the position on the left	la posición a la izquierda	HSK2
阿姨	阿姨	āyí	aunt	tía	她是我妈妈的阿姨。	She is my mother's aunt.	Ella es la tía de mi madre.			对年长妇女的称呼	a form of address for an older woman	forma de tratamiento para una mujer mayor	HSK3
矮	矮	ǎi	short (height)	bajo (de estatura)	他比我矮。	He is shorter than me.	Él es más bajo que yo.			身材不高	not tall in stature	de estatura no alta	HSK3
爱人	愛人	àiren	spouse	cónyuge	他的爱人在医院工作。	His spouse works at the hospital.	Su cónyuge trabaja en el hospital.			丈夫或妻子	one's husband or wife	el esposo o la esposa de uno	HSK3
安静	安靜	ānjìng	quiet	tranquilo	图书馆里很安静。	The library is very quiet.	La biblioteca está muy tranquila.			没有声音，不吵闹	without noise, not loud	sin ruido, no bullicioso	HSK3
安全	安全	ānquán	safe	seguro	开车要注意安全。	You must pay attention to safety while driving.	Hay que tener cuidado con la seguridad al conducir.			没有危险	without danger	sin peligro	HSK3
把	把	bǎ	(object-marking particle)	(partícula de objeto)	请把门关上。	Please close the door.	Por favor, cierra la puerta.			用于把宾语提到动词前的介词	a preposition used to move the object before the verb	preposición que antepone el objeto al verbo	HSK3
搬	搬	bān	to move, to carry	mudar, cargar	我们下个月要搬家。	We are moving house next month.	Nos mudamos de casa el mes que viene.			移动物体的位置	to move the position of an object	mover la posición de un objeto	HSK3
班级	班級	bānjí	class, grade	clase, curso	我们班级有二十个人。	There are twenty people in our class.	Hay veinte personas en nuestra clase.			学校里的教学单位	a teaching unit in a school	unidad de enseñanza en una escuela	HSK3
搬家	搬家	bānjiā	to move house	mudarse de casa	他们上周搬家了。	They moved house last week.	Se mudaron de casa la semana pasada.			搬到新的住处	to move to a new residence	mudarse a una nueva vivienda	HSK3
办	辦	bàn	to do, to handle	hacer, tramitar	这件事很难办。	This matter is hard to handle.	Este asunto es difícil de manejar.			处理事情	to handle a matter	gestionar un asunto	HSK3
办法	辦法	bànfǎ	way, solution	manera, solución	我们得想个办法。	We have to think of a solution.	Tenemos que pensar en una solución.			处理问题的方式	a way of dealing with a problem	una forma de resolver un problema	HSK3
办公室	辦公室	bàngōngshì	office	oficina	经理在办公室里开会。	The manager is having a meeting in the office.	El gerente está en una reunión en la oficina.			工作用的房间	a room used for work	habitación usada para trabajar	HSK3
半天	半天	bàntiān	half a day, a long time	medio día, un buen rato	我等了他半天。	I waited for him for a long time.	Lo esperé durante un buen rato.			半个白天，或很长时间	half a daytime, or a long time	medio día, o mucho tiempo	HSK3
帮助	幫助	bāngzhù	to help	ayudar	谢谢你的帮助。	Thank you for your help.	Gracias por tu ayuda.			替人出力，出主意	to exert effort or give ideas for someone	poner esfuerzo o dar ideas para ayudar a alguien	HSK3
饱	飽	bǎo	full (after eating)	lleno (de comer)	我吃饱了。	I'm full.	Estoy lleno.			吃了足够的食物	having eaten enough food	haber comido suficiente comida	HSK3
报纸	報紙	bàozhǐ	newspaper	periódico	爷爷每天看报纸。	Grandpa reads the newspaper every day.	El abuelo lee el periódico todos los días.			定期出版的新闻纸	a regularly published news publication	publicación de noticias que se edita con regularidad	HSK3
北	北	běi	north	norte	太阳从东边升起，北边很冷。	The sun rises in the east, the north is cold.	El sol sale por el este, el norte es frío.			四个方向之一，与南相对	one of the four directions, opposite of south	una de las cuatro direcciones, opuesta al sur	HSK3
北方	北方	běifāng	north	norte (región)	北方的冬天很冷。	Winter in the north is very cold.	El invierno en el norte es muy frío.			北边的地区	the northern region	la región del norte	HSK3
被	被	bèi	by (passive marker)	por (voz pasiva)	杯子被他打破了。	The cup was broken by him.	La taza fue rota por él.			表示被动的介词	a preposition indicating the passive voice	preposición que indica la voz pasiva	HSK3
笔记	筆記	bǐjì	notes	apuntes	我上课认真做笔记。	I take notes carefully in class.	Tomo apuntes con cuidado en clase.			听课或读书时记下的内容	content written down while listening or reading	contenido que se anota al escuchar o leer	HSK3
比较	比較	bǐjiào	to compare; quite	comparar; bastante	这道题比较难。	This question is quite difficult.	Esta pregunta es bastante difícil.			判断事物的异同或高低	to judge the similarities, differences, or degree of things	juzgar las semejanzas, diferencias o el grado de las cosas	HSK3
笔记本	筆記本	bǐjìběn	notebook	cuaderno	他买了一个新笔记本。	He bought a new notebook.	Compró un cuaderno nuevo.			用来记笔记的本子	a booklet used for taking notes	cuaderno que se usa para tomar apuntes	HSK3
比如	比如	bǐrú	for example	por ejemplo	我喜欢运动，比如跑步。	I like sports, for example running.	Me gusta el deporte, por ejemplo correr.			举例说明	to illustrate with an example	ilustrar con un ejemplo	HSK3
比赛	比賽	bǐsài	to compete; match	competir; competición	明天有一场足球比赛。	There's a soccer match tomorrow.	Mañana hay un partido de fútbol.			比较高低的活动	an activity to compare who is better	actividad para comparar quién es mejor	HSK3
必须	必須	bìxū	must	deber (obligación)	你必须按时完成作业。	You must finish your homework on time.	Debes terminar los deberes a tiempo.			表示事理上或情理上必要	indicates necessity in reason or logic	indica necesidad por razón o lógica	HSK3
变	變	biàn	to change, to become	cambiar	天气变冷了。	The weather has turned cold.	El tiempo se ha vuelto frío.			事物变得不同	a thing becomes different	algo se vuelve diferente	HSK3
遍	遍	biàn	measure word for times	(clasificador de veces)	请再说一遍。	Please say it again.	Por favor, dilo otra vez.			表示动作从头到尾的次数	measure word for an action done from start to finish	clasificador para una acción realizada de principio a fin	HSK3
变成	變成	biànchéng	to become, to turn into	convertirse en	毛毛虫变成了蝴蝶。	The caterpillar turned into a butterfly.	La oruga se convirtió en mariposa.			转变成为另一种事物	to transform into another thing	transformarse en otra cosa	HSK3
变化	變化	biànhuà	to change; change	cambiar; cambio	这个城市变化很大。	This city has changed a lot.	Esta ciudad ha cambiado mucho.			事物在形态或性质上的转变	a transformation in the form or nature of a thing	una transformación en la forma o naturaleza de algo	HSK3
表演	表演	biǎoyǎn	to perform	actuar	他们在舞台上表演。	They are performing on stage.	Están actuando en el escenario.			把技艺展示给观众看	to display a skill for an audience	mostrar una habilidad a un público	HSK3
别的	別的	biéde	other	otro	你还需要别的东西吗？	Do you need anything else?	¿Necesitas algo más?			另外的	another, different	otro, distinto	HSK3
别人	別人	biérén	other people	otras personas	别人都走了。	Everyone else has left.	Los demás ya se han ido.			自己以外的人	people other than oneself	personas distintas de uno mismo	HSK3
宾馆	賓館	bīnguǎn	hotel	hotel	我们住在一家宾馆。	We're staying at a hotel.	Nos alojamos en un hotel.			供旅客住宿的场所	a place for travelers to stay	lugar donde se alojan los viajeros	HSK3
冰	冰	bīng	ice	hielo	湖水结冰了。	The lake water has frozen.	El agua del lago se ha congelado.			水在低温下凝固成的固体	the solid water freezes into at low temperature	sólido en que se congela el agua a baja temperatura	HSK3
冰激凌	冰激凌	bīngjīlíng	ice cream	helado	孩子们喜欢吃冰激凌。	Children like to eat ice cream.	A los niños les gusta comer helado.			一种冰冻的甜食	a frozen sweet food	un dulce congelado	HSK3
冰箱	冰箱	bīngxiāng	refrigerator	nevera	牛奶在冰箱里。	The milk is in the refrigerator.	La leche está en la nevera.			用来保存食物的制冷设备	a cooling appliance used to preserve food	aparato refrigerante usado para conservar alimentos	HSK3
病人	病人	bìngrén	patient	paciente	医生正在照顾病人。	The doctor is taking care of the patient.	El médico está atendiendo al paciente.			生病的人	a person who is ill	una persona enferma	HSK3
不但	不但	búdàn	not only	no solo	她不但漂亮，而且聪明。	She is not only pretty, but also smart.	Ella no solo es guapa, sino también inteligente.			表示更进一层的意思	indicates an added, further point	indica un punto adicional	HSK3
不见	不見	bújiàn	to disappear	desaparecer	我的钥匙不见了。	My keys have disappeared.	Mis llaves han desaparecido.			找不到，消失了	cannot be found, has vanished	no se puede encontrar, ha desaparecido	HSK3
不用	不用	búyòng	need not	no hace falta	不用谢。	No need to thank me.	No hace falta que me lo agradezcas.			表示没有必要	indicates there's no need	indica que no es necesario	HSK3
不同	不同	bù tóng	different	diferente	我们的看法不同。	Our opinions are different.	Nuestras opiniones son diferentes.			不一样	not the same	no igual	HSK3
不久	不久	bùjiǔ	soon, not long after	dentro de poco	他不久就会回来。	He will be back soon.	Volverá dentro de poco.			相隔的时间短	a short interval of time	un intervalo de tiempo corto	HSK3
不行	不行	bùxíng	not allowed, won't do	no vale, no se puede	这样做不行。	You can't do it this way.	No se puede hacer así.			不可以，不被允许	not permissible, not allowed	no permisible, no permitido	HSK3
才	才	cái	just, only	solo, apenas	他才八岁。	He is only eight years old.	Solo tiene ocho años.			表示数量少或时间晚	indicates a small quantity or a late time	indica una cantidad pequeña o un momento tardío	HSK3
菜单	菜單	càidān	menu	menú	请给我看一下菜单。	Please show me the menu.	Por favor, enséñame el menú.			列有菜名和价格的单子	a list showing dish names and prices	lista con los nombres y precios de los platos	HSK3
参加	參加	cānjiā	to join, to attend	participar, asistir	我想参加这个活动。	I want to join this activity.	Quiero participar en esta actividad.			加入某种组织或活动	to join an organization or activity	unirse a una organización o actividad	HSK3
草	草	cǎo	grass	hierba	草地上有很多草。	There is a lot of grass on the lawn.	Hay mucha hierba en el césped.			一种矮小的绿色植物	a small green plant	una planta verde de poca altura	HSK3
草地	草地	cǎodì	grassland	césped	孩子们在草地上玩。	The children are playing on the grass.	Los niños juegan en el césped.			长满草的地方	a place covered in grass	lugar cubierto de hierba	HSK3
层	層	céng	measure word for layer, floor	(clasificador de capas, pisos)	这栋楼有十层。	This building has ten floors.	Este edificio tiene diez plantas.			重叠事物的量词	a measure word for stacked things	clasificador para cosas apiladas	HSK3
查	查	chá	to check	consultar, comprobar	我在网上查了这个词。	I looked up this word online.	Busqué esta palabra en internet.			为了了解情况而进行调查	to investigate in order to understand a situation	investigar para entender una situación	HSK3
差	差	chà	bad, poor; to lack	malo; faltar	他的成绩比较差。	His grades are quite poor.	Sus notas son bastante malas.			不好，或不够	not good, or insufficient	no bueno, o insuficiente	HSK3
差不多	差不多	chàbuduō	almost, similar	casi, parecido	我们差不多到了。	We're almost there.	Ya casi hemos llegado.			相差很小，接近	very little difference, close	diferencia muy pequeña, cercano	HSK3
尝	嘗	cháng	to taste	probar	你尝尝这个菜。	Try tasting this dish.	Prueba este plato.			吃一点儿试试味道	to eat a little to test the flavor	comer un poco para probar el sabor	HSK3
常	常	cháng	often, frequent	a menudo	他常去图书馆。	He often goes to the library.	Él va a menudo a la biblioteca.			时常，经常	frequently, often	con frecuencia, a menudo	HSK3
常见	常見	cháng jiàn	common	común	这是一个常见的问题。	This is a common problem.	Este es un problema común.			经常见到，不少见	frequently seen, not rare	que se ve con frecuencia, no raro	HSK3
常用	常用	cháng yòng	commonly used	de uso común	这是一个常用的词。	This is a commonly used word.	Esta es una palabra de uso común.			常常使用	used frequently	se usa con frecuencia	HSK3
常常	常常	chángcháng	often	a menudo	我常常一个人吃饭。	I often eat alone.	A menudo como solo.			屡次，时常	repeatedly, frequently	repetidamente, con frecuencia	HSK3
衬衫	襯衫	chènshān	shirt	camisa	他穿了一件白衬衫。	He wore a white shirt.	Llevaba puesta una camisa blanca.			穿在外套里面的上衣	a top worn under a jacket	prenda superior que se lleva bajo una chaqueta	HSK3
成绩	成績	chéngjì	score, grade, achievement	nota, resultado	他的成绩很好。	His grades are very good.	Sus notas son muy buenas.			工作或学习的结果	the result of work or study	el resultado del trabajo o el estudio	HSK3
城市	城市	chéngshì	city	ciudad	北京是一个大城市。	Beijing is a big city.	Pekín es una ciudad grande.			人口集中、工商业发达的地方	a place with a concentrated population and developed commerce/industry	lugar con población concentrada y comercio/industria desarrollados	HSK3
迟到	遲到	chídào	to be late	llegar tarde	他今天上班迟到了。	He was late for work today.	Hoy llegó tarde al trabajo.			到达的时间比规定的晚	to arrive later than the scheduled time	llegar más tarde de lo previsto	HSK3
出发	出發	chūfā	to set out, to leave	partir	我们明天早上出发。	We set out tomorrow morning.	Partimos mañana por la mañana.			离开出发地前往目的地	to leave the starting point for a destination	salir del punto de partida hacia un destino	HSK3
出生	出生	chūshēng	to be born	nacer	他在北京出生。	He was born in Beijing.	Nació en Pekín.			胎儿从母体中生出来	a fetus is born from the mother's body	el feto nace del cuerpo de la madre	HSK3
出院	出院	chūyuàn	to be discharged from hospital	recibir el alta hospitalaria	他明天就能出院了。	He can be discharged from the hospital tomorrow.	Mañana ya podrá recibir el alta.			病人治疗后离开医院	a patient leaves the hospital after treatment	un paciente deja el hospital tras el tratamiento	HSK3
初中	初中	chūzhōng	junior high school	secundaria (primer ciclo)	我妹妹在读初中。	My younger sister is in junior high school.	Mi hermana pequeña está en secundaria.			初级中学	junior secondary school	escuela secundaria de primer ciclo	HSK3
除了	除了	chúle	except, besides	excepto, además de	除了他，大家都来了。	Except for him, everyone came.	Excepto él, vinieron todos.			表示不计算在内，或另外增加	indicates exclusion, or an additional inclusion	indica exclusión, o una inclusión adicional	HSK3
船	船	chuán	boat	barco	我们坐船去了那个岛。	We took a boat to that island.	Fuimos en barco a esa isla.			水上的交通工具	a vehicle for water transport	vehículo de transporte por agua	HSK3
春天	春天	chūntiān	spring	primavera	春天到了，花都开了。	Spring has arrived, the flowers have all bloomed.	Ha llegado la primavera, las flores ya han florecido.			一年四季中的第一季	the first season of the year	la primera estación del año	HSK3
词典	詞典	cídiǎn	dictionary	diccionario	我用词典查生词。	I use a dictionary to look up new words.	Uso el diccionario para buscar palabras nuevas.			收集词语并解释意义的工具书	a reference book that collects words and explains their meanings	libro de consulta que recoge palabras y explica su significado	HSK3
聪明	聰明	cōngmíng	smart, clever	inteligente	这个孩子很聪明。	This child is very smart.	Este niño es muy inteligente.			智力好，理解和学习能力强	good intelligence, strong ability to understand and learn	buena inteligencia, gran capacidad de comprensión y aprendizaje	HSK3
打扫	打掃	dǎsǎo	to clean	limpiar	我们周末打扫房间。	We clean the room on weekends.	Limpiamos la habitación los fines de semana.			清除脏东西，使干净	to remove dirt, to make clean	eliminar la suciedad, dejar limpio	HSK3
打算	打算	dǎsuàn	to plan; plan	planear; plan	你暑假打算做什么？	What do you plan to do this summer?	¿Qué planeas hacer este verano?			事先考虑要做的事	to think in advance about what to do	pensar de antemano lo que se va a hacer	HSK3
大概	大概	dàgài	general, rough; probably	general; probablemente	他大概明天到。	He will probably arrive tomorrow.	Probablemente llegue mañana.			表示估计，不十分精确	indicates an estimate, not very precise	indica una estimación, no muy precisa	HSK3
大人	大人	dàren	adult	adulto	这是大人的事，小孩儿别管。	This is adults' business, kids stay out of it.	Esto es asunto de adultos, los niños no se metan.			成年人	a grown-up person	una persona adulta	HSK3
大小	大小	dàxiǎo	size	tamaño	这双鞋的大小正合适。	The size of these shoes fits perfectly.	El tamaño de estos zapatos es perfecto.			尺寸的大和小	the largeness and smallness of a size	lo grande y lo pequeño de un tamaño	HSK3
大熊猫	大熊貓	dàxióngmāo	giant panda	panda gigante	大熊猫是中国的国宝。	The giant panda is China's national treasure.	El panda gigante es el tesoro nacional de China.			一种黑白相间的珍稀动物	a rare black-and-white animal	un animal raro de color blanco y negro	HSK3
大衣	大衣	dàyī	coat	abrigo	冬天要穿大衣。	You need to wear a coat in winter.	Hay que llevar abrigo en invierno.			冬天穿的长外套	a long outer garment worn in winter	prenda larga exterior que se lleva en invierno	HSK3
带	帶	dài	to bring, to take	llevar, traer	出门记得带伞。	Remember to bring an umbrella when you go out.	Acuérdate de llevar paraguas al salir.			随身携带某物	to carry something with oneself	llevar algo consigo	HSK3
担心	擔心	dānxīn	to worry	preocuparse	别担心，一切都会好的。	Don't worry, everything will be fine.	No te preocupes, todo saldrá bien.			心里不安，害怕出问题	feeling uneasy, afraid something will go wrong	sentirse inquieto, con miedo de que algo salga mal	HSK3
蛋糕	蛋糕	dàngāo	cake	tarta	妈妈做了一个生日蛋糕。	Mom made a birthday cake.	Mamá hizo una tarta de cumpleaños.			用鸡蛋、面粉等做成的甜食	a sweet food made from eggs, flour, etc.	un dulce hecho con huevos, harina, etc.	HSK3
当然	當然	dāngrán	of course	por supuesto	当然可以，没问题。	Of course you can, no problem.	Por supuesto que puedes, no hay problema.			理所应当，没有疑问	naturally so, without doubt	naturalmente así, sin duda	HSK3
到处	到處	dàochù	everywhere	por todas partes	他到处找他的猫。	He looked everywhere for his cat.	Buscó a su gato por todas partes.			各个地方	every place	todos los lugares	HSK3
得	得	dé	to get, to obtain; (děi) must	obtener, conseguir; (děi) deber	他每次考试都得第一名。	He gets first place every time in exams.	Siempre saca el primer puesto en los exámenes.			获得，取得；也读作"děi"表示必须、需要	to obtain, to gain; also read as "děi" indicating necessity	obtener, conseguir; también se lee "děi" e indica necesidad	HSK3
得到	得到	dédào	to get, to obtain	obtener	他得到了大家的帮助。	He got everyone's help.	Obtuvo la ayuda de todos.			获得，取得	to obtain, to gain	obtener, conseguir	HSK3
得分	得分	défēn	to score; score	marcar; puntuación	我们队又得分了。	Our team scored again.	Nuestro equipo volvió a marcar.			获得分数	to obtain points	obtener puntos	HSK3
的话	的話	dehuà	(used after a conditional clause)	(tras una cláusula condicional)	如果明天下雨的话，我们就不去了。	If it rains tomorrow, we won't go.	Si mañana llueve, no iremos.			用在表示假设的分句后面	used after a clause expressing a hypothesis	se usa tras una cláusula que expresa una hipótesis	HSK3
灯	燈	dēng	lamp, light	lámpara	请把灯打开。	Please turn on the light.	Por favor, enciende la luz.			用来照明的器具	a device used for lighting	aparato usado para iluminar	HSK3
地	地	dì	ground, earth, land	tierra, suelo	他坐在地上休息。	He sat on the ground to rest.	Se sentó en el suelo a descansar.			陆地的表面	the surface of the land	la superficie de la tierra	HSK3
地点	地點	dìdiǎn	place, location	lugar	我们约好了见面的地点。	We agreed on the meeting place.	Acordamos el lugar de encuentro.			所在的地方	the place where something is located	el lugar donde algo se encuentra	HSK3
地方	地方	dìfang	place	lugar	这是一个很漂亮的地方。	This is a very beautiful place.	Este es un lugar muy bonito.			某一区域或空间	a certain area or space	una determinada zona o espacio	HSK3
地图	地圖	dìtú	map	mapa	请看一下这张地图。	Please look at this map.	Por favor, mira este mapa.			表示地理情况的图	a drawing that represents geographic information	dibujo que representa información geográfica	HSK3
电	電	diàn	electricity	electricidad	昨晚停电了。	The power went out last night.	Anoche se fue la luz.			一种能源，可用于照明和驱动机器	a form of energy used for lighting and powering machines	una forma de energía usada para iluminar y hacer funcionar máquinas	HSK3
电梯	電梯	diàntī	elevator	ascensor	我们坐电梯上楼。	We take the elevator upstairs.	Subimos en ascensor.			用来上下楼的机器	a machine used to go up and down floors	máquina usada para subir y bajar pisos	HSK3
电子书	電子書	diànzǐshū	e-book	libro electrónico	我喜欢在手机上看电子书。	I like reading e-books on my phone.	Me gusta leer libros electrónicos en el móvil.			以电子形式存在的书	a book that exists in electronic form	libro que existe en forma electrónica	HSK3
丢	丟	diū	to lose, to throw away	perder, tirar	我把手机丢了。	I lost my phone.	Perdí mi móvil.			遗失，或扔掉	to lose, or to throw away	perder, o tirar	HSK3
东	東	dōng	east	este	太阳从东边升起。	The sun rises in the east.	El sol sale por el este.			四个方向之一，与西相对	one of the four directions, opposite of west	una de las cuatro direcciones, opuesta al oeste	HSK3
东北	東北	dōngběi	northeast	noreste	他是中国东北人。	He is from northeast China.	Él es del noreste de China.			东和北之间的方向	the direction between east and north	la dirección entre el este y el norte	HSK3
东方	東方	dōngfāng	east	oriente	太阳从东方升起。	The sun rises from the east.	El sol sale por el oriente.			东边的方向或地区	the eastern direction or region	la dirección o región del este	HSK3
东南	東南	dōngnán	southeast	sureste	他去了东南亚旅游。	He traveled to Southeast Asia.	Viajó al sureste asiático.			东和南之间的方向	the direction between east and south	la dirección entre el este y el sur	HSK3
冬天	冬天	dōngtiān	winter	invierno	冬天下雪了。	It snowed in winter.	Nevó en invierno.			一年四季中最冷的季节	the coldest season of the year	la estación más fría del año	HSK3
懂得	懂得	dǒngde	to understand	comprender	他懂得很多道理。	He understands many principles.	Él comprende muchos principios.			知道，了解	to know, to comprehend	saber, comprender	HSK3
动物	動物	dòngwù	animal	animal	我喜欢小动物。	I like small animals.	Me gustan los animales pequeños.			有生命、能自由活动的生物	a living being capable of free movement	un ser vivo capaz de moverse libremente	HSK3
动物园	動物園	dòngwùyuán	zoo	zoológico	我们周末去动物园。	We're going to the zoo this weekend.	Vamos al zoológico este fin de semana.			饲养展示动物供人参观的地方	a place that keeps and displays animals for visitors	lugar que cría y exhibe animales para los visitantes	HSK3
短	短	duǎn	short	corto	这条裙子有点儿短。	This skirt is a bit short.	Esta falda es un poco corta.			长度小	small in length	de longitud pequeña	HSK3
短裤	短褲	duǎnkù	shorts	pantalones cortos	夏天我常穿短裤。	I often wear shorts in summer.	En verano suelo llevar pantalones cortos.			裤腿很短的裤子	pants with very short legs	pantalones con perneras muy cortas	HSK3
段	段	duàn	measure word for segment, paragraph	(clasificador de tramos, párrafos)	请读第一段。	Please read the first paragraph.	Por favor, lee el primer párrafo.			事物的一部分的量词	a measure word for a part of something	clasificador para una parte de algo	HSK3
锻炼	鍛煉	duànliàn	to exercise	hacer ejercicio	他每天锻炼身体。	He exercises every day.	Él hace ejercicio todos los días.			通过运动增强体质	to strengthen the body through exercise	fortalecer el cuerpo mediante el ejercicio	HSK3
对话	對話	duìhuà	dialogue, conversation	diálogo	请听下面的对话。	Please listen to the following dialogue.	Por favor, escucha el siguiente diálogo.			两个人或多人之间的谈话	a conversation between two or more people	una conversación entre dos o más personas	HSK3
饿	餓	è	hungry	hambriento	我饿了，想吃东西。	I'm hungry, I want to eat something.	Tengo hambre, quiero comer algo.			肚子空，想吃东西	an empty stomach, wanting to eat	estómago vacío, con ganas de comer	HSK3
而且	而且	érqiě	and, moreover	y además	这个包很好看，而且不贵。	This bag is nice-looking, and moreover it's not expensive.	Este bolso es bonito, y además no es caro.			表示进一步补充	indicates a further addition	indica una adición adicional	HSK3
耳朵	耳朵	ěrduo	ear	oreja	他的耳朵很大。	His ears are very big.	Sus orejas son muy grandes.			用来听声音的器官	the organ used for hearing	el órgano usado para oír	HSK3
耳机	耳機	ěrjī	earphone	auriculares	我喜欢戴耳机听音乐。	I like wearing earphones to listen to music.	Me gusta ponerme los auriculares para escuchar música.			戴在耳朵上听声音的设备	a device worn on the ear to listen to sound	dispositivo que se lleva en la oreja para escuchar sonido	HSK3
发	發	fā	to send, to issue	enviar	我给他发了一条短信。	I sent him a text message.	Le envié un mensaje de texto.			送出，交付	to send out, to deliver	enviar, entregar	HSK3
发烧	發燒	fāshāo	to have a fever	tener fiebre	孩子发烧了，得看医生。	The child has a fever, we need to see a doctor.	El niño tiene fiebre, hay que ir al médico.			体温比正常高	body temperature higher than normal	temperatura corporal más alta de lo normal	HSK3
发生	發生	fāshēng	to happen	suceder	昨天发生了一件有趣的事。	An interesting thing happened yesterday.	Ayer sucedió algo interesante.			事情出现，产生	an event occurs, arises	un suceso ocurre, surge	HSK3
发现	發現	fāxiàn	to find, to discover	descubrir	我发现了一个好办法。	I discovered a good method.	Descubrí un buen método.			找到之前不知道的事物	to find something previously unknown	encontrar algo que antes no se conocía	HSK3
发展	發展	fāzhǎn	to develop	desarrollar	这个城市发展得很快。	This city is developing quickly.	Esta ciudad se desarrolla rápidamente.			事物从小到大、从简单到复杂的变化	a change from small to large, simple to complex	un cambio de pequeño a grande, de simple a complejo	HSK3
方便	方便	fāngbiàn	convenient	conveniente	网上购物很方便。	Online shopping is very convenient.	Comprar por internet es muy conveniente.			容易，没有困难	easy, without difficulty	fácil, sin dificultad	HSK3
方便面	方便麵	fāngbiànmiàn	instant noodles	fideos instantáneos	他晚上煮了一碗方便面。	He cooked a bowl of instant noodles at night.	Por la noche se preparó un bol de fideos instantáneos.			加热水就能吃的面条	noodles that can be eaten just by adding hot water	fideos que se pueden comer con solo añadir agua caliente	HSK3
方法	方法	fāngfǎ	method	método	这是一个学习汉语的好方法。	This is a good method for learning Chinese.	Este es un buen método para aprender chino.			解决问题的步骤或途径	the steps or approach to solving a problem	los pasos o el enfoque para resolver un problema	HSK3
方向	方向	fāngxiàng	direction	dirección	我们走错方向了。	We went the wrong direction.	Fuimos en la dirección equivocada.			前进或所在的方位	the orientation of movement or location	la orientación del movimiento o la ubicación	HSK3
房子	房子	fángzi	house	casa	他们买了一套新房子。	They bought a new house.	Compraron una casa nueva.			供人居住的建筑	a building for people to live in	edificio para que la gente viva	HSK3
放	放	fàng	to put, to place	poner	请把书放在桌子上。	Please put the book on the table.	Por favor, pon el libro sobre la mesa.			使物体处于某个位置	to make an object be in a certain position	hacer que un objeto esté en cierta posición	HSK3
放假	放假	fàngjià	to have a holiday	estar de vacaciones	我们下周放假。	We're on holiday next week.	La semana que viene estamos de vacaciones.			按规定停止上课或上班	to stop classes or work as scheduled	dejar de asistir a clases o trabajo según lo establecido	HSK3
放心	放心	fàngxīn	to relax, to feel at ease	estar tranquilo	你放心，一切都很顺利。	Don't worry, everything is going smoothly.	Quédate tranquilo, todo va bien.			心里没有顾虑	having no worries in one's heart	no tener preocupaciones en el corazón	HSK3
放学	放學	fàngxué	school is over	salir de clase	孩子们放学回家了。	The children went home after school.	Los niños se fueron a casa al salir de clase.			学校每天规定的下课时间	the daily scheduled time classes end at school	la hora diaria en que terminan las clases en la escuela	HSK3
分开	分開	fēnkāi	to separate	separar(se)	他们最终还是分开了。	In the end, they still separated.	Al final, se separaron.			使不再连接或在一起	to make no longer connected or together	hacer que ya no estén conectados o juntos	HSK3
风	風	fēng	wind	viento	今天风很大。	The wind is very strong today.	Hoy hace mucho viento.			空气流动的现象	the phenomenon of moving air	el fenómeno del aire en movimiento	HSK3
封	封	fēng	measure word for letters	(clasificador de cartas)	我给她写了一封信。	I wrote her a letter.	Le escribí una carta.			用于信件的量词	a measure word for letters	clasificador para cartas	HSK3
夫妻	夫妻	fūqī	husband and wife	matrimonio	他们是一对幸福的夫妻。	They are a happy married couple.	Son un matrimonio feliz.			丈夫和妻子	husband and wife	marido y mujer	HSK3
服务	服務	fúwù	to serve	servir	这家酒店的服务很好。	This hotel's service is very good.	El servicio de este hotel es muy bueno.			为别人做事，满足其需要	to do things for others, meeting their needs	hacer cosas por otros, satisfaciendo sus necesidades	HSK3
附近	附近	fùjìn	nearby	cerca, en las proximidades	附近有一家超市。	There's a supermarket nearby.	Hay un supermercado cerca.			靠近某地的地方	a place close to somewhere	lugar cercano a algún sitio	HSK3
复习	複習	fùxí	to review	repasar	我在复习考试内容。	I'm reviewing the exam material.	Estoy repasando el contenido del examen.			重新学习已经学过的内容	to relearn content already studied	volver a estudiar contenido ya aprendido	HSK3
该	該	gāi	should	deber	你该休息一下了。	You should take a rest now.	Deberías descansar un poco.			应当	ought to	deber, corresponder	HSK3
干净	乾淨	gānjìng	clean	limpio	房间打扫得很干净。	The room was cleaned very well.	La habitación quedó muy limpia.			没有灰尘和污渍	free of dust and dirt	sin polvo ni suciedad	HSK3
感兴趣	感興趣	gǎn xìngqù	to be interested in	estar interesado en	我对中国历史很感兴趣。	I'm very interested in Chinese history.	Estoy muy interesado en la historia china.			对某事物有兴趣	to have interest in something	tener interés en algo	HSK3
感到	感到	gǎndào	to feel	sentir	他感到很高兴。	He feels very happy.	Se siente muy contento.			内心产生某种感觉	to have a certain feeling arise inside	que surja cierto sentimiento por dentro	HSK3
感冒	感冒	gǎnmào	cold; to catch a cold	resfriado; resfriarse	我感冒了，头很疼。	I caught a cold, my head hurts a lot.	Me he resfriado, me duele mucho la cabeza.			一种常见的呼吸道疾病	a common respiratory illness	una enfermedad respiratoria común	HSK3
干	幹	gàn	to do, to work	hacer, trabajar	你在干什么？	What are you doing?	¿Qué estás haciendo?			做事，从事某种工作	to do something, to engage in some work	hacer algo, dedicarse a algún trabajo	HSK3
刚	剛	gāng	just, just now	justo, recién	他刚到家。	He just got home.	Acaba de llegar a casa.			表示动作发生在不久前	indicates an action happened not long ago	indica que una acción ocurrió hace poco	HSK3
刚才	剛才	gāngcái	just now	hace un momento	刚才是谁给我打电话？	Who called me just now?	¿Quién me llamó hace un momento?			指刚过去的时间	refers to the time that just passed	se refiere al tiempo que acaba de pasar	HSK3
刚刚	剛剛	gānggāng	just now, a moment ago	hace un instante	他刚刚离开。	He just left.	Acaba de irse.			强调时间刚过去不久	emphasizes that the time has only just passed	enfatiza que el tiempo acaba de pasar	HSK3
高铁	高鐵	gāotiě	high-speed rail	tren de alta velocidad	我坐高铁去上海。	I take the high-speed rail to Shanghai.	Voy a Shanghái en tren de alta velocidad.			速度很快的火车	a very fast train	un tren muy rápido	HSK3
根据	根據	gēnjù	to base on; according to	basarse en; según	根据天气预报，明天会下雨。	According to the weather forecast, it will rain tomorrow.	Según el pronóstico, mañana lloverá.			以某种事实为依据	to take a certain fact as a basis	tomar cierto hecho como base	HSK3
更	更	gèng	more	más	今天比昨天更冷。	Today is even colder than yesterday.	Hoy hace aún más frío que ayer.			表示程度上又深一层	indicates a further degree	indica un grado adicional	HSK3
公斤	公斤	gōngjīn	kilogram	kilogramo	这个包重五公斤。	This bag weighs five kilograms.	Esta bolsa pesa cinco kilogramos.			重量单位	a unit of weight	unidad de peso	HSK3
公园	公園	gōngyuán	park	parque	我们在公园散步。	We took a walk in the park.	Dimos un paseo por el parque.			供公众休闲的场所	a place for public leisure	lugar de ocio público	HSK3
工作日	工作日	gōngzuòrì	workday	día laborable	工作日不能去旅游。	You can't travel on workdays.	No se puede viajar en días laborables.			需要上班的日子	a day when one needs to work	día en que hay que trabajar	HSK3
故事	故事	gùshi	story	cuento, historia	妈妈给我讲故事。	Mom tells me stories.	Mamá me cuenta cuentos.			叙述人物经历的文字或口头讲述	a narration of a character's experiences, written or spoken	narración de las experiencias de un personaje, escrita u oral	HSK3
刮	颳	guā	to scrape, to blow	soplar (viento)	外面刮风了。	The wind is blowing outside.	Está soplando viento afuera.			风吹动	the wind blows	el viento sopla	HSK3
关	關	guān	to close, to turn off	cerrar, apagar	请关上窗户。	Please close the window.	Por favor, cierra la ventana.			使开着的东西合上	to make something open become closed	hacer que algo abierto se cierre	HSK3
关机	關機	guānjī	to turn off device	apagar el dispositivo	睡觉前请关机。	Please turn off your device before sleeping.	Apaga el dispositivo antes de dormir.			关闭电子设备的电源	to turn off the power of an electronic device	apagar la energía de un dispositivo electrónico	HSK3
关系	關係	guānxì	relationship	relación	他们的关系很好。	Their relationship is very good.	Su relación es muy buena.			人或事物之间的联系	a connection between people or things	una conexión entre personas o cosas	HSK3
关心	關心	guānxīn	to care about	preocuparse por	老师很关心学生。	The teacher cares a lot about the students.	El profesor se preocupa mucho por los estudiantes.			把人或事物放在心上	to keep a person or thing in one's heart	tener presente a una persona o cosa	HSK3
关于	關於	guānyú	about, regarding	sobre, acerca de	这是一本关于历史的书。	This is a book about history.	Este es un libro sobre historia.			表示涉及的事物	indicates the matter concerned	indica el asunto en cuestión	HSK3
关注	關注	guānzhù	to pay attention to, to follow	seguir con atención	很多人关注这个消息。	Many people are paying attention to this news.	Mucha gente sigue esta noticia con atención.			关心重视，密切注意	to care about and pay close attention	preocuparse y prestar mucha atención	HSK3
国家	國家	guójiā	country	país	世界上有很多国家。	There are many countries in the world.	Hay muchos países en el mundo.			拥有独立主权的地区	a region with independent sovereignty	región con soberanía independiente	HSK3
过节	過節	guòjié	to celebrate a festival	celebrar una festividad	一家人一起过节。	The whole family celebrates the festival together.	Toda la familia celebra la festividad junta.			庆祝节日	to celebrate a holiday	celebrar una fiesta	HSK3
过去	過去	guòqù	past	pasado	过去的事就让它过去吧。	Let the past be the past.	Deja que el pasado quede en el pasado.			已经经历的时间	time that has already passed	tiempo que ya ha transcurrido	HSK3
海	海	hǎi	sea	mar	我们暑假去看海。	We're going to see the sea this summer.	Vamos a ver el mar este verano.			广大的咸水水域	a vast body of salt water	una vasta extensión de agua salada	HSK3
害怕	害怕	hàipà	to be afraid	tener miedo	她害怕一个人在家。	She's afraid of being home alone.	Tiene miedo de estar sola en casa.			心里感到恐惧	to feel fear inside	sentir miedo por dentro	HSK3
好多	好多	hǎoduō	many, a lot	muchos	公园里有好多人。	There are a lot of people in the park.	Hay mucha gente en el parque.			很多	very many	muchos	HSK3
好久	好久	hǎojiǔ	a long time	mucho tiempo	好久不见！	Long time no see!	¡Cuánto tiempo sin verte!			很长的时间	a very long time	mucho tiempo	HSK3
好像	好像	hǎoxiàng	to seem, as if	parecer	天好像要下雨了。	It looks like it's going to rain.	Parece que va a llover.			表示不十分确定的判断	indicates an uncertain judgment	indica un juicio no del todo seguro	HSK3
号码	號碼	hàomǎ	number, code	número	请告诉我你的电话号码。	Please tell me your phone number.	Dime tu número de teléfono, por favor.			表示次序或身份的数字	a digit indicating order or identity	cifra que indica orden o identidad	HSK3
河	河	hé	river	río	这条河很长。	This river is very long.	Este río es muy largo.			陆地上的天然水流	a natural flow of water on land	un flujo natural de agua en tierra	HSK3
合适	合適	héshì	suitable	adecuado	这件衣服很合适。	This piece of clothing is very suitable.	Esta ropa le queda muy bien.			符合要求，正合适	meeting requirements, just right	que cumple los requisitos, justo lo adecuado	HSK3
黑板	黑板	hēibǎn	blackboard	pizarra	老师在黑板上写字。	The teacher writes on the blackboard.	El profesor escribe en la pizarra.			用于书写的深色板子	a dark board used for writing	tablero oscuro que se usa para escribir	HSK3
红绿灯	紅綠燈	hóng-lǜdēng	traffic light	semáforo	请在红绿灯那里右转。	Please turn right at the traffic light.	Gira a la derecha en el semáforo.			指挥交通的信号灯	a signal light that directs traffic	semáforo que dirige el tráfico	HSK3
后来	後來	hòulái	later, afterwards	después, más tarde	后来他们成了好朋友。	Afterwards, they became good friends.	Más tarde, se hicieron buenos amigos.			指某件事之后的时间	refers to the time after a certain event	se refiere al tiempo después de cierto suceso	HSK3
后年	後年	hòunián	the year after next	dentro de dos años	我们后年再来。	We'll come again the year after next.	Volveremos dentro de dos años.			明年的下一年	the year after next year	el año siguiente al próximo	HSK3
后天	後天	hòutiān	the day after tomorrow	pasado mañana	后天是我的生日。	The day after tomorrow is my birthday.	Pasado mañana es mi cumpleaños.			明天的下一天	the day after tomorrow	el día después de mañana	HSK3
护照	護照	hùzhào	passport	pasaporte	出国旅游需要护照。	You need a passport to travel abroad.	Se necesita pasaporte para viajar al extranjero.			出入国境用的身份证件	an identity document used for crossing borders	documento de identidad usado para cruzar fronteras	HSK3
花园	花園	huāyuán	garden	jardín	他家有一个漂亮的花园。	His house has a beautiful garden.	Su casa tiene un jardín precioso.			种花草树木供观赏的地方	a place where flowers and plants are grown for viewing	lugar donde se cultivan flores y plantas para admirar	HSK3
画家	畫家	huàjiā	painter, artist	pintor	他是一位有名的画家。	He is a famous painter.	Es un pintor famoso.			以绘画为职业的人	a person whose profession is painting	persona cuya profesión es la pintura	HSK3
欢迎	歡迎	huānyíng	to welcome	dar la bienvenida	欢迎来到中国！	Welcome to China!	¡Bienvenido a China!			高兴地迎接	to happily receive someone	recibir a alguien con alegría	HSK3
还	還	huán	to return, to give back	devolver	我明天还你钱。	I'll pay you back tomorrow.	Te devolveré el dinero mañana.			把借的东西给回去	to give back something borrowed	devolver algo prestado	HSK3
环境	環境	huánjìng	environment	medio ambiente	我们要保护环境。	We must protect the environment.	Debemos proteger el medio ambiente.			周围的自然条件和社会条件	the surrounding natural and social conditions	las condiciones naturales y sociales circundantes	HSK3
换	換	huàn	to exchange, to change	cambiar	我想换一件大一点儿的。	I want to exchange for a slightly bigger one.	Quiero cambiarlo por uno un poco más grande.			用一物代替另一物	to substitute one thing for another	sustituir una cosa por otra	HSK3
黄色	黃色	huángsè	yellow	amarillo	她喜欢黄色的花。	She likes yellow flowers.	A ella le gustan las flores amarillas.			像香蕉一样的颜色	a color like a banana	color como el de un plátano	HSK3
回答	回答	huídá	to answer	responder	请回答我的问题。	Please answer my question.	Por favor, responde a mi pregunta.			对问题给出反应	to give a response to a question	dar una respuesta a una pregunta	HSK3
会	會	huì	meeting	reunión	明天有一个重要的会。	There's an important meeting tomorrow.	Mañana hay una reunión importante.			多人聚集商议事情的活动	an activity where people gather to discuss matters	actividad en la que se reúne gente para discutir asuntos	HSK3
会议	會議	huìyì	meeting	reunión (formal)	会议下午三点开始。	The meeting starts at 3pm.	La reunión empieza a las tres de la tarde.			正式讨论问题的集会	a formal gathering to discuss issues	reunión formal para discutir asuntos	HSK3
或	或	huò	or	o	你可以坐火车或飞机去。	You can go by train or plane.	Puedes ir en tren o en avión.			表示选择	indicates a choice	indica una elección	HSK3
或者	或者	huòzhě	or	o	我们可以喝茶或者咖啡。	We can drink tea or coffee.	Podemos tomar té o café.			表示选择关系	indicates a relationship of choice	indica una relación de elección	HSK3
鸡	雞	jī	chicken	pollo	妈妈做了红烧鸡。	Mom made braised chicken.	Mamá preparó pollo estofado.			一种常见的家禽	a common domestic fowl	un ave doméstica común	HSK3
几乎	幾乎	jīhū	almost	casi	他几乎每天都来。	He comes almost every day.	Viene casi todos los días.			差不多，接近于	nearly, close to	casi, cercano a	HSK3
机会	機會	jīhuì	opportunity	oportunidad	这是一个很好的机会。	This is a great opportunity.	Esta es una gran oportunidad.			有利的时机	a favorable moment	un momento favorable	HSK3
极	極	jí	extremely	extremadamente	这个菜好吃极了。	This dish is extremely delicious.	Este plato está buenísimo.			表示程度最高	indicates the highest degree	indica el grado máximo	HSK3
急	急	jí	urgent	urgente	这件事很急。	This matter is very urgent.	Este asunto es muy urgente.			需要马上处理，很快	needing to be handled right away, quick	que necesita atenderse enseguida, rápido	HSK3
记	記	jì	to remember	recordar, apuntar	你要记住这个地址。	You need to remember this address.	Tienes que memorizar esta dirección.			把印象保持在脑子里	to keep an impression in one's mind	mantener una impresión en la mente	HSK3
季	季	jì	season	estación	一年有四季。	There are four seasons in a year.	Hay cuatro estaciones en un año.			一年中的一个时期	a period within a year	un periodo dentro de un año	HSK3
季节	季節	jìjié	season	estación (del año)	春天是我最喜欢的季节。	Spring is my favorite season.	La primavera es mi estación favorita.			根据气候划分的时期	a period divided according to climate	periodo dividido según el clima	HSK3
加	加	jiā	to add	añadir	请给我的咖啡加一点儿糖。	Please add a bit of sugar to my coffee.	Añade un poco de azúcar a mi café, por favor.			使数量增多	to increase a quantity	aumentar una cantidad	HSK3
假期	假期	jiàqī	vacation	vacaciones	假期我打算去旅游。	I plan to travel during the vacation.	Pienso viajar durante las vacaciones.			放假的时间	the period of a holiday	el periodo de vacaciones	HSK3
坚持	堅持	jiānchí	to persist	persistir	只要坚持，就会成功。	As long as you persist, you will succeed.	Con tal de que persistas, tendrás éxito.			不放弃地继续做某事	to continue doing something without giving up	continuar haciendo algo sin rendirse	HSK3
检查	檢查	jiǎnchá	to check, to inspect	revisar	医生给他检查了身体。	The doctor examined his body.	El médico le hizo una revisión.			为了发现问题而察看	to look over in order to find problems	examinar para encontrar problemas	HSK3
简单	簡單	jiǎndān	simple	sencillo	这道题很简单。	This question is very simple.	Esta pregunta es muy sencilla.			不复杂，容易理解	not complicated, easy to understand	no complicado, fácil de entender	HSK3
检票	檢票	jiǎnpiào	ticket checking	control de billetes	请在这里检票。	Please check your ticket here.	Por favor, valide su billete aquí.			检查车票或门票	to check a train ticket or admission ticket	revisar un billete de tren o entrada	HSK3
健康	健康	jiànkāng	healthy	saludable	多运动对健康有好处。	Exercising more is good for health.	Hacer más ejercicio es bueno para la salud.			身体没有疾病，机能正常	the body is free of disease, functioning normally	el cuerpo está libre de enfermedad, funcionando con normalidad	HSK3
见面	見面	jiànmiàn	to meet	verse, encontrarse	我们明天见面吧。	Let's meet tomorrow.	Vámonos a ver mañana.			彼此当面相见	to see each other face to face	verse cara a cara	HSK3
讲	講	jiǎng	to speak, to talk	hablar, explicar	老师在讲一个故事。	The teacher is telling a story.	El profesor está contando una historia.			说，叙述	to speak, to narrate	hablar, narrar	HSK3
角	角	jiǎo	measure word for fractions, angle, currency	(unidad monetaria; ángulo)	这个玩具十块五角。	This toy costs ten yuan and five jiao.	Este juguete cuesta diez yuanes con cincuenta céntimos.			货币单位，十分之一元；也指角度	a monetary unit, one-tenth of a yuan; also refers to an angle	unidad monetaria, una décima parte de un yuan; también se refiere a un ángulo	HSK3
脚	腳	jiǎo	foot	pie	我的脚有点儿疼。	My foot hurts a little.	Me duele un poco el pie.			人或动物腿的最下部分	the lowest part of a person's or animal's leg	la parte más baja de la pierna de una persona o animal	HSK3
接	接	jiē	to pick up, to receive	recoger, recibir	我去机场接你。	I'll go pick you up at the airport.	Iré a recogerte al aeropuerto.			迎接，或用手拿住	to welcome, or to catch with the hand	recibir, o coger con la mano	HSK3
街	街	jiē	street	calle	这条街很热闹。	This street is very lively.	Esta calle es muy animada.			城市里两边有房屋的道路	a road in a city lined with buildings	camino en una ciudad bordeado de edificios	HSK3
节	節	jié	measure word for sections; festival	(clasificador de secciones); festividad	中秋节是重要的节日。	Mid-Autumn Festival is an important festival.	El Festival del Medio Otoño es una festividad importante.			段落或课时的量词；也指节日	a measure word for a section or class period; also refers to a festival	clasificador para una sección o periodo de clase; también se refiere a una festividad	HSK3
结婚	結婚	jiéhūn	to marry	casarse	他们下个月结婚。	They're getting married next month.	Se casan el mes que viene.			男女成为夫妻	a man and woman become husband and wife	un hombre y una mujer se convierten en marido y mujer	HSK3
节目	節目	jiémù	program	programa	这是一个很有意思的电视节目。	This is a very interesting TV program.	Este es un programa de televisión muy interesante.			演出或播放的内容	the content performed or broadcast	el contenido representado o emitido	HSK3
节日	節日	jiérì	festival	festividad	春节是中国最重要的节日。	Spring Festival is China's most important festival.	El Festival de Primavera es la festividad más importante de China.			具有纪念意义的日子	a day with commemorative significance	un día con significado conmemorativo	HSK3
结束	結束	jiéshù	to end	terminar	电影结束了。	The movie has ended.	La película ha terminado.			事情发展到最后阶段	an event reaches its final stage	un suceso llega a su etapa final	HSK3
解决	解決	jiějué	to solve	resolver	我们需要解决这个问题。	We need to solve this problem.	Necesitamos resolver este problema.			处理问题使有结果	to handle a problem to reach a resolution	gestionar un problema hasta llegar a una resolución	HSK3
姐妹	姐妹	jiěmèi	sister	hermanas	她们是姐妹。	They are sisters.	Ellas son hermanas.			姐姐和妹妹	older and younger sisters	hermana mayor y hermana menor	HSK3
借	借	jiè	to borrow	pedir prestado	我想借你的自行车。	I want to borrow your bicycle.	Quiero pedirte prestada tu bicicleta.			暂时使用别人的东西	to temporarily use someone else's thing	usar temporalmente algo de otra persona	HSK3
斤	斤	jīn	catty (unit of weight)	jin (unidad de peso)	我买了一斤苹果。	I bought a jin of apples.	Compré medio kilo de manzanas.			中国传统的重量单位	a traditional Chinese unit of weight	unidad tradicional china de peso	HSK3
经过	經過	jīngguò	to pass; process	pasar por; proceso	我每天经过这家商店。	I pass by this store every day.	Paso por esta tienda todos los días.			通过某处或某段时间	to go through a place or period of time	pasar por un lugar o periodo de tiempo	HSK3
经理	經理	jīnglǐ	manager	gerente	他是公司的经理。	He is the company's manager.	Es el gerente de la empresa.			负责管理业务的人	a person responsible for managing business	persona responsable de gestionar el negocio	HSK3
久	久	jiǔ	long (time)	mucho tiempo	你在这儿住了多久？	How long have you lived here?	¿Cuánto tiempo llevas viviendo aquí?			时间长	a long time	mucho tiempo	HSK3
酒	酒	jiǔ	alcohol	alcohol, licor	他不喝酒。	He doesn't drink alcohol.	Él no bebe alcohol.			含酒精的饮料	a beverage containing alcohol	bebida que contiene alcohol	HSK3
旧	舊	jiù	old (not new)	viejo (usado)	这是一辆旧车。	This is an old car.	Este es un coche viejo.			使用过很久，不新	used for a long time, not new	usado durante mucho tiempo, no nuevo	HSK3
句	句	jù	measure word of sentence	(clasificador de oraciones)	他说了一句话。	He said a sentence.	Dijo una frase.			用于语言单位的量词	a measure word for a unit of language	clasificador para una unidad de lenguaje	HSK3
句子	句子	jùzi	sentence	oración	请用这个词造一个句子。	Please make a sentence with this word.	Haz una oración con esta palabra.			能表达完整意思的一组词	a group of words that expresses a complete idea	un conjunto de palabras que expresa una idea completa	HSK3
决定	決定	juédìng	to decide; decision	decidir; decisión	我已经决定了。	I've already decided.	Ya lo he decidido.			做出最后的选择	to make a final choice	tomar una decisión final	HSK3
卡	卡	kǎ	card	tarjeta	请出示你的会员卡。	Please show your membership card.	Por favor, muestra tu tarjeta de socio.			硬质的小卡片	a small, hard card	tarjeta pequeña y rígida	HSK3
开花	開花	kāihuā	to bloom	florecer	春天花都开花了。	In spring, all the flowers bloom.	En primavera, todas las flores florecen.			植物长出花朵	a plant produces flowers	una planta produce flores	HSK3
开会	開會	kāihuì	to have a meeting	tener una reunión	他们在开会。	They are having a meeting.	Están en una reunión.			举行会议	to hold a meeting	celebrar una reunión	HSK3
开机	開機	kāijī	to turn on device	encender el dispositivo	请把电脑开机。	Please turn on the computer.	Enciende el ordenador, por favor.			打开电子设备的电源	to turn on the power of an electronic device	encender la energía de un dispositivo electrónico	HSK3
开心	開心	kāixīn	happy	contento	今天我很开心。	I'm very happy today.	Hoy estoy muy contento.			心情愉快	in a pleasant mood	de humor agradable	HSK3
看来	看來	kànlái	it seems, it appears	al parecer	看来他不会来了。	It seems he won't come.	Al parecer, no va a venir.			根据观察进行推测	to speculate based on observation	especular basándose en la observación	HSK3
可	可	kě	but	pero	房间不大，可很干净。	The room isn't big, but it's very clean.	La habitación no es grande, pero está muy limpia.			表示转折	indicates a turn/contrast	indica un contraste	HSK3
渴	渴	kě	thirsty	sediento	我很渴，想喝水。	I'm very thirsty, I want to drink water.	Tengo mucha sed, quiero beber agua.			想喝水	wanting to drink water	con ganas de beber agua	HSK3
可爱	可愛	kě'ài	lovely	adorable	这只小狗很可爱。	This puppy is very cute.	Este cachorro es muy adorable.			让人喜欢，讨人喜欢	likable, endearing	que agrada, que resulta simpático	HSK3
可是	可是	kěshì	but	pero	我想去，可是没有时间。	I want to go, but I don't have time.	Quiero ir, pero no tengo tiempo.			表示转折关系	indicates a relationship of contrast	indica una relación de contraste	HSK3
刻	刻	kè	quarter (time); to carve	cuarto (de hora); tallar	现在是三点一刻。	It's a quarter past three now.	Ahora son las tres y cuarto.			十五分钟；也指雕刻	fifteen minutes; also refers to carving	quince minutos; también se refiere a tallar	HSK3
课本	課本	kèběn	textbook	libro de texto	请打开你的课本。	Please open your textbook.	Abre tu libro de texto, por favor.			教学用的书	a book used for teaching	libro usado para la enseñanza	HSK3
客人	客人	kèrén	guest	invitado	家里来客人了。	A guest has come to the house.	Ha venido un invitado a casa.			被邀请或来访的人	a person who is invited or visits	persona invitada o que visita	HSK3
课文	課文	kèwén	text (in a lesson)	texto (de una lección)	请朗读第一课的课文。	Please read aloud the text of lesson one.	Lee en voz alta el texto de la lección uno.			课本里的文章	an article in a textbook	un artículo en un libro de texto	HSK3
空调	空調	kōngtiáo	air conditioner	aire acondicionado	房间里的空调坏了。	The air conditioner in the room is broken.	El aire acondicionado de la habitación está roto.			调节室内温度的设备	a device that regulates indoor temperature	dispositivo que regula la temperatura interior	HSK3
哭	哭	kū	to cry	llorar	孩子哭了。	The child cried.	El niño lloró.			因伤心而流泪出声	to shed tears and make sounds out of sadness	derramar lágrimas y hacer ruido por tristeza	HSK3
筷子	筷子	kuàizi	chopsticks	palillos	你会用筷子吗？	Can you use chopsticks?	¿Sabes usar los palillos?			中国人用来吃饭的细棍	thin sticks Chinese people use to eat	palos finos que usan los chinos para comer	HSK3
矿泉水	礦泉水	kuàngquánshuǐ	mineral water	agua mineral	请给我一瓶矿泉水。	Please give me a bottle of mineral water.	Dame una botella de agua mineral, por favor.			从地下泉水中取得的饮用水	drinking water obtained from underground springs	agua potable obtenida de manantiales subterráneos	HSK3
来自	來自	láizì	to come from	provenir de	他来自法国。	He comes from France.	Él proviene de Francia.			从某处而来	to come from somewhere	venir de algún lugar	HSK3
蓝	藍	lán	blue	azul	今天天空很蓝。	The sky is very blue today.	Hoy el cielo está muy azul.			像晴天天空的颜色	a color like a clear sky	color como el del cielo despejado	HSK3
老	老	lǎo	old, aged	viejo, anciano	我的爷爷已经很老了。	My grandfather is already very old.	Mi abuelo ya es muy anciano.			年纪大	advanced in age	de edad avanzada	HSK3
老人	老人	lǎorén	elderly person	persona mayor	公园里有很多老人在锻炼。	Many elderly people are exercising in the park.	Hay muchas personas mayores haciendo ejercicio en el parque.			年纪大的人	a person of advanced age	persona de edad avanzada	HSK3
离开	離開	líkāi	to leave	marcharse	他明天要离开北京。	He is leaving Beijing tomorrow.	Mañana se marcha de Pekín.			从某处或某人身边走开	to move away from a place or person	alejarse de un lugar o persona	HSK3
礼物	禮物	lǐwù	gift	regalo	这是我送给你的礼物。	This is a gift I'm giving you.	Este es un regalo que te doy.			表示心意送给别人的东西	something given to someone to express one's feelings	algo que se da a alguien para expresar afecto	HSK3
历史	歷史	lìshǐ	history	historia	我对中国历史很感兴趣。	I'm very interested in Chinese history.	Me interesa mucho la historia china.			过去发生的事情	events that happened in the past	sucesos que ocurrieron en el pasado	HSK3
脸	臉	liǎn	face	cara	她的脸红了。	Her face turned red.	Se le puso la cara roja.			头的前部	the front part of the head	la parte frontal de la cabeza	HSK3
练	練	liàn	to practice	practicar	他每天练太极拳。	He practices tai chi every day.	Practica tai chi todos los días.			反复学习以求熟练	to study repeatedly to become skilled	estudiar repetidamente para dominar algo	HSK3
练习	練習	liànxí	to practice; exercise	practicar; ejercicio	请做完这些练习。	Please finish these exercises.	Termina estos ejercicios, por favor.			反复学习，或指用来学习的题目	to study repeatedly, or a problem used for study	estudiar repetidamente, o un problema usado para estudiar	HSK3
凉快	涼快	liángkuai	cool	fresco	晚上很凉快。	It's cool in the evening.	Por la noche hace fresco.			微冷，令人舒适	slightly cold, pleasant	ligeramente frío, agradable	HSK3
辆	輛	liàng	measure word for vehicles	(clasificador de vehículos)	路上有很多辆车。	There are many cars on the road.	Hay muchos coches en la carretera.			用于车辆的量词	a measure word for vehicles	clasificador para vehículos	HSK3
聊	聊	liáo	to chat	charlar	我们聊了很久。	We chatted for a long time.	Charlamos durante mucho tiempo.			随意地交谈	to converse casually	conversar de manera informal	HSK3
聊天儿	聊天兒	liáotiānr	to chat	charlar	朋友们喜欢一起聊天儿。	Friends like to chat together.	A los amigos les gusta charlar juntos.			随便谈话	to talk casually	hablar de manera informal	HSK3
了解	瞭解	liǎojiě	to understand	entender, conocer	我不太了解这件事。	I don't quite understand this matter.	No entiendo muy bien este asunto.			清楚地知道	to know clearly	saber con claridad	HSK3
邻居	鄰居	línjū	neighbor	vecino	我的邻居很友好。	My neighbor is very friendly.	Mi vecino es muy amable.			住在附近的人	a person who lives nearby	persona que vive cerca	HSK3
留学	留學	liúxué	to study abroad	estudiar en el extranjero	他打算去英国留学。	He plans to study abroad in the UK.	Planea ir a estudiar al Reino Unido.			到外国学习	to study in a foreign country	estudiar en un país extranjero	HSK3
留学生	留學生	liúxuéshēng	overseas student	estudiante extranjero	学校里有很多留学生。	There are many overseas students at the school.	Hay muchos estudiantes extranjeros en la escuela.			在外国学习的学生	a student studying in a foreign country	estudiante que estudia en un país extranjero	HSK3
楼梯	樓梯	lóutī	stairs	escaleras	请走楼梯上楼。	Please take the stairs upstairs.	Sube por las escaleras, por favor.			供人上下楼用的阶梯	steps used for going up and down floors	escalones que se usan para subir y bajar pisos	HSK3
路边	路邊	lùbiān	roadside	borde de la carretera	车停在路边。	The car is parked at the roadside.	El coche está aparcado al borde de la carretera.			道路的两旁	the sides of a road	los lados de una carretera	HSK3
路口	路口	lùkǒu	intersection	cruce	在下一个路口右转。	Turn right at the next intersection.	Gira a la derecha en el siguiente cruce.			道路交叉的地方	a place where roads cross	lugar donde se cruzan las carreteras	HSK3
马	馬	mǎ	horse	caballo	他喜欢骑马。	He likes riding horses.	Le gusta montar a caballo.			一种可以骑乘的动物	an animal that can be ridden	animal que se puede montar	HSK3
马路	馬路	mǎlù	road	carretera, calzada	过马路要小心。	Be careful when crossing the road.	Ten cuidado al cruzar la calle.			供车辆行驶的宽阔道路	a wide road for vehicles	carretera ancha para vehículos	HSK3
马上	馬上	mǎshàng	immediately	enseguida	我马上就到。	I'll be there right away.	Llego enseguida.			立刻，很快	at once, quickly	de inmediato, rápidamente	HSK3
满意	滿意	mǎnyì	satisfied	satisfecho	我对这个结果很满意。	I'm very satisfied with this result.	Estoy muy satisfecho con este resultado.			感到符合自己的心意	feeling that something matches one's wishes	sentir que algo coincide con lo que uno desea	HSK3
毛	毛	máo	measure word for money; hair	(unidad monetaria); pelo	这个东西两块五毛钱。	This thing costs two yuan and five mao.	Esto cuesta dos yuanes con cincuenta céntimos.			货币单位，十分之一元；也指毛发	a monetary unit, one-tenth of a yuan; also refers to hair	unidad monetaria, una décima parte de un yuan; también se refiere al pelo	HSK3
米	米	mǐ	meter	metro	这条路有五百米长。	This road is five hundred meters long.	Esta carretera mide quinientos metros.			长度单位	a unit of length	unidad de longitud	HSK3
面前	面前	miànqián	in front of	delante de	老师站在学生面前。	The teacher stands in front of the students.	El profesor está de pie delante de los estudiantes.			眼前，跟前	right before one's eyes, nearby	justo delante de los ojos, cerca	HSK3
明白	明白	míngbai	to understand; clear	entender; claro	我明白你的意思了。	I understand what you mean.	Entiendo lo que quieres decir.			知道，理解	to know, to comprehend	saber, comprender	HSK3
名单	名單	míngdān	name list	lista de nombres	请检查一下这份名单。	Please check this name list.	Revisa esta lista de nombres, por favor.			记录人名的单子	a list recording people's names	lista que registra nombres de personas	HSK3
名人	名人	míngrén	famous person	persona famosa	他是一个有名的名人。	He is a well-known famous person.	Es una persona muy famosa.			有名望的人	a person with a reputation	persona con renombre	HSK3
南	南	nán	south	sur	大雁冬天飞往南方。	Wild geese fly south in winter.	Los gansos salvajes vuelan hacia el sur en invierno.			四个方向之一，与北相对	one of the four directions, opposite of north	una de las cuatro direcciones, opuesta al norte	HSK3
难	難	nán	difficult	difícil	这道题太难了。	This question is too difficult.	Esta pregunta es demasiado difícil.			不容易做到	not easy to accomplish	no fácil de lograr	HSK3
南方	南方	nánfāng	south	sur (región)	南方的冬天不太冷。	Winter in the south is not too cold.	El invierno en el sur no es muy frío.			南边的地区	the southern region	la región del sur	HSK3
难过	難過	nánguò	sad	triste	听到这个消息我很难过。	I'm very sad to hear this news.	Me pone muy triste oír esta noticia.			心里不痛快，伤心	feeling unhappy inside, sorrowful	sentirse infeliz por dentro, apenado	HSK3
难看	難看	nánkàn	ugly	feo	这件衣服有点儿难看。	This piece of clothing is a bit ugly.	Esta ropa es un poco fea.			不好看	not good-looking	que no es bonito	HSK3
男人	男人	nánrén	man	hombre	那个男人是我爸爸。	That man is my father.	Ese hombre es mi padre.			成年男性	an adult male	varón adulto	HSK3
男生	男生	nánshēng	boy student	estudiante varón	班里的男生比较多。	There are more boy students in the class.	Hay más chicos en la clase.			男性学生	a male student	estudiante de sexo masculino	HSK3
难题	難題	nántí	difficult problem	problema difícil	这是一个难题。	This is a difficult problem.	Este es un problema difícil.			不容易解决的问题	a problem not easy to solve	problema que no es fácil de resolver	HSK3
难听	難聽	nántīng	unpleasant to hear	desagradable de oír	这首歌很难听。	This song is unpleasant to listen to.	Esta canción suena mal.			声音不好听	a sound that is not pleasant	sonido que no es agradable	HSK3
年级	年級	niánjí	grade	curso, grado	我弟弟上三年级。	My younger brother is in third grade.	Mi hermano pequeño está en tercer curso.			学校按学习年限划分的班次	a class division based on years of schooling	división de clases según los años de escolaridad	HSK3
年轻	年輕	niánqīng	young	joven	她看起来很年轻。	She looks very young.	Se ve muy joven.			年纪不大	not advanced in age	de edad no avanzada	HSK3
牛	牛	niú	cow	vaca	农场里有很多牛。	There are many cows on the farm.	Hay muchas vacas en la granja.			一种常见的家畜	a common domestic animal	un animal doméstico común	HSK3
努力	努力	nǔlì	to work hard	esforzarse	他学习很努力。	He studies very hard.	Estudia con mucho esfuerzo.			尽最大的力量去做	to do something with the greatest effort	hacer algo con el mayor esfuerzo	HSK3
女人	女人	nǚrén	woman	mujer	那个女人是医生。	That woman is a doctor.	Esa mujer es médica.			成年女性	an adult female	mujer adulta	HSK3
女生	女生	nǚshēng	girl student	estudiante mujer	女生们坐在前面。	The girl students sit in the front.	Las chicas se sientan delante.			女性学生	a female student	estudiante de sexo femenino	HSK3
爬	爬	pá	to climb	trepar, escalar	我们周末去爬山。	We're going hiking this weekend.	Este fin de semana vamos a hacer senderismo.			用手脚支撑身体向上移动	to move upward supporting the body with hands and feet	moverse hacia arriba apoyando el cuerpo con manos y pies	HSK3
怕	怕	pà	to fear	temer	我怕黑。	I'm afraid of the dark.	Le tengo miedo a la oscuridad.			心里害怕	to feel afraid inside	sentir miedo por dentro	HSK3
拍照	拍照	pāizhào	to take a photo	hacer una foto	我们在这里拍照吧。	Let's take a photo here.	Hagamos una foto aquí.			用相机照相	to take a picture with a camera	hacer una foto con una cámara	HSK3
盘子	盤子	pánzi	plate	plato	请把菜放在盘子里。	Please put the food on the plate.	Pon la comida en el plato, por favor.			盛放食物的扁平器皿	a flat container for holding food	recipiente plano para contener alimentos	HSK3
胖	胖	pàng	fat	gordo	他最近胖了。	He's gotten fat recently.	Últimamente ha engordado.			身体脂肪多	having a lot of body fat	tener mucha grasa corporal	HSK3
啤酒	啤酒	píjiǔ	beer	cerveza	他喜欢喝啤酒。	He likes drinking beer.	Le gusta beber cerveza.			一种用麦芽酿造的酒	an alcoholic drink brewed from malt	bebida alcohólica elaborada con malta	HSK3
平时	平時	píngshí	usually	normalmente	我平时七点起床。	I usually get up at seven.	Normalmente me levanto a las siete.			平常的时候	ordinary times	tiempos ordinarios	HSK3
瓶子	瓶子	píngzi	bottle	botella	这个瓶子是空的。	This bottle is empty.	Esta botella está vacía.			用来装液体的容器	a container used to hold liquid	recipiente usado para contener líquido	HSK3
骑	騎	qí	to ride	montar	他每天骑自行车上班。	He rides a bicycle to work every day.	Va en bicicleta al trabajo todos los días.			跨坐在动物或车上	to sit astride an animal or vehicle	sentarse a horcajadas sobre un animal o vehículo	HSK3
奇怪	奇怪	qíguài	strange	extraño	这件事很奇怪。	This matter is very strange.	Este asunto es muy extraño.			不同寻常，令人费解	unusual, puzzling	inusual, desconcertante	HSK3
其实	其實	qíshí	actually	en realidad	他其实很善良。	He is actually very kind.	En realidad, es muy bondadoso.			表示所说的是实际情况	indicates what is said is the actual situation	indica que lo dicho es la situación real	HSK3
其他	其他	qítā	other	otro(s)	还有其他问题吗？	Are there any other questions?	¿Hay alguna otra pregunta?			别的，除此之外的	other, besides this	otro, además de esto	HSK3
起	起	qǐ	to rise, to get up	levantarse	他每天六点起床。	He gets up at six every day.	Se levanta a las seis todos los días.			从卧或坐的位置站起来	to stand up from a lying or sitting position	levantarse de una posición tumbada o sentada	HSK3
起飞	起飛	qǐfēi	to take off	despegar	飞机马上就要起飞了。	The plane is about to take off.	El avión está a punto de despegar.			飞机离开地面开始飞行	a plane leaves the ground and begins to fly	un avión deja el suelo y empieza a volar	HSK3
汽车	汽車	qìchē	car	coche	他买了一辆新汽车。	He bought a new car.	Compró un coche nuevo.			用发动机驱动的交通工具	a vehicle powered by an engine	vehículo impulsado por un motor	HSK3
铅笔	鉛筆	qiānbǐ	pencil	lápiz	请用铅笔写字。	Please write with a pencil.	Escribe con lápiz, por favor.			用石墨做笔芯的笔	a pen with a graphite core	bolígrafo con mina de grafito	HSK3
前年	前年	qiánnián	the year before last	hace dos años	我前年去过日本。	I went to Japan the year before last.	Fui a Japón hace dos años.			去年的前一年	the year before last year	el año anterior al año pasado	HSK3
前天	前天	qiántiān	the day before yesterday	anteayer	前天下雨了。	It rained the day before yesterday.	Anteayer llovió.			昨天的前一天	the day before yesterday	el día anterior a ayer	HSK3
清楚	清楚	qīngchu	clear, obvious; to understand	claro; entender	请说清楚一点儿。	Please speak more clearly.	Habla más claro, por favor.			容易辨认或理解	easy to distinguish or understand	fácil de distinguir o entender	HSK3
请假	請假	qǐngjià	to ask for leave	pedir permiso (para ausentarse)	他今天请假了。	He took leave today.	Hoy pidió permiso para faltar.			请求暂时不上班或上课	to request temporary absence from work or class	solicitar ausencia temporal del trabajo o la clase	HSK3
请客	請客	qǐngkè	to invite guests, to treat someone	invitar (pagar)	今天我请客。	I'm treating today.	Hoy invito yo.			请人吃饭或出钱招待	to invite someone to eat or to pay to entertain them	invitar a alguien a comer o pagar para agasajarlo	HSK3
秋天	秋天	qiūtiān	autumn	otoño	秋天树叶变黄了。	In autumn, the leaves turn yellow.	En otoño, las hojas se vuelven amarillas.			一年四季中的第三季	the third season of the year	la tercera estación del año	HSK3
球场	球場	qiúchǎng	sports field, court	cancha	他们在球场上打篮球。	They are playing basketball on the court.	Están jugando al baloncesto en la cancha.			供球类运动使用的场地	a field used for ball sports	campo usado para deportes de pelota	HSK3
裙子	裙子	qúnzi	skirt	falda	她穿了一条红裙子。	She wore a red skirt.	Llevaba puesta una falda roja.			女子下身穿的服装	a garment worn on the lower body by women	prenda que llevan las mujeres en la parte inferior del cuerpo	HSK3
然后	然後	ránhòu	then, afterwards	luego, después	先吃饭，然后再看电视。	Eat first, then watch TV.	Primero come, luego ve la tele.			表示接着某种情况之后	indicates following after a certain situation	indica lo que sigue después de cierta situación	HSK3
热情	熱情	rèqíng	enthusiastic	entusiasta, amable	他对人很热情。	He is very warm to people.	Es muy amable con la gente.			待人真诚而有热心	sincere and warm-hearted toward others	sincero y cordial con los demás	HSK3
认得	認得	rènde	to recognize, to know	reconocer	我认得这个字。	I recognize this character.	Reconozco este carácter.			曾经见过，能辨认出来	having seen before, able to identify	haberlo visto antes, poder identificarlo	HSK3
认为	認為	rènwéi	to think, to consider	considerar, pensar	我认为这是对的。	I think this is right.	Considero que esto es correcto.			对人或事物做出判断	to make a judgment about a person or thing	hacer un juicio sobre una persona o cosa	HSK3
认真	認真	rènzhēn	serious, earnest	serio, aplicado	他学习很认真。	He studies very seriously.	Estudia con mucha seriedad.			严肃对待，不马虎	to treat seriously, not carelessly	tratar con seriedad, sin descuido	HSK3
容易	容易	róngyì	easy	fácil	这个问题很容易回答。	This question is easy to answer.	Esta pregunta es fácil de responder.			不费力，不困难	not requiring much effort, not difficult	que no requiere mucho esfuerzo, no difícil	HSK3
如果	如果	rúguǒ	if	si	如果明天不下雨，我们就去公园。	If it doesn't rain tomorrow, we'll go to the park.	Si mañana no llueve, iremos al parque.			表示假设	indicates a hypothesis	indica una hipótesis	HSK3
伞	傘	sǎn	umbrella	paraguas	下雨了，我们打伞吧。	It's raining, let's use an umbrella.	Está lloviendo, usemos el paraguas.			遮雨或遮阳的用具	a tool for blocking rain or sun	utensilio para protegerse de la lluvia o el sol	HSK3
扫	掃	sǎo	to sweep	barrer	我在扫地。	I am sweeping the floor.	Estoy barriendo el suelo.			用扫帚清除脏物	to remove dirt with a broom	eliminar la suciedad con una escoba	HSK3
沙发	沙發	shāfā	sofa	sofá	他坐在沙发上看电视。	He sits on the sofa watching TV.	Está sentado en el sofá viendo la tele.			有软垫的椅子	a chair with cushions	silla con cojines	HSK3
山	山	shān	mountain	montaña	我们爬了一座高山。	We climbed a tall mountain.	Subimos una montaña alta.			地面上高起的部分	a raised part of the earth's surface	parte elevada de la superficie terrestre	HSK3
上衣	上衣	shàngyī	jacket, top garment	prenda superior	他穿了一件蓝色的上衣。	He wore a blue top.	Llevaba puesta una prenda azul.			穿在上身的衣服	clothing worn on the upper body	ropa que se lleva en la parte superior del cuerpo	HSK3
勺子	勺子	sháozi	spoon	cuchara	请给我一个勺子。	Please give me a spoon.	Dame una cuchara, por favor.			用来舀东西的餐具	a utensil used for scooping things	utensilio usado para servir cosas	HSK3
身边	身邊	shēnbiān	by one's side	al lado de uno	她一直陪在我身边。	She has always been by my side.	Ella siempre ha estado a mi lado.			身体周围，附近	around the body, nearby	alrededor del cuerpo, cerca	HSK3
身高	身高	shēngāo	height	estatura	他的身高是一米八。	His height is 1.8 meters.	Su estatura es de un metro ochenta.			身体的高度	the height of the body	la altura del cuerpo	HSK3
声	聲	shēng	sound, voice	sonido	我听到了敲门声。	I heard the sound of knocking on the door.	Escuché el sonido de la puerta al llamar.			物体振动产生的声音	the sound produced by vibration of an object	el sonido producido por la vibración de un objeto	HSK3
生活	生活	shēnghuó	life; to live	vida; vivir	他的生活很简单。	His life is very simple.	Su vida es muy sencilla.			人或生物的日常活动	the daily activities of a person or being	las actividades cotidianas de una persona o ser	HSK3
生气	生氣	shēngqì	to get angry	enfadarse	他生气了。	He got angry.	Se enfadó.			心里不高兴，发怒	feeling unhappy inside, becoming angry	sentirse infeliz por dentro, enfadarse	HSK3
声音	聲音	shēngyīn	sound	sonido	请把声音调小一点儿。	Please turn the sound down a bit.	Baja un poco el sonido, por favor.			物体振动时发出的声响	the noise emitted when an object vibrates	el ruido que emite un objeto al vibrar	HSK3
市	市	shì	city	ciudad	北京市是中国的首都。	Beijing (city) is China's capital.	La ciudad de Pekín es la capital de China.			行政区划单位，指城市	an administrative unit referring to a city	unidad administrativa que se refiere a una ciudad	HSK3
试	試	shì	to try	probar, intentar	你可以先试一下。	You can try it first.	Puedes probarlo primero.			尝试着做	to attempt to do	intentar hacer algo	HSK3
室	室	shì	room	habitación, sala	请到办公室来。	Please come to the office.	Ven a la oficina, por favor.			房屋内的一个空间	a space within a building	un espacio dentro de un edificio	HSK3
世界	世界	shìjiè	world	mundo	他去过世界很多地方。	He has been to many places in the world.	Ha estado en muchos lugares del mundo.			地球上所有地方和人类社会	all places on earth and human society	todos los lugares de la tierra y la sociedad humana	HSK3
收	收	shōu	to receive	recibir	我收到了一封信。	I received a letter.	Recibí una carta.			接纳，接受	to accept, to take in	aceptar, recibir	HSK3
收到	收到	shōudào	to receive	recibir	你收到我的邮件了吗？	Did you receive my email?	¿Recibiste mi correo?			接到别人给的东西或信息	to get something or information given by others	recibir algo o información dada por otros	HSK3
受	受	shòu	to receive, to be affected	recibir, sufrir	他受到了大家的欢迎。	He was welcomed by everyone.	Fue bien recibido por todos.			接受，遭受	to accept, to suffer	aceptar, sufrir	HSK3
瘦	瘦	shòu	thin, slim	delgado	她最近瘦了很多。	She has gotten a lot thinner recently.	Últimamente ha adelgazado mucho.			身体脂肪少	having little body fat	tener poca grasa corporal	HSK3
受到	受到	shòudào	to receive, to be subjected to	recibir	他受到了老师的表扬。	He received praise from the teacher.	Recibió elogios del profesor.			接受到某种对待	to be subject to a certain treatment	ser objeto de cierto trato	HSK3
叔叔	叔叔	shūshu	uncle	tío	我叔叔是医生。	My uncle is a doctor.	Mi tío es médico.			父亲的弟弟	one's father's younger brother	el hermano menor del padre	HSK3
树	樹	shù	tree	árbol	公园里有很多树。	There are many trees in the park.	Hay muchos árboles en el parque.			木本植物	a woody plant	planta leñosa	HSK3
数学	數學	shùxué	mathematics	matemáticas	我数学考得不错。	I did well on my math exam.	Me fue bien en el examen de matemáticas.			研究数量、结构等的学科	a discipline studying quantity, structure, etc.	disciplina que estudia la cantidad, la estructura, etc.	HSK3
刷	刷	shuā	to brush, to scrub	cepillar	每天要刷两次牙。	You need to brush your teeth twice a day.	Hay que cepillarse los dientes dos veces al día.			用刷子清洁	to clean with a brush	limpiar con un cepillo	HSK3
双	雙	shuāng	pair, measure word for pairs	par	我买了一双鞋。	I bought a pair of shoes.	Compré un par de zapatos.			用于成对物品的量词	a measure word for paired items	clasificador para artículos que van en pares	HSK3
水平	水平	shuǐpíng	level, standard	nivel	他的汉语水平很高。	His Chinese level is very high.	Su nivel de chino es muy alto.			在某方面达到的高度	the degree reached in some aspect	el grado alcanzado en algún aspecto	HSK3
司机	司機	sījī	driver	conductor	出租车司机很热情。	The taxi driver is very friendly.	El taxista es muy amable.			驾驶车辆的人	a person who drives a vehicle	persona que conduce un vehículo	HSK3
四季	四季	sìjì	four seasons	cuatro estaciones	这里四季分明。	The four seasons are distinct here.	Aquí las cuatro estaciones están bien diferenciadas.			春夏秋冬四个季节	the four seasons of spring, summer, autumn, and winter	las cuatro estaciones: primavera, verano, otoño e invierno	HSK3
太阳	太陽	tàiyáng	sun	sol	太阳从东边升起。	The sun rises in the east.	El sol sale por el este.			太阳系的中心恒星	the central star of the solar system	la estrella central del sistema solar	HSK3
糖	糖	táng	candy, sugar	caramelo, azúcar	小孩子都喜欢吃糖。	Children all like to eat candy.	A los niños les gusta comer caramelos.			一种有甜味的食品	a sweet-tasting food	alimento de sabor dulce	HSK3
特别	特別	tèbié	special; particularly	especial; particularmente	今天是一个特别的日子。	Today is a special day.	Hoy es un día especial.			与众不同，不一般	different from the ordinary, not common	distinto de lo ordinario, no común	HSK3
提高	提高	tígāo	to raise, to improve	mejorar, aumentar	他想提高自己的汉语水平。	He wants to improve his Chinese level.	Quiere mejorar su nivel de chino.			使位置、水平等上升	to make a position, level, etc. rise	hacer que una posición, nivel, etc. suba	HSK3
体育	體育	tǐyù	physical education	educación física	我们下午有体育课。	We have PE class in the afternoon.	Tenemos clase de educación física por la tarde.			增强体质的教育活动	an educational activity to strengthen the body	actividad educativa para fortalecer el cuerpo	HSK3
体育馆	體育館	tǐyùguǎn	gymnasium	gimnasio	比赛在体育馆举行。	The match is held in the gymnasium.	El partido se celebra en el pabellón deportivo.			用于体育活动的建筑	a building used for sports activities	edificio usado para actividades deportivas	HSK3
甜	甜	tián	sweet	dulce	这个水果很甜。	This fruit is very sweet.	Esta fruta está muy dulce.			像糖或蜜一样的味道	a taste like sugar or honey	sabor como el del azúcar o la miel	HSK3
跳	跳	tiào	to jump	saltar	孩子们高兴地跳了起来。	The children jumped up happily.	Los niños saltaron de alegría.			用腿的力量使身体离开地面	to use leg strength to lift the body off the ground	usar la fuerza de las piernas para levantar el cuerpo del suelo	HSK3
听说	聽說	tīngshuō	to hear said	oír decir	听说他要结婚了。	I heard he's getting married.	He oído decir que se va a casar.			听别人说起	to hear from others' talk	oír por boca de otros	HSK3
挺	挺	tǐng	quite, rather	bastante	这个电影挺好看的。	This movie is quite good.	Esta película está bastante bien.			表示程度相当高	indicates a fairly high degree	indica un grado bastante alto	HSK3
同事	同事	tóngshì	colleague	compañero de trabajo	他是我的同事。	He is my colleague.	Es mi compañero de trabajo.			在同一单位工作的人	a person who works at the same organization	persona que trabaja en la misma organización	HSK3
同意	同意	tóngyì	to agree	estar de acuerdo	我同意你的看法。	I agree with your view.	Estoy de acuerdo con tu opinión.			对某种意见表示赞成	to express approval of an opinion	expresar aprobación de una opinión	HSK3
头发	頭髮	tóufa	hair	pelo	她的头发很长。	Her hair is very long.	Su pelo es muy largo.			长在头上的毛	hair growing on the head	pelo que crece en la cabeza	HSK3
突然	突然	tūrán	sudden	repentino	突然下起了大雨。	Suddenly it started raining hard.	De repente empezó a llover fuerte.			事情发生得又快又出乎意料	something happens quickly and unexpectedly	algo ocurre rápida e inesperadamente	HSK3
图书馆	圖書館	túshūguǎn	library	biblioteca	我在图书馆学习。	I study in the library.	Estudio en la biblioteca.			收藏图书供人阅读的场所	a place that collects books for people to read	lugar que recoge libros para que la gente lea	HSK3
腿	腿	tuǐ	leg	pierna	他的腿受伤了。	His leg is injured.	Se ha lesionado la pierna.			人或动物用来支撑身体和走路的部分	the part a person or animal uses to support the body and walk	parte que usa una persona o animal para sostener el cuerpo y caminar	HSK3
外地	外地	wàidì	other place	otra región	他是外地人。	He is from another region.	Él es de otra región.			本地以外的地方	a place outside one's local area	lugar fuera de la propia zona	HSK3
外卖	外賣	wàimài	takeaway; to order takeout	comida para llevar	我们今天点外卖吧。	Let's order takeout today.	Pidamos comida para llevar hoy.			从餐厅买回家吃的食物	food bought from a restaurant to eat elsewhere	comida comprada en un restaurante para comer en otro lugar	HSK3
外语	外語	wàiyǔ	foreign language	idioma extranjero	他会说三种外语。	He can speak three foreign languages.	Habla tres idiomas extranjeros.			本国语言以外的语言	a language other than one's native language	idioma distinto de la lengua materna	HSK3
完成	完成	wánchéng	to complete	completar	我已经完成了作业。	I have already completed my homework.	Ya he terminado los deberes.			事情按预期做好	to finish something as expected	terminar algo según lo previsto	HSK3
碗	碗	wǎn	bowl	cuenco, bol	请再给我一碗米饭。	Please give me another bowl of rice.	Dame otro bol de arroz, por favor.			盛饭菜的器皿	a container for holding food	recipiente para contener comida	HSK3
晚点	晚點	wǎndiǎn	to be late (transport)	retrasarse (transporte)	飞机晚点了。	The plane is delayed.	El avión está retrasado.			比预定时间晚	later than the scheduled time	más tarde de lo previsto	HSK3
晚会	晚會	wǎnhuì	evening party	velada, fiesta nocturna	我们参加了新年晚会。	We attended the New Year's evening party.	Asistimos a la fiesta de Año Nuevo.			晚上举行的活动	an event held in the evening	evento celebrado por la noche	HSK3
网球	網球	wǎngqiú	tennis	tenis	他喜欢打网球。	He likes playing tennis.	Le gusta jugar al tenis.			一种球类运动	a type of ball sport	un tipo de deporte de pelota	HSK3
网站	網站	wǎngzhàn	website	sitio web	这个网站很有用。	This website is very useful.	Este sitio web es muy útil.			互联网上的信息页面集合	a collection of information pages on the internet	conjunto de páginas de información en internet	HSK3
忘记	忘記	wàngjì	to forget	olvidar	我忘记带钥匙了。	I forgot to bring my keys.	Se me olvidó traer las llaves.			不记得，从记忆中消失	to not remember, to fade from memory	no recordar, desaparecer de la memoria	HSK3
为	為	wèi	for, because of	por, para	大家都为他高兴。	Everyone is happy for him.	Todos están contentos por él.			表示对象或原因	indicates a target or reason	indica un objetivo o motivo	HSK3
为了	為了	wèile	in order to	para	为了健康，他每天锻炼。	For the sake of health, he exercises every day.	Para estar sano, hace ejercicio todos los días.			表示目的	indicates a purpose	indica un propósito	HSK3
卫生间	衛生間	wèishēngjiān	bathroom, restroom	baño	请问卫生间在哪里？	Excuse me, where is the bathroom?	Perdón, ¿dónde está el baño?			供人洗漱、上厕所的房间	a room for washing and using the toilet	habitación para lavarse y usar el baño	HSK3
文化	文化	wénhuà	culture	cultura	我对中国文化很感兴趣。	I'm very interested in Chinese culture.	Me interesa mucho la cultura china.			一个社会共同的知识、信仰和习俗	the shared knowledge, beliefs, and customs of a society	el conocimiento, creencias y costumbres compartidos de una sociedad	HSK3
屋子	屋子	wūzi	room, house	habitación, casa	这间屋子很干净。	This room is very clean.	Esta habitación está muy limpia.			房间	a room	una habitación	HSK3
西	西	xī	west	oeste	太阳从西边落下。	The sun sets in the west.	El sol se pone por el oeste.			四个方向之一，与东相对	one of the four directions, opposite of east	una de las cuatro direcciones, opuesta al este	HSK3
西北	西北	xīběi	northwest	noroeste	中国的西北部有很多沙漠。	There are many deserts in northwest China.	Hay muchos desiertos en el noroeste de China.			西和北之间的方向	the direction between west and north	la dirección entre el oeste y el norte	HSK3
西方	西方	xīfāng	west	occidente	太阳从西方落下。	The sun sets in the west.	El sol se pone por el occidente.			西边的方向或地区	the western direction or region	la dirección o región del oeste	HSK3
西瓜	西瓜	xīguā	watermelon	sandía	夏天吃西瓜很舒服。	Eating watermelon in summer is very pleasant.	Comer sandía en verano es muy agradable.			一种夏天的多汁水果	a juicy summer fruit	una fruta jugosa de verano	HSK3
西南	西南	xīnán	southwest	suroeste	他来自中国西南部。	He is from southwest China.	Es del suroeste de China.			西和南之间的方向	the direction between west and south	la dirección entre el oeste y el sur	HSK3
习惯	習慣	xíguàn	to be used to; habit	acostumbrarse; costumbre	我已经习惯了这里的生活。	I've already gotten used to life here.	Ya me he acostumbrado a la vida de aquí.			长期养成的行为方式	a behavior pattern formed over a long time	un patrón de comportamiento formado a lo largo del tiempo	HSK3
喜爱	喜愛	xǐ'ài	to like, to love	apreciar, querer	大家都喜爱这只小狗。	Everyone loves this little dog.	A todos les encanta este perrito.			对人或事物有好感	to have a positive feeling toward a person or thing	tener buena impresión de una persona o cosa	HSK3
洗衣机	洗衣機	xǐyījī	washing machine	lavadora	我用洗衣机洗衣服。	I use a washing machine to wash clothes.	Uso la lavadora para lavar la ropa.			用来洗衣服的机器	a machine used for washing clothes	máquina usada para lavar ropa	HSK3
洗澡	洗澡	xǐzǎo	to take a bath	bañarse	我每天晚上洗澡。	I take a bath every night.	Me baño todas las noches.			清洗全身	to wash one's whole body	lavarse todo el cuerpo	HSK3
夏天	夏天	xiàtiān	summer	verano	夏天很热。	Summer is very hot.	El verano es muy caluroso.			一年四季中最热的季节	the hottest season of the year	la estación más calurosa del año	HSK3
先	先	xiān	first, before	primero	你先走吧，我随后就到。	You go first, I'll follow right after.	Ve tú primero, yo llego enseguida.			表示时间或顺序在前	indicates being earlier in time or order	indica ser anterior en tiempo u orden	HSK3
香蕉	香蕉	xiāngjiāo	banana	plátano	猴子喜欢吃香蕉。	Monkeys like to eat bananas.	A los monos les gusta comer plátanos.			一种黄色的热带水果	a yellow tropical fruit	una fruta tropical amarilla	HSK3
相信	相信	xiāngxìn	to believe	creer	我相信他说的话。	I believe what he says.	Creo lo que dice.			认为是真实的	to consider to be true	considerar que es verdad	HSK3
箱子	箱子	xiāngzi	box, case	caja, maleta	他把衣服放进箱子里。	He put the clothes into the box.	Metió la ropa en la maleta.			用来装东西的方形容器	a square container used to hold things	recipiente cuadrado usado para guardar cosas	HSK3
向	向	xiàng	to face, toward	hacia	请向左转。	Please turn toward the left.	Gira hacia la izquierda, por favor.			表示动作的方向	indicates the direction of an action	indica la dirección de una acción	HSK3
像	像	xiàng	to resemble, to be like	parecerse a	她长得很像她妈妈。	She looks a lot like her mother.	Se parece mucho a su madre.			具有相似的样子或性质	having a similar appearance or nature	tener un aspecto o naturaleza similar	HSK3
相机	相機	xiàngjī	camera	cámara	他买了一台新相机。	He bought a new camera.	Compró una cámara nueva.			用来拍照的设备	a device used for taking photos	dispositivo usado para hacer fotos	HSK3
小区	小區	xiǎoqū	residential community	urbanización	我住在一个新小区。	I live in a new residential community.	Vivo en una urbanización nueva.			城市中的居住区域	a residential area in a city	zona residencial en una ciudad	HSK3
小心	小心	xiǎoxīn	to be careful; careful	tener cuidado	过马路要小心。	Be careful when crossing the street.	Ten cuidado al cruzar la calle.			留意，谨慎	to pay attention, to be cautious	prestar atención, ser cauteloso	HSK3
校园	校園	xiàoyuán	campus	campus	校园里有很多树。	There are many trees on campus.	Hay muchos árboles en el campus.			学校内的场地	the grounds within a school	el terreno dentro de una escuela	HSK3
校长	校長	xiàozhǎng	principal, headmaster	director (de escuela)	校长在给大家讲话。	The principal is speaking to everyone.	El director está hablando a todos.			学校的最高负责人	the highest-ranking person in charge of a school	la persona de mayor rango a cargo de una escuela	HSK3
鞋	鞋	xié	shoe	zapato	这双鞋很舒服。	These shoes are very comfortable.	Estos zapatos son muy cómodos.			穿在脚上的用品	an item worn on the feet	artículo que se lleva en los pies	HSK3
心里	心裡	xīnlǐ	heart, mind	en el corazón, por dentro	我心里很难过。	I feel very sad inside.	Me siento muy triste por dentro.			内心，思想深处	one's inner mind, deep thoughts	la mente interior, pensamientos profundos	HSK3
新年	新年	xīnnián	New Year	Año Nuevo	新年快乐！	Happy New Year!	¡Feliz Año Nuevo!			一年的开始	the beginning of a year	el comienzo de un año	HSK3
新闻	新聞	xīnwén	news	noticias	我每天看新闻。	I watch the news every day.	Veo las noticias todos los días.			关于最近事件的报道	a report about recent events	un informe sobre sucesos recientes	HSK3
新鲜	新鮮	xīnxiān	fresh	fresco	这些蔬菜很新鲜。	These vegetables are very fresh.	Estas verduras están muy frescas.			刚生产不久，没有变质	recently produced, not spoiled	producido recientemente, sin estropear	HSK3
信	信	xìn	to believe; letter	creer; carta	我给朋友写了一封信。	I wrote a letter to my friend.	Le escribí una carta a mi amigo.			认为可靠；也指信件	to consider reliable; also refers to a letter	considerar fiable; también se refiere a una carta	HSK3
信用卡	信用卡	xìnyòngkǎ	credit card	tarjeta de crédito	我用信用卡付款。	I pay with a credit card.	Pago con tarjeta de crédito.			用于消费信贷的卡片	a card used for consumer credit	tarjeta usada para crédito al consumo	HSK3
行	行	xíng	to go; okay	ir; vale	这样行不行？	Is this okay or not?	¿Está bien así o no?			可以，能行	acceptable, workable	aceptable, viable	HSK3
行李	行李	xíngli	luggage	equipaje	请把行李放在这里。	Please put the luggage here.	Deja el equipaje aquí, por favor.			出门时携带的物品	items carried when traveling	artículos que se llevan al viajar	HSK3
兴趣	興趣	xìngqù	interest	interés	他对音乐很有兴趣。	He has a lot of interest in music.	Tiene mucho interés en la música.			对事物喜好的情绪	an emotion of liking something	una emoción de gusto por algo	HSK3
休假	休假	xiūjià	to take a holiday	tomarse vacaciones	他下周要休假。	He is taking a holiday next week.	La próxima semana se toma vacaciones.			请假休息	to take leave to rest	pedir permiso para descansar	HSK3
需要	需要	xūyào	to need; need	necesitar	我需要你的帮助。	I need your help.	Necesito tu ayuda.			应该有或必须有	should have or must have	debería tener o debe tener	HSK3
选	選	xuǎn	to choose	elegir	请选一个你喜欢的颜色。	Please choose a color you like.	Elige un color que te guste.			从中挑出合适的	to pick out a suitable one from among options	escoger uno adecuado entre opciones	HSK3
选择	選擇	xuǎnzé	to choose	elegir	我们有很多选择。	We have many choices.	Tenemos muchas opciones.			挑选	to select	seleccionar	HSK3
学期	學期	xuéqī	semester	semestre	这个学期我很忙。	I'm very busy this semester.	Estoy muy ocupado este semestre.			学校教学的一个阶段	a period of school teaching	un periodo de enseñanza escolar	HSK3
牙	牙	yá	tooth	diente	我的牙很疼。	My tooth hurts a lot.	Me duele mucho el diente.			口腔中用来咀嚼的器官	an organ in the mouth used for chewing	órgano de la boca usado para masticar	HSK3
牙刷	牙刷	yáshuā	toothbrush	cepillo de dientes	请给我一把新牙刷。	Please give me a new toothbrush.	Dame un cepillo de dientes nuevo, por favor.			用来刷牙的工具	a tool used for brushing teeth	herramienta usada para cepillarse los dientes	HSK3
羊	羊	yáng	sheep	oveja	山上有很多羊。	There are many sheep on the mountain.	Hay muchas ovejas en la montaña.			一种常见的家畜	a common domestic animal	un animal doméstico común	HSK3
养	養	yǎng	to raise, to keep	criar	她家养了一只猫。	Her family keeps a cat.	Su familia tiene un gato.			饲养动物或抚育孩子	to raise animals or nurture children	criar animales o educar a los hijos	HSK3
要求	要求	yāoqiú	to demand; requirement	exigir; requisito	老师对我们要求很高。	The teacher has high requirements for us.	El profesor tiene exigencias altas con nosotros.			提出具体的愿望或条件	to put forward a specific wish or condition	presentar un deseo o condición específica	HSK3
页	頁	yè	measure word for page	(clasificador de páginas)	请翻到第十页。	Please turn to page ten.	Ve a la página diez, por favor.			书刊中的一张纸	a sheet of paper in a book or publication	una hoja de papel en un libro o publicación	HSK3
一定	一定	yídìng	certain; certainly	seguro; con seguridad	我一定会来的。	I will certainly come.	Seguro que vendré.			表示坚决或确定的态度	indicates a firm or certain attitude	indica una actitud firme o segura	HSK3
一共	一共	yígòng	altogether, in total	en total	这些东西一共多少钱？	How much do these things cost altogether?	¿Cuánto cuesta todo esto en total?			合计，总共	to add up, in sum	sumar, en conjunto	HSK3
一块儿	一塊兒	yíkuàir	together	juntos	我们一块儿去吧。	Let's go together.	Vamos juntos.			在同一个地方，一起	in the same place, together	en el mismo lugar, juntos	HSK3
一样	一樣	yíyàng	same	igual	我们俩想法一样。	The two of us think the same.	Los dos pensamos igual.			没有差别，相同	no difference, identical	sin diferencia, idéntico	HSK3
以后	以後	yǐhòu	later, after	después	以后我们再见面吧。	Let's meet again later.	Nos vemos después.			指现在或某时间点之后	refers to after now or a certain point in time	se refiere a después de ahora o cierto momento	HSK3
以前	以前	yǐqián	before	antes	我以前住在上海。	I used to live in Shanghai before.	Antes vivía en Shanghái.			指现在或某时间点之前	refers to before now or a certain point in time	se refiere a antes de ahora o cierto momento	HSK3
以上	以上	yǐshàng	above, more than	más de, superior a	十八岁以上才能进去。	Only those 18 and above can enter.	Solo pueden entrar los mayores de dieciocho años.			表示位置、数量等在某点之上	indicates position, quantity, etc. above a certain point	indica posición, cantidad, etc. por encima de cierto punto	HSK3
以外	以外	yǐwài	except, besides	aparte de, excepto	除了他以外，大家都同意。	Except for him, everyone agreed.	Aparte de él, todos estuvieron de acuerdo.			表示某个范围之外	indicates outside a certain range	indica fuera de un rango determinado	HSK3
以为	以為	yǐwéi	to think, to believe (mistakenly)	creer (erróneamente)	我以为你不来了。	I thought you weren't coming.	Pensaba que no venías.			认为（常表示与事实不符的判断）	to think (often indicating a judgment that turns out wrong)	pensar (a menudo indica un juicio que resulta erróneo)	HSK3
以下	以下	yǐxià	below, less than	menos de, inferior a	十岁以下的孩子免费。	Children under ten are free.	Los niños menores de diez años entran gratis.			表示位置、数量等在某点之下	indicates position, quantity, etc. below a certain point	indica posición, cantidad, etc. por debajo de cierto punto	HSK3
一般	一般	yìbān	general, ordinary	general, corriente	这只是一般的情况。	This is just a general situation.	Esto es solo una situación general.			普通，通常	ordinary, usual	ordinario, habitual	HSK3
一边	一邊	yìbiān	at the same time	al mismo tiempo	他一边吃饭一边看电视。	He eats while watching TV.	Come mientras ve la tele.			表示两个动作同时进行	indicates two actions happening at the same time	indica dos acciones que ocurren al mismo tiempo	HSK3
一直	一直	yìzhí	always, straight	siempre	他一直在等你。	He has been waiting for you the whole time.	Ha estado esperándote todo el rato.			表示动作持续不变	indicates an action continuing unchanged	indica una acción que continúa sin cambios	HSK3
音乐	音樂	yīnyuè	music	música	我喜欢听音乐。	I like listening to music.	Me gusta escuchar música.			用声音组织表达情感的艺术	an art form using organized sound to express emotion	arte que usa sonido organizado para expresar emociones	HSK3
银行	銀行	yínháng	bank	banco	我要去银行取钱。	I need to go to the bank to withdraw money.	Tengo que ir al banco a sacar dinero.			办理存款、贷款等业务的机构	an institution handling deposits, loans, etc.	institución que gestiona depósitos, préstamos, etc.	HSK3
银行卡	銀行卡	yínhángkǎ	bank card	tarjeta bancaria	我把钱存进银行卡里。	I deposited the money into my bank card.	Ingresé el dinero en mi tarjeta bancaria.			银行发行的用于存取款的卡	a card issued by a bank for deposits and withdrawals	tarjeta emitida por un banco para depósitos y retiros	HSK3
饮料	飲料	yǐnliào	beverage	bebida	你想喝什么饮料？	What beverage would you like to drink?	¿Qué bebida quieres tomar?			可以喝的液体	a liquid that can be drunk	líquido que se puede beber	HSK3
应该	應該	yīnggāi	should, ought to	deber	你应该多休息。	You should rest more.	Deberías descansar más.			表示理应如此	indicates something ought to be the case	indica que algo debería ser así	HSK3
影响	影響	yǐngxiǎng	to affect; influence	afectar; influencia	天气影响了我们的计划。	The weather affected our plans.	El clima afectó a nuestros planes.			对事物产生作用	to have an effect on something	producir un efecto sobre algo	HSK3
用	用	yòng	to use	usar	请用中文回答。	Please answer in Chinese.	Responde en chino, por favor.			使人或事物为某种目的服务	to make a person or thing serve a purpose	hacer que una persona o cosa sirva a un propósito	HSK3
邮件	郵件	yóujiàn	mail	correo	我给你发了一封邮件。	I sent you an email.	Te envié un correo.			通过邮局或网络传递的信件	a letter delivered through the post office or internet	carta entregada a través del correo o internet	HSK3
游客	遊客	yóukè	tourist	turista	这里有很多游客。	There are many tourists here.	Aquí hay muchos turistas.			到外地游览的人	a person visiting another place for sightseeing	persona que visita otro lugar para hacer turismo	HSK3
游戏	遊戲	yóuxì	game	juego	孩子们在玩游戏。	The children are playing a game.	Los niños están jugando.			供娱乐消遣的活动	an activity for entertainment	actividad para el entretenimiento	HSK3
邮箱	郵箱	yóuxiāng	mailbox	buzón, correo electrónico	请把文件发到我的邮箱。	Please send the file to my mailbox.	Envía el archivo a mi correo, por favor.			收发邮件的设施或账户	a facility or account for sending and receiving mail	instalación o cuenta para enviar y recibir correo	HSK3
有关	有關	yǒuguān	to have to do with; concerning	relacionado con	这本书跟历史有关。	This book is related to history.	Este libro tiene que ver con la historia.			有联系，相关	to be connected, related	estar conectado, relacionado	HSK3
有名	有名	yǒumíng	famous	famoso	这是一家很有名的餐厅。	This is a very famous restaurant.	Este es un restaurante muy famoso.			名声很大，很多人知道	having a great reputation, known by many	de gran reputación, conocido por muchos	HSK3
有用	有用	yǒuyòng	useful	útil	这本书对我很有用。	This book is very useful to me.	Este libro me es muy útil.			有价值，能起作用	valuable, able to serve a purpose	valioso, capaz de servir para algo	HSK3
又	又	yòu	again, also	de nuevo, también	他今天又迟到了。	He was late again today.	Hoy volvió a llegar tarde.			表示重复或补充	indicates repetition or addition	indica repetición o adición	HSK3
羽毛球	羽毛球	yǔmáoqiú	badminton	bádminton	我们周末打羽毛球。	We play badminton on weekends.	Jugamos al bádminton los fines de semana.			一种用球拍击打羽毛球的运动	a sport using rackets to hit a shuttlecock	deporte que usa raquetas para golpear un volante	HSK3
语言	語言	yǔyán	language	idioma	汉语是一种很美的语言。	Chinese is a beautiful language.	El chino es un idioma muy bonito.			人类用来交流的符号系统	a symbol system humans use to communicate	sistema de símbolos que usan los humanos para comunicarse	HSK3
雨衣	雨衣	yǔyī	raincoat	impermeable	下雨了，记得穿雨衣。	It's raining, remember to wear a raincoat.	Está lloviendo, acuérdate de ponerte el impermeable.			防雨的外衣	an outer garment for protection from rain	prenda exterior para protegerse de la lluvia	HSK3
遇到	遇到	yùdào	to encounter	encontrarse con	我在路上遇到了老朋友。	I ran into an old friend on the road.	Me encontré con un viejo amigo por la calle.			意外碰见	to unexpectedly meet	encontrarse inesperadamente	HSK3
遇见	遇見	yùjiàn	to meet	encontrarse con	我在公园遇见了她。	I met her in the park.	Me la encontré en el parque.			碰到，遇到	to come across, to encounter	toparse con, encontrarse con	HSK3
园	園	yuán	garden	jardín	我们去公园散步。	We're going to the park for a walk.	Vamos al parque a pasear.			种植花草或供游玩的场地	a place for growing plants or for recreation	lugar para cultivar plantas o para el ocio	HSK3
员	員	yuán	suffix for person with a certain job	(sufijo para profesión)	他是一名售货员。	He is a salesperson.	Es un dependiente.			表示从事某种职业的人	indicates a person engaged in a certain profession	indica a una persona que ejerce cierta profesión	HSK3
愿意	願意	yuànyì	willing	dispuesto	我愿意帮助你。	I'm willing to help you.	Estoy dispuesto a ayudarte.			心里同意，乐意去做	to agree inwardly, happy to do	estar de acuerdo por dentro, contento de hacer algo	HSK3
越	越	yuè	more, increasingly	cada vez más	天气越来越冷了。	The weather is getting colder and colder.	El tiempo se está poniendo cada vez más frío.			表示程度随着条件的变化而变化	indicates a degree changing as conditions change	indica un grado que cambia según las condiciones	HSK3
月亮	月亮	yuèliang	moon	luna	今晚的月亮很亮。	The moon is very bright tonight.	La luna está muy brillante esta noche.			围绕地球运行的天体	a celestial body orbiting the earth	cuerpo celeste que orbita la tierra	HSK3
运动会	運動會	yùndònghuì	sports meet	competición deportiva	学校下周举办运动会。	The school is holding a sports meet next week.	La escuela organiza una competición deportiva la próxima semana.			举行多项体育比赛的活动	an event holding multiple sports competitions	evento que celebra varias competiciones deportivas	HSK3
运动员	運動員	yùndòngyuán	athlete	atleta	他是一名优秀的运动员。	He is an excellent athlete.	Es un atleta excelente.			从事体育运动的人	a person engaged in sports	persona que practica deporte	HSK3
咱们	咱們	zánmen	we (inclusive)	nosotros (inclusivo)	咱们一起去吃饭吧。	Let's go eat together.	Vamos a comer juntos.			包括说话人和听话人在内的"我们"	we including both speaker and listener	nosotros que incluye al hablante y al oyente	HSK3
脏	髒	zāng	dirty	sucio	他的衣服很脏。	His clothes are very dirty.	Su ropa está muy sucia.			有污渍，不干净	stained, not clean	manchado, no limpio	HSK3
怎么办	怎麼辦	zěnme bàn	what to do	qué hacer	这可怎么办呢？	What should we do about this?	¿Qué hacemos con esto?			询问处理问题的方法	to ask how to handle a problem	preguntar cómo manejar un problema	HSK3
怎样	怎樣	zěnyàng	how	cómo	你觉得这个主意怎样？	What do you think of this idea?	¿Qué te parece esta idea?			询问性质、状态或方式	asks about nature, state, or manner	pregunta sobre naturaleza, estado o manera	HSK3
站	站	zhàn	to stand; station	estar de pie; estación	请站起来回答问题。	Please stand up to answer the question.	Ponte de pie para responder la pregunta.			直立不动；也指停靠点	to stand upright; also refers to a stop	permanecer de pie; también se refiere a una parada	HSK3
张	張	zhāng	to open; measure word for flat objects	abrir; (clasificador de objetos planos)	桌子上有一张纸。	There's a piece of paper on the table.	Hay una hoja de papel sobre la mesa.			用于纸、床等平的物品的量词	a measure word for flat items like paper, beds, etc.	clasificador para objetos planos como papel, camas, etc.	HSK3
长	長	zhǎng	to grow	crecer	这棵树长得很快。	This tree is growing very fast.	Este árbol crece muy rápido.			生物体积增大，发育	a living thing increases in size, develops	un ser vivo aumenta de tamaño, se desarrolla	HSK3
着急	著急	zháojí	anxious	ansioso, nervioso	别着急，慢慢来。	Don't be anxious, take your time.	No te pongas nervioso, tómatelo con calma.			心里紧张，不安	feeling nervous, uneasy inside	sentirse nervioso, inquieto por dentro	HSK3
照	照	zhào	to shine, to photograph	iluminar, fotografiar	阳光照在窗户上。	Sunlight shines on the window.	El sol brilla sobre la ventana.			光线射在物体上；也指拍照	light shining on an object; also refers to taking photos	luz que incide sobre un objeto; también se refiere a hacer fotos	HSK3
照顾	照顧	zhàogù	to take care of	cuidar	她在家照顾孩子。	She takes care of the children at home.	Cuida a los niños en casa.			关心并加以帮助	to care for and help	cuidar y ayudar	HSK3
照片	照片	zhàopiàn	photo	foto	这是我们的合影照片。	This is our group photo.	Esta es nuestra foto de grupo.			用照相机拍下来的图像	an image taken with a camera	imagen tomada con una cámara	HSK3
照相	照相	zhàoxiàng	to take a picture	hacer una foto	我们在长城照相了。	We took pictures at the Great Wall.	Nos hicimos fotos en la Gran Muralla.			用照相机拍照	to take pictures with a camera	hacer fotos con una cámara	HSK3
直到	直到	zhídào	until	hasta	他工作直到深夜。	He worked until late at night.	Trabajó hasta altas horas de la noche.			表示延续到某个时间为止	indicates continuing up to a certain time	indica que continúa hasta cierto momento	HSK3
只	只	zhǐ	only, merely	solo, únicamente	我只想休息一下。	I just want to rest a bit.	Solo quiero descansar un poco.			表示限于某个范围	indicates being limited to a certain scope	indica estar limitado a cierto ámbito	HSK3
纸	紙	zhǐ	paper	papel	请给我一张纸。	Please give me a piece of paper.	Dame una hoja de papel, por favor.			用于书写、包装的薄片材料	a thin material used for writing, wrapping	material fino usado para escribir, envolver	HSK3
只能	只能	zhǐ néng	can only	solo se puede	我们只能等待。	We can only wait.	Solo podemos esperar.			除此之外没有别的可能	no other possibility besides this	no hay otra posibilidad además de esta	HSK3
只是	只是	zhǐshì	only, merely; but	solo; pero	我只是开个玩笑。	I was just joking.	Solo estaba bromeando.			表示限定范围，或转折	indicates a limited scope, or a contrast	indica un ámbito limitado, o un contraste	HSK3
只要	只要	zhǐyào	as long as	con tal de que	只要努力，就能成功。	As long as you work hard, you can succeed.	Con tal de que te esfuerces, podrás tener éxito.			表示充分条件	indicates a sufficient condition	indica una condición suficiente	HSK3
只有	只有	zhǐyǒu	only if	solo si	只有努力学习才能进步。	Only by studying hard can one improve.	Solo estudiando duro se puede progresar.			表示唯一的条件	indicates the only condition	indica la única condición	HSK3
中	中	zhōng	middle	medio	他站在中间。	He stands in the middle.	Está de pie en medio.			位置或时间上不偏不倚的部分	the part neither at one extreme nor the other, in position or time	la parte que no está en ningún extremo, en posición o tiempo	HSK3
中间	中間	zhōngjiān	middle, between	entre, en medio	他坐在我们中间。	He sits between us.	Se sienta entre nosotros.			两端之间的位置	the position between two ends	la posición entre dos extremos	HSK3
终于	終於	zhōngyú	finally	finalmente	我们终于到了。	We finally arrived.	Finalmente llegamos.			表示经过较长过程最后出现的结果	indicates a result appearing after a long process	indica un resultado que aparece tras un proceso largo	HSK3
种	種	zhǒng	measure word for kinds	(clasificador de tipos)	这是一种新的方法。	This is a new kind of method.	Este es un nuevo tipo de método.			用于分类事物的量词	a measure word for classifying things	clasificador para clasificar cosas	HSK3
重要	重要	zhòngyào	important	importante	这是一件很重要的事。	This is a very important matter.	Este es un asunto muy importante.			意义大，作用大	of great significance, of great effect	de gran significado, de gran efecto	HSK3
周末	週末	zhōumò	weekend	fin de semana	周末我们去爬山。	We're going hiking this weekend.	Este fin de semana vamos de excursión a la montaña.			一周的最后几天	the last few days of the week	los últimos días de la semana	HSK3
主要	主要	zhǔyào	main	principal	这是主要原因。	This is the main reason.	Esta es la razón principal.			最重要的，最基本的	most important, most basic	lo más importante, lo más básico	HSK3
注意	注意	zhùyì	to pay attention to	prestar atención	过马路要注意安全。	Pay attention to safety when crossing the street.	Presta atención a la seguridad al cruzar la calle.			把心思集中在某方面	to focus one's mind on a certain aspect	concentrar la mente en cierto aspecto	HSK3
住院	住院	zhùyuàn	to be hospitalized	estar hospitalizado	他因为生病住院了。	He was hospitalized because he was sick.	Fue hospitalizado por estar enfermo.			因病在医院接受治疗并留宿	to receive treatment and stay overnight at a hospital due to illness	recibir tratamiento y pernoctar en un hospital por enfermedad	HSK3
字典	字典	zìdiǎn	dictionary	diccionario	我用字典查生字。	I use a dictionary to look up new characters.	Uso el diccionario para buscar caracteres nuevos.			解释单字的工具书	a reference book explaining individual characters	libro de consulta que explica caracteres individuales	HSK3
自行车	自行車	zìxíngchē	bicycle	bicicleta	我每天骑自行车上班。	I ride a bicycle to work every day.	Voy en bicicleta al trabajo todos los días.			用脚蹬动的两轮交通工具	a two-wheeled vehicle pedaled by foot	vehículo de dos ruedas que se impulsa con los pies	HSK3
子	子	zi	noun suffix	(sufijo nominal)	这是我的儿子。	This is my son.	Este es mi hijo.			加在名词后的后缀，无实际意义	a suffix added after a noun with no real meaning	sufijo que se añade tras un sustantivo, sin significado propio	HSK3
总	總	zǒng	always; to sum up	siempre; en total	他总是很忙。	He is always busy.	Siempre está ocupado.			表示一直如此，或全部	indicates always being so, or the whole	indica que siempre es así, o la totalidad	HSK3
总是	總是	zǒngshì	always	siempre	她总是第一个到。	She always arrives first.	Ella siempre llega la primera.			表示持续不变的情况	indicates a consistently unchanging situation	indica una situación que se mantiene constante	HSK3
嘴	嘴	zuǐ	mouth	boca	请闭上嘴。	Please close your mouth.	Cierra la boca, por favor.			人或动物用来进食和说话的器官	the organ a person or animal uses to eat and speak	órgano que usa una persona o animal para comer y hablar	HSK3
最好	最好	zuìhǎo	best	lo mejor	你最好早点儿睡觉。	You'd best go to sleep early.	Lo mejor es que te acuestes temprano.			表示最理想的选择	indicates the most ideal choice	indica la opción más ideal	HSK3
最后	最後	zuìhòu	last, final	último	这是最后一个问题。	This is the last question.	Esta es la última pregunta.			时间或次序上排在最末的	last in time or order	el último en tiempo u orden	HSK3
最近	最近	zuìjìn	recently	recientemente	我最近很忙。	I've been very busy recently.	Últimamente he estado muy ocupado.			指说话前后不久的时间	refers to a time shortly before or after speaking	se refiere a un tiempo poco antes o después de hablar	HSK3
做客	做客	zuòkè	to be a guest	ser invitado	周末我要去朋友家做客。	I'm going to be a guest at my friend's house this weekend.	Este fin de semana voy a casa de un amigo de visita.			访问别人并受到招待	to visit someone and be received as a guest	visitar a alguien y ser recibido como invitado	HSK3
作业	作業	zuòyè	homework	deberes	我今天有很多作业。	I have a lot of homework today.	Hoy tengo muchos deberes.			教师布置给学生完成的功课	schoolwork assigned by a teacher for students to complete	tarea escolar asignada por un profesor para que la completen los estudiantes	HSK3
爱情	愛情	àiqíng	love	amor	他们的爱情很感人。	Their love story is very touching.	Su historia de amor es muy conmovedora.	恋爱 (liàn ài) - romantic relationship	恋爱 (liàn ài) - relación amorosa	男女之间相爱的感情	The feeling of love between two people	El sentimiento de amor entre dos personas	HSK4
爱心	愛心	àixīn	compassion, caring; loving heart	cariño	她对流浪动物很有爱心。	She is very caring towards stray animals.	Ella tiene mucho cariño hacia los animales callejeros.	同情心 (tóng qíng xīn) - compassion	同情心 (tóng qíng xīn) - compasión	关心和爱护他人的心	A heart that cares for and loves others	Un corazón que se preocupa y cuida a los demás	HSK4
安检	安檢	ānjiǎn	security check, to conduct a security check	control de seguridad	请把包放到安检机上。	Please put your bag on the security scanner.	Por favor, ponga su bolso en el escáner de seguridad.	安全检查 (ānquán jiǎnchá) - security inspection	安全检查 (ānquán jiǎnchá) - inspección de seguridad	为了安全对人或物品进行检查	To inspect people or objects for safety reasons	Revisar a personas u objetos por motivos de seguridad	HSK4
安排	安排	ānpái	to arrange	organizar	老师帮我们安排了考试时间。	The teacher arranged the exam schedule for us.	El profesor organizó el horario de exámenes para nosotros.	计划 (jìhuà) - to plan	计划 (jìhuà) - planificar	有计划地对事情进行处理	To handle things in a planned way	Organizar las cosas de manera planificada	HSK4
按	按	àn	to press, to push; according to	presionar; según	请按一下这个按钮。	Please press this button.	Por favor, presiona este botón.	压 (yā) - to press	压 (yā) - presionar	用手指或手掌施加压力	To apply pressure with a finger or palm	Aplicar presión con el dedo o la palma de la mano	HSK4
按时	按時	ànshí	on time, on schedule	a tiempo	请大家按时到教室上课。	Please everyone arrive at the classroom on time for class.	Por favor, lleguen todos a tiempo al aula para la clase.	准时 (zhǔnshí) - punctual	准时 (zhǔnshí) - puntual	遵照规定的时间	According to the set/scheduled time	Conforme a la hora establecida	HSK4
按照	按照	ànzhào	according to, in accordance with	de acuerdo con	请按照说明书使用这个机器。	Please use this machine according to the instructions.	Por favor, use esta máquina de acuerdo con las instrucciones.	根据 (gēnjù) - based on	根据 (gēnjù) - según	依照某种标准或方式	In accordance with a certain standard or method	Conforme a cierto estándar o forma	HSK4
白酒	白酒	báijiǔ	liquor, spirit	licor blanco	中国人吃饭的时候常常喝白酒。	Chinese people often drink baijiu (liquor) during meals.	Los chinos a menudo beben licor blanco durante las comidas.			一种用粮食酿造的酒精度较高的酒	A type of alcoholic drink made from grain, with a high alcohol content	Un tipo de bebida alcohólica de alta graduación hecha de cereales	HSK4
办公	辦公	bàngōng	to handle official business, to work	trabajar (en oficina)	他每天早上八点开始办公。	He starts working every morning at eight o'clock.	Él empieza a trabajar todas las mañanas a las ocho.	工作 (gōngzuò) - to work	工作 (gōngzuò) - trabajar	处理公事，进行工作	To handle official/work matters	Encargarse de asuntos laborales u oficiales	HSK4
办理	辦理	bànlǐ	to handle, to process	tramitar	我要去银行办理信用卡。	I need to go to the bank to apply for a credit card.	Necesito ir al banco a tramitar una tarjeta de crédito.	处理 (chǔlǐ) - to handle	处理 (chǔlǐ) - gestionar	处理事务，完成手续	To handle affairs and complete procedures	Gestionar asuntos y completar trámites	HSK4
办事	辦事	bànshì	to handle matters, to take care of things	hacer gestiones	他今天请假去办事了。	He took the day off today to take care of some matters.	Hoy pidió el día libre para hacer unas gestiones.			处理事情	To deal with matters/affairs	Ocuparse de asuntos	HSK4
棒	棒	bàng	great, excellent; stick, club	genial	你唱歌唱得真棒！	You sing really great!	¡Cantas realmente genial!	厉害 (lìhai) - amazing	厉害 (lìhai) - impresionante	好，出色（口语说法）	Good, excellent (colloquial)	Bueno, excelente (uso coloquial)	HSK4
保护	保護	bǎohù	to protect	proteger	我们应该保护环境。	We should protect the environment.	Debemos proteger el medio ambiente.	保卫 (bǎowèi) - to defend	保卫 (bǎowèi) - defender	使不受到伤害	To keep something from being harmed	Evitar que algo sufra daño	HSK4
保证	保證	bǎozhèng	to guarantee, to ensure; guarantee, assurance	garantizar	我保证明天一定按时到。	I guarantee I will arrive on time tomorrow.	Te garantizo que llegaré a tiempo mañana.	担保 (dānbǎo) - to guarantee	担保 (dānbǎo) - avalar	确保能够做到某事	To ensure that something will definitely be done	Asegurar que algo se cumplirá	HSK4
抱	抱	bào	to hold, to embrace, to hug	abrazar	妈妈把孩子抱在怀里。	The mother held the child in her arms.	La madre abrazó al niño entre sus brazos.	拥抱 (yōngbào) - to embrace	拥抱 (yōngbào) - abrazar	用手臂搂着	To hold something/someone with one's arms	Sostener algo o a alguien con los brazos	HSK4
报考	報考	bàokǎo	to apply for an exam, to register for a test	inscribirse a un examen	我打算报考这所大学的研究生。	I plan to apply for the graduate program at this university.	Pienso inscribirme para el posgrado de esta universidad.			报名参加考试	To sign up to take an exam	Inscribirse para presentar un examen	HSK4
报名	報名	bàomíng	to sign up, to register	inscribirse	我已经报名参加汉语考试了。	I have already signed up for the Chinese exam.	Ya me inscribí para el examen de chino.	注册 (zhùcè) - to register	注册 (zhùcè) - registrarse	把自己的名字报上去，表示要参加	To submit one's name to indicate participation	Dar el nombre para indicar que se va a participar	HSK4
抱歉	抱歉	bàoqiàn	sorry, apologetic	lo siento	对不起，来晚了，真抱歉。	Sorry, I'm late, I really apologize.	Perdón, llegué tarde, lo siento de verdad.	对不起 (duìbuqǐ) - sorry	对不起 (duìbuqǐ) - perdón	心里觉得对不起别人	Feeling sorry for having wronged someone	Sentir que se le ha causado una molestia a alguien	HSK4
背	背	bēi	to carry on the back	cargar (a la espalda)	他背着一个大包去旅行。	He carried a big bag on his back to travel.	Él cargó una mochila grande a la espalda para viajar.	扛 (káng) - to carry on the shoulder	扛 (káng) - cargar al hombro	用背部驮着东西	To carry something using one's back	Llevar algo sobre la espalda	HSK4
背包	背包	bēibāo	backpack	mochila	他每天背着背包去上学。	He carries a backpack to school every day.	Él lleva una mochila a la escuela todos los días.	书包 (shūbāo) - schoolbag	书包 (shūbāo) - mochila escolar	背在背上的包	A bag carried on the back	Una bolsa que se lleva en la espalda	HSK4
北部	北部	běibù	northern part, north	parte norte	中国北部冬天很冷。	Winter is very cold in northern China.	El invierno es muy frío en el norte de China.	北方 (běifāng) - the north	北方 (běifāng) - el norte	某一地区的北边部分	The northern section of a region	La parte norte de una región	HSK4
倍	倍	bèi	times, -fold	veces (multiplicador)	今年的销售额是去年的两倍。	This year's sales are twice last year's.	Las ventas de este año son el doble que las del año pasado.			表示数量增加的相同次数	A unit indicating a multiple of a quantity	Unidad que indica un múltiplo de una cantidad	HSK4
本科	本科	běnkē	undergraduate program	licenciatura	他本科学的是经济学。	He studied economics as an undergraduate.	Él estudió economía en la licenciatura.			大学的本科教育阶段	The undergraduate level of university education	La etapa de educación universitaria de grado	HSK4
本来	本來	běnlái	original, former; originally, actually	originalmente	我本来打算今天去，但是下雨了。	I originally planned to go today, but it rained.	Originalmente planeaba ir hoy, pero llovió.	原来 (yuánlái) - originally	原来 (yuánlái) - originalmente	起初的，没有改变之前的情况	The original situation before any change	La situación inicial antes de algún cambio	HSK4
笨	笨	bèn	stupid, foolish	tonto	别笑他，他不是笨，只是没听懂。	Don't laugh at him, he's not stupid, he just didn't understand.	No te rías de él, no es tonto, solo no entendió.	愚蠢 (yúchǔn) - foolish	愚蠢 (yúchǔn) - estúpido	不聪明，反应慢	Not smart, slow to understand	Poco inteligente, de reacción lenta	HSK4
鼻子	鼻子	bízi	nose	nariz	他的鼻子很高。	His nose is quite prominent.	Su nariz es bastante alta.			脸部中间用来呼吸和闻味道的器官	The organ in the middle of the face used for breathing and smelling	El órgano en medio de la cara usado para respirar y oler	HSK4
笔试	筆試	bǐshì	written test, to take a written exam	examen escrito	明天的考试先笔试，后面试。	Tomorrow's exam is a written test first, then an interview.	El examen de mañana será primero escrito y luego una entrevista.			用书写方式进行的考试	An exam conducted by writing answers	Un examen que se realiza escribiendo las respuestas	HSK4
毕业	畢業	bìyè	to graduate	graduarse	我明年就要大学毕业了。	I will graduate from university next year.	Me graduaré de la universidad el año que viene.			完成学业课程	To complete one's course of study	Terminar los estudios	HSK4
毕业生	畢業生	bìyèshēng	graduate	graduado	这所大学每年有很多毕业生。	This university has many graduates every year.	Esta universidad tiene muchos graduados cada año.			已经完成学业的学生	A student who has completed their studies	Un estudiante que ya terminó sus estudios	HSK4
便于	便於	biànyú	to be convenient for, to facilitate	facilitar	请写清楚地址，便于我们送货。	Please write the address clearly to facilitate our delivery.	Por favor, escriba la dirección claramente para facilitar la entrega.	方便 (fāngbiàn) - convenient	方便 (fāngbiàn) - conveniente	使做某事更加容易	To make doing something easier	Hacer que algo sea más fácil de realizar	HSK4
标准	標準	biāozhǔn	standard; standard, typical	estándar	他的普通话很标准。	His Mandarin is very standard.	Su mandarín es muy estándar.	规范 (guīfàn) - norm	规范 (guīfàn) - norma	衡量事物的准则	A criterion for measuring something	Un criterio para medir algo	HSK4
表	表	biǎo	watch, meter, table, form; to express	reloj; tabla	我的手表是新买的。	My watch is newly bought.	Mi reloj es recién comprado.	钟表 (zhōngbiǎo) - clocks and watches	钟表 (zhōngbiǎo) - relojes	计时的器具，也指表格	A timekeeping device; also refers to a form/table	Un instrumento para medir el tiempo; también se refiere a una tabla o formulario	HSK4
表格	表格	biǎogé	form, table	formulario	请填写这张表格。	Please fill out this form.	Por favor, complete este formulario.			按项目分类填写的表	A document with categorized items to be filled in	Un documento con elementos clasificados para rellenar	HSK4
表示	表示	biǎoshì	to express, to indicate, to show	expresar	他点点头，表示同意。	He nodded, expressing agreement.	Él asintió, expresando su acuerdo.	表达 (biǎodá) - to express	表达 (biǎodá) - expresar	用言语或动作显示想法	To show one's thoughts through words or actions	Mostrar ideas mediante palabras o acciones	HSK4
表现	表現	biǎoxiàn	to show, to display, to perform	desempeño; mostrar	他这次考试表现得很好。	He performed very well in this exam.	Él se desempeñó muy bien en este examen.	展示 (zhǎnshì) - to display	展示 (zhǎnshì) - mostrar	通过行为显示出来的样子	The way something is shown through behavior	La manera en que algo se manifiesta a través del comportamiento	HSK4
表扬	表揚	biǎoyáng	to praise, to commend	elogiar	老师表扬了认真学习的学生。	The teacher praised the students who studied hard.	El profesor elogió a los estudiantes que estudiaron con dedicación.	称赞 (chēngzàn) - to compliment	称赞 (chēngzàn) - alabar	对好的行为进行肯定和夸奖	To affirm and commend good behavior	Reconocer y elogiar una buena conducta	HSK4
饼干	餅乾	bǐnggān	biscuit, cracker	galleta	孩子喜欢吃饼干。	Children like to eat biscuits.	A los niños les gusta comer galletas.			一种烤制的干燥食品	A baked, dry food item	Un alimento horneado y seco	HSK4
并	並	bìng	to combine, to merge; actually, indeed; and, also	y; en absoluto	这件事并不像你想的那么简单。	This matter is not as simple as you think.	Este asunto no es tan sencillo como piensas.			用在否定词前加强语气	Used before a negative word to add emphasis	Se usa antes de una negación para reforzar el tono	HSK4
并且	並且	bìngqiě	and, moreover, furthermore	además	这家餐厅的菜很好吃，并且价格不贵。	The food at this restaurant is delicious, and moreover the prices are not expensive.	La comida de este restaurante es deliciosa, y además los precios no son caros.	而且 (érqiě) - moreover	而且 (érqiě) - además	表示进一步补充说明	Used to indicate an additional point	Indica que se añade información adicional	HSK4
播放	播放	bōfàng	to broadcast, to play	reproducir, emitir	电视台正在播放新闻。	The TV station is broadcasting the news.	La televisión está emitiendo las noticias.	放映 (fàngyìng) - to screen (movies)	放映 (fàngyìng) - proyectar	通过广播、电视等播出	To air content through radio, television, etc.	Emitir contenido a través de la radio, televisión, etc.	HSK4
博士	博士	bóshì	doctor (PhD)	doctor (título)	他是北京大学的博士。	He is a PhD holder from Peking University.	Él es doctor por la Universidad de Pekín.			最高的学位	The highest academic degree	El título académico más alto	HSK4
不必	不必	búbì	need not, not necessary	no hace falta	你不必担心这件事。	You don't need to worry about this.	No hace falta que te preocupes por esto.	不用 (búyòng) - no need	不用 (búyòng) - no es necesario	没有必要做某事	There is no need to do something	No es necesario hacer algo	HSK4
不便	不便	búbiàn	inconvenient; to be short of money	inconveniente	没有车真是不便。	Not having a car is really inconvenient.	No tener coche es realmente inconveniente.	麻烦 (máfan) - troublesome	麻烦 (máfan) - molesto	不方便，有困难	Not convenient, causing difficulty	No conveniente, que causa dificultad	HSK4
不断	不斷	búduàn	continuous, unceasing; continuously, constantly	continuamente	他的汉语水平不断提高。	His Chinese level keeps improving continuously.	Su nivel de chino mejora continuamente.	持续 (chíxù) - continuous	持续 (chíxù) - continuo	一直进行，不停止	To continue without stopping	Seguir sin detenerse	HSK4
不够	不夠	búgòu	not enough, insufficient; not sufficiently	no basta	这些钱不够买那台电脑。	This money is not enough to buy that computer.	Este dinero no es suficiente para comprar esa computadora.	不足 (bùzú) - insufficient	不足 (bùzú) - insuficiente	数量没有达到需要的程度	The quantity does not reach the required amount	La cantidad no alcanza lo necesario	HSK4
不过	不過	búguò	but, however; only, merely	pero	这个手机很好，不过有点儿贵。	This phone is good, but it's a bit expensive.	Este teléfono es bueno, pero es un poco caro.	但是 (dànshì) - but	但是 (dànshì) - pero	表示转折，跟"但是"意思相近	Indicates a turn/contrast, similar to "but"	Indica un contraste, similar a "pero"	HSK4
不论	不論	búlùn	no matter, regardless	sin importar	不论天气怎么样，我们都要出发。	No matter what the weather is like, we will still set off.	Sin importar cómo esté el clima, saldremos de todos modos.	无论 (wúlùn) - no matter	无论 (wúlùn) - sin importar	表示在任何条件下结果都一样	Indicates that the result is the same under any condition	Indica que el resultado es el mismo bajo cualquier condición	HSK4
步	步	bù	step, pace	paso	请大家往后退一步。	Please everyone take a step back.	Por favor, todos den un paso atrás.			走路时两脚之间的距离，也指行走的动作	The distance between feet when walking; also the act of walking	La distancia entre los pies al caminar; también el acto de caminar	HSK4
部	部	bù	department, part; measure word for books, machines, etc.	departamento	他在市场部工作。	He works in the marketing department.	Él trabaja en el departamento de marketing.	部门 (bùmén) - department	部门 (bùmén) - departamento	机构中的一个部分，也用作量词	A division within an organization; also used as a measure word	Una división dentro de una organización; también se usa como clasificador	HSK4
不得不	不得不	bùdébù	have to, cannot but	no tener más remedio que	因为下大雨，我们不得不取消比赛。	Because of the heavy rain, we had no choice but to cancel the match.	Debido a la fuerte lluvia, no tuvimos más remedio que cancelar el partido.	只好 (zhǐhǎo) - have no choice but to	只好 (zhǐhǎo) - no quedar más remedio que	没有别的办法，只能这样做	Having no other option but to do so	No tener otra opción más que hacerlo así	HSK4
部分	部分	bùfen	part; portion	parte	这只是问题的一部分。	This is only part of the problem.	Esto es solo una parte del problema.			整体中的一部分	A part of a whole	Una parte de un todo	HSK4
不管	不管	bùguǎn	no matter; regardless of	sin importar	不管天气怎么样，我们都要出发。	No matter what the weather is like, we have to set off.	No importa cómo esté el clima, tenemos que partir.	无论 (wúlùn) - no matter	无论 (wúlùn) - sin importar	表示条件不同而结果不变	Indicates that the result stays the same regardless of varying conditions	Indica que el resultado no cambia sin importar las condiciones	HSK4
不光	不光	bùguāng	not only	no solo	他不光会说汉语，还会说日语。	He can not only speak Chinese, but also Japanese.	Él no solo sabe hablar chino, sino también japonés.	不仅 (bùjǐn) - not only	不仅 (bùjǐn) - no solo	表示超出某个范围，不限于此	Indicates something goes beyond a certain scope, not limited to it	Indica que algo va más allá de cierto alcance, no se limita a eso	HSK4
不仅	不僅	bùjǐn	not only	no solo	她不仅漂亮，而且聪明。	She is not only pretty, but also smart.	Ella no solo es bonita, sino también inteligente.	不光 (bùguāng) - not only	不光 (bùguāng) - no solo	表示不止一方面，还有更多	Indicates there is more than one aspect	Indica que hay más de un aspecto	HSK4
不满	不滿	bùmǎn	dissatisfied; displeased	descontento	他对这个结果很不满。	He is very dissatisfied with this result.	Él está muy descontento con este resultado.	不高兴 (bù gāoxìng) - unhappy	不高兴 (bù gāoxìng) - infeliz	心里不满意，不高兴	Feeling unsatisfied or unhappy inside	Sentirse insatisfecho o descontento interiormente	HSK4
部门	部門	bùmén	department; unit	departamento	他在公司的销售部门工作。	He works in the sales department of the company.	Él trabaja en el departamento de ventas de la empresa.			机构或单位中按职能划分的部分	A division within an organization or unit, organized by function	Una parte de una organización o unidad, dividida según su función	HSK4
不如	不如	bùrú	not as good as; inferior to	no ser tan bueno como	这家饭馆的菜不如那家好吃。	The food at this restaurant is not as good as that one.	La comida de este restaurante no es tan buena como la de aquel.			比不上，赶不上	To be inferior to; not measure up to	Ser inferior a; no estar a la altura de	HSK4
擦	擦	cā	to wipe; to rub	limpiar; frotar	妈妈在擦桌子。	Mom is wiping the table.	Mamá está limpiando la mesa.	抹 (mǒ) - to wipe	抹 (mǒ) - limpiar	用布等摩擦使干净	To rub something with a cloth to make it clean	Frotar algo con un paño para limpiarlo	HSK4
猜	猜	cāi	to guess	adivinar	你猜猜这是什么？	Guess what this is?	Adivina qué es esto.			凭想象或推测判断	To judge based on imagination or inference	Juzgar basándose en la imaginación o la suposición	HSK4
材料	材料	cáiliào	material; data	material; datos	这些材料是做蛋糕用的。	These materials are used to make a cake.	Estos materiales se usan para hacer un pastel.	资料 (zīliào) - data, information	资料 (zīliào) - datos, información	用于制造或研究的原料或依据	Raw substances or data used for making or studying something	Sustancias o datos utilizados para fabricar o estudiar algo	HSK4
参观	參觀	cānguān	to visit; to tour	visitar (un lugar)	我们下午去参观博物馆。	We are going to visit the museum this afternoon.	Por la tarde vamos a visitar el museo.	游览 (yóulǎn) - to tour	游览 (yóulǎn) - recorrer, hacer turismo	实地观看以了解情况	To observe a place in person to learn about it	Observar un lugar en persona para conocerlo	HSK4
参赛	參賽	cānsài	to enter a competition; to compete	participar en una competición	一共有二十个国家参赛。	A total of twenty countries are participating in the competition.	En total participan veinte países en la competición.			参加比赛	To take part in a competition	Tomar parte en una competición	HSK4
餐厅	餐廳	cāntīng	restaurant; dining hall	restaurante; comedor	我们在餐厅吃了晚饭。	We had dinner at the restaurant.	Cenamos en el restaurante.	饭馆 (fànguǎn) - restaurant	饭馆 (fànguǎn) - restaurante	供人吃饭的场所	A place where people go to eat	Un lugar donde la gente va a comer	HSK4
操场	操場	cāochǎng	playground; sports field	patio de deportes; campo deportivo	学生们在操场上打篮球。	The students are playing basketball on the sports field.	Los estudiantes juegan baloncesto en el campo deportivo.			供体育活动使用的场地	A field used for sports activities	Un terreno utilizado para actividades deportivas	HSK4
厕所	廁所	cèsuǒ	toilet; restroom	baño; aseo	请问厕所在哪儿？	Excuse me, where is the restroom?	Disculpe, ¿dónde está el baño?	洗手间 (xǐshǒujiān) - restroom	洗手间 (xǐshǒujiān) - aseo	供人大小便的地方	A place for using the toilet	Un lugar destinado a hacer las necesidades	HSK4
查看	查看	chákàn	to check; to look over	revisar; consultar	你可以在网上查看火车时间。	You can check the train times online.	Puedes consultar los horarios de tren en internet.	检查 (jiǎnchá) - to check	检查 (jiǎnchá) - revisar	仔细察看，了解情况	To look carefully in order to understand a situation	Observar con cuidado para conocer una situación	HSK4
茶叶	茶葉	cháyè	tea leaves	hojas de té; té	这种茶叶很香。	This kind of tea is very fragrant.	Este té es muy aromático.			茶树的叶子，用来泡茶	The leaves of the tea plant, used to make tea	Las hojas del árbol del té, usadas para preparar té	HSK4
查找	查找	cházhǎo	to search for; to look up	buscar	我在字典里查找这个词的意思。	I looked up the meaning of this word in the dictionary.	Busqué el significado de esta palabra en el diccionario.	寻找 (xúnzhǎo) - to search for	寻找 (xúnzhǎo) - buscar	为了找到而检查、寻找	To check or look for something in order to find it	Revisar o buscar algo con el fin de encontrarlo	HSK4
差点儿	差點兒	chàdiǎnr	almost; nearly	casi; por poco	我差点儿忘了今天的会议。	I almost forgot about today's meeting.	Por poco se me olvida la reunión de hoy.	几乎 (jīhū) - almost	几乎 (jīhū) - casi	表示某种情况接近发生而没有发生，或勉强发生	Indicates that something almost happened (but didn't), or barely happened	Indica que algo estuvo a punto de suceder (pero no sucedió), o que sucedió por muy poco	HSK4
产生	產生	chǎnshēng	to produce; to generate; to arise	producir; generar; surgir	这个决定产生了很大的影响。	This decision produced a huge impact.	Esta decisión generó un gran impacto.	出现 (chūxiàn) - to appear	出现 (chūxiàn) - aparecer	从无到有地形成	To come into existence from nothing	Formarse a partir de la nada	HSK4
厂	廠	chǎng	factory; plant	fábrica	我爸爸在一家汽车厂工作。	My dad works at a car factory.	Mi papá trabaja en una fábrica de coches.	工厂 (gōngchǎng) - factory	工厂 (gōngchǎng) - fábrica	生产或加工产品的场所	A place where products are manufactured or processed	Un lugar donde se fabrican o procesan productos	HSK4
场	場	chǎng	measure word for events, performances, games	clasificador para eventos, espectáculos, partidos	昨天晚上我们看了一场电影。	Last night we watched a movie.	Anoche vimos una película.			用于事情的经过或文娱体育活动	Used for the course of events or for cultural and sports activities	Se usa para el desarrollo de eventos o actividades culturales y deportivas	HSK4
超过	超過	chāoguò	to exceed; to surpass	superar; sobrepasar	他的成绩超过了所有同学。	His grades surpassed all his classmates.	Sus calificaciones superaron a las de todos sus compañeros.	超越 (chāoyuè) - to surpass	超越 (chāoyuè) - superar	超出，高于原有的数量或程度	To go beyond an original amount or level	Ir más allá de una cantidad o nivel original	HSK4
车速	車速	chēsù	vehicle speed	velocidad del vehículo	下雨天要控制车速。	You need to control your speed on rainy days.	Hay que controlar la velocidad del coche los días de lluvia.			车辆行驶的速度	The speed at which a vehicle travels	La velocidad a la que se desplaza un vehículo	HSK4
车位	車位	chēwèi	parking space	plaza de aparcamiento	这个商场的车位很难找。	Parking spaces at this mall are hard to find.	Es difícil encontrar plazas de aparcamiento en este centro comercial.	停车位 (tíngchēwèi) - parking space	停车位 (tíngchēwèi) - plaza de aparcamiento	供车辆停放的位置	A spot designated for parking a vehicle	Un lugar destinado a estacionar un vehículo	HSK4
城	城	chéng	city; town	ciudad	北京是一座古老的城。	Beijing is an ancient city.	Pekín es una ciudad antigua.	城市 (chéngshì) - city	城市 (chéngshì) - ciudad	人口集中、工商业发达的地区	A densely populated area with developed industry and commerce	Una zona con población concentrada e industria y comercio desarrollados	HSK4
乘	乘	chéng	to ride, to take (transportation); to multiply	montar, tomar (un transporte); multiplicar	他每天乘公共汽车上班。	He takes the bus to work every day.	Él toma el autobús para ir al trabajo todos los días.	乘坐 (chéngzuò) - to ride, to take transportation	乘坐 (chéngzuò) - montar, tomar (transporte)	搭乘交通工具；数学运算的一种	To board a means of transportation; a mathematical operation	Subirse a un medio de transporte; una operación matemática	HSK4
成功	成功	chénggōng	to succeed; successful	tener éxito; exitoso	他这次考试考得很成功。	He did very well (succeeded) in this exam.	Le fue muy bien (tuvo éxito) en este examen.			达到了预期的目的	To have achieved the intended goal	Haber logrado el objetivo previsto	HSK4
乘客	乘客	chéngkè	passenger	pasajero	车上的乘客都系好了安全带。	All the passengers on the bus fastened their seatbelts.	Todos los pasajeros del vehículo se abrocharon el cinturón de seguridad.			乘坐交通工具的人	A person who rides in a vehicle	Una persona que viaja en un medio de transporte	HSK4
诚实	誠實	chéngshí	honest	honesto; sincero	做人要诚实。	One should be honest.	Hay que ser honesto en la vida.	老实 (lǎoshi) - honest	老实 (lǎoshi) - honesto	言行跟内心思想一致，不说谎	Speech and behavior match one's inner thoughts; not lying	Las palabras y acciones coinciden con el pensamiento interior; no mentir	HSK4
成为	成為	chéngwéi	to become	convertirse en; llegar a ser	他长大后成为了一名医生。	When he grew up, he became a doctor.	Cuando creció, se convirtió en médico.	变成 (biànchéng) - to become	变成 (biànchéng) - convertirse en	变成某种事物或状态	To turn into a certain thing or state	Transformarse en cierta cosa o estado	HSK4
乘坐	乘坐	chéngzuò	to ride; to take (transportation)	montar; tomar (un transporte)	我们乘坐飞机去上海。	We are taking a plane to Shanghai.	Vamos a tomar un avión a Shanghái.	乘 (chéng) - to ride, to take	乘 (chéng) - montar, tomar	坐上交通工具	To get on board a means of transportation	Subirse a un medio de transporte	HSK4
吃惊	吃驚	chījīng	to be startled; to be shocked	sorprenderse; asustarse	听到这个消息，大家都很吃惊。	Hearing this news, everyone was shocked.	Al escuchar esta noticia, todos se sorprendieron mucho.	惊讶 (jīngyà) - surprised	惊讶 (jīngyà) - sorprendido	遇到意外的事而感到惊讶	To feel surprised due to something unexpected	Sentirse sorprendido por algo inesperado	HSK4
迟	遲	chí	late; delayed	tarde; retrasado	火车来迟了。	The train came late.	El tren llegó tarde.	晚 (wǎn) - late	晚 (wǎn) - tarde	比规定或合适的时间靠后	Later than the scheduled or appropriate time	Más tarde de lo previsto o de lo adecuado	HSK4
重	重	chóng	again; once more	de nuevo; otra vez	这篇作文写得不好，请重写一遍。	This essay is not well written, please rewrite it.	Esta redacción no está bien escrita, por favor escríbela de nuevo.	再 (zài) - again	再 (zài) - de nuevo	表示动作再次发生	Indicates that an action happens again	Indica que una acción vuelve a ocurrir	HSK4
重新	重新	chóngxīn	again; anew	de nuevo; nuevamente	我们需要重新计划这次旅行。	We need to replan this trip.	Necesitamos volver a planear este viaje.	再次 (zàicì) - again	再次 (zàicì) - de nuevo	从头另行开始	To start over again from the beginning	Comenzar de nuevo desde el principio	HSK4
出差	出差	chūchāi	to go on a business trip	viajar por negocios; ir de viaje de trabajo	他下周要去北京出差。	He is going on a business trip to Beijing next week.	La próxima semana él va a viajar a Pekín por trabajo.			因公务离开常驻地到别处办事	To leave one's usual workplace to handle business elsewhere	Salir del lugar de trabajo habitual para hacer gestiones en otro sitio	HSK4
出口	出口	chūkǒu	exit; to export	salida; exportar	请从这个出口离开。	Please leave through this exit.	Por favor, salgan por esta salida.			出去的口子；把本国产品运往国外销售	An opening for leaving; to sell domestic products abroad	Una abertura para salir; vender productos nacionales en el extranjero	HSK4
出现	出現	chūxiàn	to appear; to emerge	aparecer; surgir	天上出现了一道彩虹。	A rainbow appeared in the sky.	Apareció un arcoíris en el cielo.	产生 (chǎnshēng) - to arise	产生 (chǎnshēng) - surgir	显露出来，从无到有地存在	To become visible; to come into existence	Hacerse visible; pasar a existir	HSK4
出行	出行	chūxíng	to travel; to go out (on a trip)	salir de viaje; desplazarse	春节期间出行的人特别多。	There are especially many people traveling during Spring Festival.	Durante el Año Nuevo Chino viaja muchísima gente.	旅行 (lǚxíng) - to travel	旅行 (lǚxíng) - viajar	外出办事或旅行	To go out to handle affairs or to travel	Salir para hacer gestiones o viajar	HSK4
出租	出租	chūzū	to rent out	alquilar (dar en alquiler)	这套房子可以出租。	This apartment can be rented out.	Este piso se puede alquilar.	租 (zū) - to rent	租 (zū) - alquilar	收取一定费用，把物品或房屋暂时给别人使用	To let someone use an item or property temporarily for a fee	Permitir que alguien use un objeto o vivienda temporalmente a cambio de una tarifa	HSK4
厨房	廚房	chúfáng	kitchen	cocina	妈妈在厨房做饭。	Mom is cooking in the kitchen.	Mamá está cocinando en la cocina.			做饭菜的房间	A room used for preparing food	Una habitación destinada a preparar comida	HSK4
厨师	廚師	chúshī	chef; cook	cocinero; chef	他是一名有名的厨师。	He is a famous chef.	Él es un cocinero famoso.			以做饭菜为职业的人	A person whose profession is cooking	Una persona cuya profesión es cocinar	HSK4
窗	窗	chuāng	window	ventana	请把窗打开。	Please open the window.	Por favor, abre la ventana.	窗户 (chuānghu) - window	窗户 (chuānghu) - ventana	墙上用来通风透光的洞口	An opening in a wall for ventilation and light	Una abertura en la pared para ventilación y luz	HSK4
窗户	窗戶	chuānghu	window	ventana	屋里的窗户很大。	The window in the room is very big.	La ventana de la habitación es muy grande.	窗 (chuāng) - window	窗 (chuāng) - ventana	房屋墙上用来通风采光的装置	A fixture in a wall for ventilation and light	Un dispositivo en la pared de una casa para ventilación e iluminación	HSK4
吹	吹	chuī	to blow	soplar	外面风吹得很大。	The wind is blowing very hard outside.	Afuera el viento sopla muy fuerte.			合拢嘴唇用力送气	To purse the lips and forcefully expel air	Juntar los labios y expulsar aire con fuerza	HSK4
词语	詞語	cíyǔ	word; phrase	palabra; expresión	这篇文章里有很多新词语。	There are many new words in this article.	Hay muchas palabras nuevas en este artículo.	词汇 (cíhuì) - vocabulary	词汇 (cíhuì) - vocabulario	词和短语的统称	A general term for words and phrases	Un término general para palabras y expresiones	HSK4
此	此	cǐ	this	esto; este	从此以后，他们成为了好朋友。	From then on, they became good friends.	Desde entonces, se hicieron buenos amigos.	这 (zhè) - this	这 (zhè) - este	书面语中用来指代眼前的事物	A literary term used to refer to something at hand	Un término literario usado para referirse a algo presente	HSK4
此次	此次	cǐ cì	this time; this occasion	esta vez; esta ocasión	此次比赛非常成功。	This competition was very successful.	Esta competición fue todo un éxito.	这次 (zhè cì) - this time	这次 (zhè cì) - esta vez	书面语，指这一次	A literary term meaning "this time"	Un término literario que significa "esta vez"	HSK4
此外	此外	cǐwài	besides; in addition; moreover	además; aparte de esto	他会说英语，此外还会说法语。	He can speak English, and besides that, he can also speak French.	Él sabe hablar inglés, y además también sabe hablar francés.	另外 (lìngwài) - in addition	另外 (lìngwài) - además	除了上文所说的之外	Apart from what was mentioned above	Aparte de lo mencionado anteriormente	HSK4
从此	從此	cóngcǐ	from then on, since then	desde entonces	他大学毕业以后离开了家乡，从此再也没有回去过。	After he graduated from university, he left his hometown, and never went back since then.	Después de graduarse de la universidad, dejó su ciudad natal, y desde entonces nunca volvió.	从今以后 (cóng jīn yǐ hòu) - from now on	从今以后 (cóng jīn yǐ hòu) - de ahora en adelante	从这个时候起	From this point in time onward	A partir de este momento	HSK4
从来	從來	cónglái	always, at all times; never (with negation)	siempre; nunca (con negación)	他从来不迟到。	He is never late.	Él nunca llega tarde.	一直 (yīzhí) - always	一直 (yīzhí) - siempre	从过去到现在，多用于否定句	From the past until now, often used in negative sentences	Desde el pasado hasta ahora, se usa mucho en oraciones negativas	HSK4
从中	從中	cóngzhōng	from among, from it	de entre eso; de ahí	这件事让我们从中学到了很多经验。	This matter let us learn a lot from it.	Este asunto nos permitió aprender mucho de ello.			从其中，从那里面	From within it, from that place	De entre ello, de ahí dentro	HSK4
粗	粗	cū	coarse, rough, thick	grueso; tosco, áspero	这根绳子很粗。	This rope is very thick.	Esta cuerda es muy gruesa.			横截面大，跟"细"相对	Having a large cross-section, opposite of "thin"	Que tiene una sección transversal grande, opuesto a "fino"	HSK4
粗心	粗心	cūxīn	careless	descuidado	他做作业太粗心，总是写错字。	He is too careless doing homework, always writing wrong characters.	Es demasiado descuidado haciendo la tarea, siempre escribe caracteres equivocados.	马虎 (mǎhu) - careless	马虎 (mǎhu) - descuidado	做事不认真，不仔细	Not careful or attentive when doing things	No ser cuidadoso ni atento al hacer las cosas	HSK4
村	村	cūn	village	aldea, pueblo	我奶奶住在一个小村子里。	My grandmother lives in a small village.	Mi abuela vive en una aldea pequeña.	村庄 (cūnzhuāng) - village	村庄 (cūnzhuāng) - aldea	乡下人聚居的地方	A place where rural people live together	Un lugar donde vive la gente del campo	HSK4
存	存	cún	to store, to keep, to exist	guardar, ahorrar; existir	我每个月都往银行存一点钱。	I deposit a little money in the bank every month.	Cada mes deposito un poco de dinero en el banco.	储存 (chǔcún) - to store	储存 (chǔcún) - almacenar	把东西放在一个地方，留着以后用	To put something in a place to keep for later use	Poner algo en un lugar para usarlo después	HSK4
错过	錯過	cuòguò	to miss, to let slip	perder, dejar pasar (una oportunidad)	我差点错过了最后一班公交车。	I almost missed the last bus.	Casi pierdo el último autobús.	错失 (cuòshī) - to miss	错失 (cuòshī) - perder	因未把握而失去机会	To lose a chance by failing to seize it	Perder una oportunidad por no aprovecharla	HSK4
错误	錯誤	cuòwù	mistake, error; wrong, incorrect	error, equivocación; equivocado	这份报告里有一个严重的错误。	There is a serious mistake in this report.	Hay un error grave en este informe.	错 (cuò) - mistake	错 (cuò) - error	不正确的想法或做法	An incorrect idea or action	Una idea o acción incorrecta	HSK4
答应	答應	dāying	to agree, to promise	aceptar; prometer	妈妈答应星期天带我去公园。	Mom promised to take me to the park on Sunday.	Mamá prometió llevarme al parque el domingo.	同意 (tóngyì) - to agree	同意 (tóngyì) - estar de acuerdo	应允别人的请求或表示同意	To agree to someone's request or express consent	Aceptar la petición de alguien o mostrar acuerdo	HSK4
答	答	dá	to answer, to reply	responder, contestar	老师问的问题，他都答对了。	He answered all the teacher's questions correctly.	Respondió correctamente todas las preguntas del profesor.	回答 (huídá) - to answer	回答 (huídá) - responder	回答，对提问的回复	To reply, a response to a question	Responder, contestar a una pregunta	HSK4
答案	答案	dá'àn	answer, solution	respuesta	这道题的答案是什么？	What is the answer to this question?	¿Cuál es la respuesta a esta pregunta?			对问题的解答	A solution to a question	La solución a una pregunta	HSK4
达到	達到	dádào	to reach, to achieve	alcanzar, lograr	经过努力，他终于达到了自己的目标。	After much effort, he finally achieved his goal.	Después de mucho esfuerzo, finalmente alcanzó su meta.	实现 (shíxiàn) - to achieve	实现 (shíxiàn) - realizar	到达某种目标、程度或水平	To reach a certain goal, degree, or level	Llegar a cierto objetivo, grado o nivel	HSK4
打招呼	打招呼	dǎ zhāohu	to greet, to say hello	saludar	见到老师，学生们都主动打招呼。	When they saw the teacher, the students all greeted her actively.	Al ver a la profesora, los estudiantes la saludaron todos por iniciativa propia.	问好 (wènhǎo) - to say hello	问好 (wènhǎo) - saludar	见面时互相问候	To greet each other when meeting	Saludarse mutuamente al encontrarse	HSK4
打败	打敗	dǎbài	to defeat, to beat	derrotar, vencer	中国队在比赛中打败了对手。	The Chinese team defeated their opponent in the match.	El equipo chino derrotó a su rival en el partido.	战胜 (zhànshèng) - to defeat	战胜 (zhànshèng) - vencer	使对方在竞争或战斗中失败	To cause the opponent to lose in a competition or battle	Hacer que el rival pierda en una competencia o batalla	HSK4
打工	打工	dǎgōng	to work a temporary job	trabajar (en un empleo temporal)	很多大学生暑假会去打工。	Many university students go work temporary jobs during summer vacation.	Muchos estudiantes universitarios trabajan en empleos temporales durante las vacaciones de verano.	兼职 (jiānzhí) - part-time job	兼职 (jiānzhí) - trabajo de medio tiempo	做临时性的工作，多指受雇于人	To do temporary work, usually meaning being employed by someone	Hacer un trabajo temporal, generalmente como empleado de alguien	HSK4
打扰	打擾	dǎrǎo	to disturb, to bother	molestar, interrumpir	对不起，打扰你一下，请问洗手间在哪儿？	Sorry to bother you, where is the restroom?	Perdón por molestarte, ¿dónde está el baño?	打搅 (dǎjiǎo) - to disturb	打搅 (dǎjiǎo) - molestar	因某种行为影响别人，使人不安	To affect someone with an action, causing them inconvenience	Afectar a alguien con una acción, causándole molestia	HSK4
打印	打印	dǎyìn	to print	imprimir	请帮我把这份文件打印出来。	Please help me print out this document.	Por favor ayúdame a imprimir este documento.	印刷 (yìnshuā) - to print	印刷 (yìnshuā) - imprimir	用机器把文字或图像印在纸上	To use a machine to print text or images onto paper	Usar una máquina para imprimir texto o imágenes en papel	HSK4
打印机	打印機	dǎyìnjī	printer	impresora	办公室的打印机坏了。	The office printer is broken.	La impresora de la oficina está descompuesta.			用来打印文件的机器	A machine used to print documents	Una máquina que se usa para imprimir documentos	HSK4
打折	打折	dǎzhé	to give a discount	hacer descuento	这家商店周末打折，衣服便宜很多。	This shop gives discounts on weekends, so the clothes are much cheaper.	Esta tienda hace descuentos los fines de semana, así que la ropa es mucho más barata.	减价 (jiǎnjià) - to reduce price	减价 (jiǎnjià) - rebajar precio	按原价的成数减少价格出售	To sell at a reduced percentage of the original price	Vender a un porcentaje reducido del precio original	HSK4
打针	打針	dǎzhēn	to get an injection, to receive a shot	poner una inyección, vacunarse	小孩子一般都很怕打针。	Children are generally very afraid of getting injections.	Los niños generalmente tienen mucho miedo de que les pongan una inyección.	注射 (zhùshè) - to inject	注射 (zhùshè) - inyectar	用针把药液注入身体	To use a needle to inject medicine into the body	Usar una aguja para inyectar medicamento en el cuerpo	HSK4
大巴	大巴	dàbā	large bus, coach	autobús grande	我们坐大巴去机场。	We take a coach to the airport.	Vamos al aeropuerto en autobús.	客车 (kèchē) - passenger bus	客车 (kèchē) - autobús de pasajeros	大型公共汽车	A large public bus	Un autobús público grande	HSK4
大大	大大	dàdà	greatly, significantly	enormemente, considerablemente	新技术大大提高了生产效率。	The new technology has greatly improved production efficiency.	La nueva tecnología ha mejorado enormemente la eficiencia de producción.	极大地 (jídì de) - greatly	极大地 (jídì de) - enormemente	表示程度很深，超过一般	Indicates a high degree, beyond the ordinary	Indica un grado muy alto, más allá de lo normal	HSK4
大夫	大夫	dàifu	doctor (medical)	doctor, médico	大夫，我最近总是头疼。	Doctor, I've had headaches recently.	Doctor, últimamente siempre me duele la cabeza.	医生 (yīshēng) - doctor	医生 (yīshēng) - médico	医生的口语称呼	A colloquial term for a doctor	Una forma coloquial de llamar al médico	HSK4
大量	大量	dàliàng	large quantity, a large amount	gran cantidad de	这次洪水造成了大量的经济损失。	This flood caused a huge amount of economic damage.	Esta inundación causó una gran cantidad de pérdidas económicas.	许多 (xǔduō) - many	许多 (xǔduō) - muchos	数量很多	A very large number or amount	Una cantidad muy grande	HSK4
大赛	大賽	dàsài	major competition, grand contest	gran competencia, torneo	他获得了这次歌唱大赛的冠军。	He won the championship in this singing competition.	Ganó el campeonato en este concurso de canto.	比赛 (bǐsài) - competition	比赛 (bǐsài) - competencia	规模大、级别高的比赛	A large-scale, high-level competition	Una competencia de gran escala y alto nivel	HSK4
大厅	大廳	dàtīng	hall, lobby	vestíbulo, salón	我们在酒店大厅等你。	We'll wait for you in the hotel lobby.	Te esperamos en el vestíbulo del hotel.	大堂 (dàtáng) - lobby	大堂 (dàtáng) - vestíbulo	建筑物内宽大的房间	A large room inside a building	Una sala amplia dentro de un edificio	HSK4
大约	大約	dàyuē	approximately, about	aproximadamente, más o menos	从这里到火车站大约需要二十分钟。	It takes about twenty minutes to get from here to the train station.	Se tarda aproximadamente veinte minutos de aquí a la estación de tren.	大概 (dàgài) - approximately	大概 (dàgài) - aproximadamente	表示估计的数量或情况，不十分精确	Indicates an estimated number or situation, not entirely precise	Indica una cantidad o situación estimada, no muy exacta	HSK4
大自然	大自然	dàzìrán	nature, the natural world	naturaleza	我们应该保护大自然。	We should protect nature.	Debemos proteger la naturaleza.	自然界 (zìránjiè) - natural world	自然界 (zìránjiè) - mundo natural	自然界，指未经人工改变的世界	The natural world, referring to the world unaltered by humans	El mundo natural, que no ha sido modificado por el ser humano	HSK4
待	待	dāi	to stay	quedarse, permanecer	周末我喜欢待在家里看书。	On weekends I like to stay at home reading books.	Los fines de semana me gusta quedarme en casa leyendo.	呆 (dāi) - to stay	呆 (dāi) - quedarse	停留在某个地方	To remain in a certain place	Permanecer en un lugar	HSK4
戴	戴	dài	to wear, to put on	llevar puesto, ponerse (accesorios)	他每天都戴眼镜。	He wears glasses every day.	Él lleva gafas todos los días.	佩戴 (pèidài) - to wear	佩戴 (pèidài) - llevar puesto	把东西放在头、脸、手等身体部位上	To put something on the head, face, hands or other body parts	Poner algo en la cabeza, cara, manos u otras partes del cuerpo	HSK4
袋子	袋子	dàizi	bag, sack	bolsa, saco	请把水果放进这个袋子里。	Please put the fruit into this bag.	Por favor pon la fruta en esta bolsa.	包 (bāo) - bag	包 (bāo) - bolsa	用布、纸或塑料做成的盛放东西的用具	A container made of cloth, paper, or plastic for holding things	Un recipiente hecho de tela, papel o plástico para guardar cosas	HSK4
单位	單位	dānwèi	unit, department	unidad de trabajo, organización	他在一家国家单位工作。	He works at a state organization.	Él trabaja en una institución estatal.			机关、团体或它们的下属部门	An organization, group, or its subordinate department	Una institución, organización o departamento subordinado a ella	HSK4
当	當	dāng	to serve as, to be; at the time of	servir como, trabajar como; en el momento de	他从小就想当医生。	He has wanted to be a doctor since he was little.	Desde pequeño ha querido ser médico.	担任 (dānrèn) - to serve as	担任 (dānrèn) - desempeñar el cargo de	担任某种职务或身份	To hold a certain position or role	Ocupar cierto puesto o función	HSK4
当时	當時	dāngshí	at that time, then	en aquel momento, entonces	我第一次见到她的时候，当时她还是个学生。	When I first met her, at that time she was still a student.	Cuando la conocí por primera vez, en aquel entonces ella todavía era estudiante.	那时 (nàshí) - at that time	那时 (nàshí) - en aquel entonces	指过去发生某事的那个时候	Refers to the time when something happened in the past	Se refiere al momento en que ocurrió algo en el pasado	HSK4
刀	刀	dāo	knife	cuchillo	妈妈用刀把水果切开。	Mom cuts the fruit open with a knife.	Mamá corta la fruta con un cuchillo.			用来切、割东西的工具	A tool used for cutting things	Una herramienta que se usa para cortar cosas	HSK4
导游	導遊	dǎoyóu	tour guide; to guide	guía turístico; guiar un tour	我们的导游给我们介绍了这座城市的历史。	Our tour guide introduced us to the history of this city.	Nuestro guía turístico nos presentó la historia de esta ciudad.			带领游客参观并讲解的人	A person who leads tourists on visits and explains things to them	Una persona que guía a los turistas y les explica cosas	HSK4
倒	倒	dào	however, on the contrary; actually	sin embargo, al contrario; en realidad	房间不大，布置得倒很温馨。	The room isn't big, but it's actually decorated quite cozily.	La habitación no es grande, pero está decorada de manera bastante acogedora.	反而 (fǎn'ér) - on the contrary	反而 (fǎn'ér) - al contrario	表示跟意料相反，含转折的意味	Indicates something contrary to expectation, with a sense of contrast	Indica algo contrario a lo esperado, con matiz de contraste	HSK4
道	道	dào	path, way, method; measure word for long objects	camino, vía, método; medida para objetos largos	一道彩虹挂在天空中。	A rainbow hangs in the sky.	Un arcoíris cuelga en el cielo.			用于计算细长东西、题目等的量词；也指道路或方法	A measure word for long thin things, questions, etc.; also refers to a road or method	Medida para cosas largas y delgadas, preguntas, etc.; también significa camino o método	HSK4
到底	到底	dàodǐ	finally, after all; (in questions) exactly, on earth	al final, después de todo; (en preguntas) exactamente	你到底想不想去？	Do you want to go or not, after all?	¿Al final quieres ir o no?	究竟 (jiūjìng) - after all, exactly	究竟 (jiūjìng) - al final, exactamente	用于追问，表示急于知道结果	Used in questions to press for an answer, indicating eagerness to know the result	Se usa para preguntar con insistencia, mostrando ansias de saber el resultado	HSK4
到来	到來	dàolái	to arrive	llegada, llegar	大家都在期待春天的到来。	Everyone is looking forward to the arrival of spring.	Todos esperan con ilusión la llegada de la primavera.	来临 (láilín) - to arrive	来临 (láilín) - llegar	表示某个时间或事物来了、到了	Indicates that a certain time or thing has come or arrived	Indica que cierto momento o cosa ha llegado	HSK4
道路	道路	dàolù	road, path	camino, carretera	这条道路正在修理，请绕行。	This road is under repair, please take a detour.	Este camino está en reparación, por favor desvíese.	路 (lù) - road	路 (lù) - camino	供人或车马通行的路	A route for people or vehicles to travel on	Una vía por la que transitan personas o vehículos	HSK4
道歉	道歉	dàoqiàn	to apologize	disculparse, pedir perdón	是我不对，我应该向你道歉。	It was my fault, I should apologize to you.	Fue culpa mía, debería disculparme contigo.	抱歉 (bàoqiàn) - to be sorry	抱歉 (bàoqiàn) - lo siento	承认自己的错误，请求原谅	To admit one's fault and ask for forgiveness	Reconocer el propio error y pedir perdón	HSK4
得意	得意	déyì	proud, complacent	orgulloso, satisfecho de sí mismo	他考了第一名，非常得意。	He got first place and is very proud of himself.	Sacó el primer lugar y está muy orgulloso de sí mismo.	骄傲 (jiāo'ào) - proud	骄傲 (jiāo'ào) - orgulloso	因达到目的或取得成功而感到满意	Feeling satisfied because one has achieved a goal or succeeded	Sentirse satisfecho por haber logrado un objetivo o tenido éxito	HSK4
登机	登機	dēngjī	to board a plane	embarcar (en un avión)	请乘客们准备登机。	Passengers, please prepare to board the plane.	Pasajeros, por favor prepárense para embarcar.			乘客进入飞机	Passengers entering the airplane	Los pasajeros entran al avión	HSK4
等到	等到	děngdào	until, by the time	para cuando, hasta que	等到雨停了，我们再出发吧。	Let's set off once the rain stops.	Salgamos cuando deje de llover.	直到 (zhídào) - until	直到 (zhídào) - hasta que	表示某个时间到来之后	Indicates after a certain time arrives	Indica que es después de que llegue cierto momento	HSK4
低	低	dī	low; to lower	bajo; bajar, agachar	这把椅子太低了，坐着不舒服。	This chair is too low, it's not comfortable to sit on.	Esta silla está demasiado baja, no es cómoda para sentarse.			从下向上距离小，跟"高"相对	Having a small distance from bottom to top, opposite of "high"	Que tiene poca distancia de abajo hacia arriba, opuesto a "alto"	HSK4
低价	低價	dījià	low price	precio bajo	这家店以低价出售旧家具。	This shop sells old furniture at low prices.	Esta tienda vende muebles viejos a precios bajos.			较低的价格	A relatively low price	Un precio relativamente bajo	HSK4
低温	低溫	dīwēn	low temperature	baja temperatura	北方冬天经常是低温天气。	Winters in the north are often low-temperature weather.	Los inviernos en el norte suelen tener clima de bajas temperaturas.			较低的温度	A relatively low temperature	Una temperatura relativamente baja	HSK4
低于	低於	dīyú	to be lower than	ser inferior a, estar por debajo de	今年的销售额低于去年。	This year's sales are lower than last year's.	Las ventas de este año son inferiores a las del año pasado.			比某个数量或标准小	To be smaller than a certain quantity or standard	Ser menor que cierta cantidad o estándar	HSK4
底	底	dǐ	bottom; base	fondo; base	这个杯子的底破了。	The bottom of this cup is broken.	El fondo de esta taza está roto.	底部 (dǐbù) - bottom	底部 (dǐbù) - fondo	物体最下面的部分	The lowest part of an object	La parte más baja de un objeto	HSK4
底下	底下	dǐxia	underneath; below	debajo; abajo	猫在桌子底下睡觉。	The cat is sleeping under the table.	El gato duerme debajo de la mesa.	下面 (xiàmian) - below	下面 (xiàmian) - abajo	某个物体的下面	The space beneath something	El espacio debajo de algo	HSK4
地球	地球	dìqiú	earth; the globe	la Tierra; el globo terráqueo	地球是我们共同的家园。	The earth is our common home.	La Tierra es nuestro hogar común.			人类居住的星球	The planet on which humans live	El planeta en el que viven los seres humanos	HSK4
地址	地址	dìzhǐ	address	dirección	请把你的地址写在这里。	Please write your address here.	Por favor escribe tu dirección aquí.			个人或单位所在的地点	The location of a person or organization	El lugar donde se ubica una persona o entidad	HSK4
点名	點名	diǎnmíng	to call the roll; to mention by name	pasar lista; mencionar por nombre	老师上课前先点名。	The teacher calls the roll before class.	El profesor pasa lista antes de la clase.			按名单叫名字以确认到场	To call out names on a list to check attendance	Llamar los nombres de una lista para comprobar la asistencia	HSK4
点头	點頭	diǎntóu	to nod	asentir con la cabeza	他点头表示同意。	He nodded to show agreement.	Él asintió con la cabeza para mostrar que estaba de acuerdo.			低头又抬头，表示同意或打招呼	To lower and raise the head, showing agreement or greeting	Bajar y levantar la cabeza para mostrar acuerdo o saludar	HSK4
电动车	電動車	diàndòngchē	electric vehicle; e-bike	vehículo eléctrico; bicicleta eléctrica	他每天骑电动车上班。	He rides an electric bike to work every day.	Él va al trabajo en bicicleta eléctrica todos los días.			靠电力驱动的交通工具	A vehicle powered by electricity	Un vehículo impulsado por electricidad	HSK4
电视剧	電視劇	diànshìjù	TV drama; TV series	telenovela; serie de televisión	我喜欢看中国电视剧。	I like watching Chinese TV dramas.	Me gusta ver series de televisión chinas.			在电视上播放的连续剧	A serial drama broadcast on television	Una serie dramática que se emite por televisión	HSK4
掉	掉	diào	to fall; to drop	caer; caerse	我的手机掉在地上了。	My phone fell on the ground.	Mi teléfono se me cayó al suelo.	落 (luò) - to fall	落 (luò) - caer	从高处落下	To fall from a higher place	Caer desde un lugar más alto	HSK4
调查	調查	diàochá	to investigate; investigation	investigar; investigación	警察正在调查这起案件。	The police are investigating this case.	La policía está investigando este caso.	考察 (kǎochá) - to inspect	考察 (kǎochá) - inspeccionar	为了解情况而进行的了解和研究	To examine and study in order to understand a situation	Examinar y estudiar algo para entender una situación	HSK4
订	訂	dìng	to order; to book, to reserve	reservar; pedir (encargar)	我们订了三张火车票。	We booked three train tickets.	Reservamos tres billetes de tren.	预订 (yùdìng) - to book in advance	预订 (yùdìng) - reservar con antelación	事先约定或购买	To arrange or purchase in advance	Concertar o comprar algo con antelación	HSK4
定	定	dìng	to decide; to fix, to set	decidir; fijar, determinar	我们把时间定在明天下午。	We set the time for tomorrow afternoon.	Fijamos la hora para mañana por la tarde.	决定 (juédìng) - to decide	决定 (juédìng) - decidir	使确定不变	To make something fixed and unchangeable	Hacer que algo quede establecido y sin cambios	HSK4
东部	東部	dōngbù	eastern part; east	parte oriental; este	中国东部经济比较发达。	The eastern part of China is relatively economically developed.	La parte oriental de China está relativamente desarrollada económicamente.			一个地区东边的部分	The eastern portion of a region	La parte este de una región	HSK4
动车	動車	dòngchē	high-speed train; bullet train	tren de alta velocidad	我坐动车去上海。	I'm taking the high-speed train to Shanghai.	Voy a Shanghái en tren de alta velocidad.	高铁 (gāotiě) - high-speed rail	高铁 (gāotiě) - tren de alta velocidad	一种速度较快的火车	A relatively fast type of train	Un tipo de tren de velocidad relativamente alta	HSK4
动作	動作	dòngzuò	movement; action	movimiento; acción	他做瑜伽的动作很标准。	His yoga movements are very precise.	Sus movimientos de yoga son muy precisos.			身体的活动或姿势	A movement or posture of the body	Un movimiento o postura del cuerpo	HSK4
读者	讀者	dúzhě	reader	lector	这本书受到很多读者的喜爱。	This book is loved by many readers.	Este libro es querido por muchos lectores.			阅读书报的人	A person who reads books or newspapers	Una persona que lee libros o periódicos	HSK4
堵车	堵車	dǔchē	traffic jam	atasco de tráfico	早上堵车堵得很厉害。	There's a terrible traffic jam in the morning.	Por la mañana hay un atasco tremendo.	塞车 (sāichē) - traffic jam	塞车 (sāichē) - atasco	道路上车辆拥挤，不能顺利通行	Vehicles are congested on the road and cannot move smoothly	Los vehículos están congestionados en la carretera y no pueden circular con fluidez	HSK4
度假	度假	dùjià	to go on vacation; to spend a holiday	pasar las vacaciones; vacacionar	我们打算去海边度假。	We plan to go on vacation by the sea.	Planeamos ir a la playa de vacaciones.	休假 (xiūjià) - to take a holiday	休假 (xiūjià) - tomar vacaciones	度过假期	To spend one's holiday time	Pasar el tiempo de vacaciones	HSK4
肚子	肚子	dùzi	belly; stomach	barriga; estómago	我肚子疼，想去医院看看。	My stomach hurts, I want to go see a doctor.	Me duele la barriga, quiero ir al médico.	腹部 (fùbù) - abdomen	腹部 (fùbù) - abdomen	人体腹部	The abdominal part of the human body	La parte abdominal del cuerpo humano	HSK4
短信	短信	duǎnxìn	text message; SMS	mensaje de texto; SMS	我给你发了一条短信。	I sent you a text message.	Te envié un mensaje de texto.			通过手机发送的简短文字信息	A short text message sent via mobile phone	Un mensaje de texto breve enviado por teléfono móvil	HSK4
队	隊	duì	team; squad; (measure word for teams)	equipo; grupo; (clasificador de equipos)	我们队今天赢了比赛。	Our team won the game today.	Nuestro equipo ganó el partido hoy.	团队 (tuánduì) - team	团队 (tuánduì) - equipo	为了共同目的组成的一群人	A group of people formed for a common purpose	Un grupo de personas formado con un propósito común	HSK4
对方	對方	duìfāng	the other party; counterpart	la otra parte; contraparte	打电话时要注意对方的感受。	When making a phone call, pay attention to the other party's feelings.	Al hablar por teléfono, hay que tener en cuenta los sentimientos de la otra persona.			相对的一方	The party on the opposite side	La parte que está al otro lado	HSK4
对面	對面	duìmiàn	opposite side; across from	enfrente; el lado opuesto	银行就在超市对面。	The bank is right across from the supermarket.	El banco está justo enfrente del supermercado.			正前方相对的位置	The position directly facing something	La posición que está justo enfrente de algo	HSK4
对于	對於	duìyú	regarding; concerning	respecto a; en cuanto a	对于这个问题，大家有不同的看法。	Regarding this issue, everyone has different opinions.	Respecto a este tema, todos tienen opiniones diferentes.	关于 (guānyú) - about, regarding	关于 (guānyú) - sobre, acerca de	引出对象或范围	Used to introduce the object or scope of discussion	Se usa para introducir el objeto o ámbito de algo	HSK4
队员	隊員	duìyuán	team member	miembro del equipo	每个队员都很努力。	Every team member works very hard.	Cada miembro del equipo se esfuerza mucho.			队伍中的成员	A member of a team or group	Un integrante de un equipo o grupo	HSK4
队长	隊長	duìzhǎng	team leader; captain	capitán; jefe de equipo	他是我们篮球队的队长。	He is the captain of our basketball team.	Él es el capitán de nuestro equipo de baloncesto.			一个队伍的负责人	The person in charge of a team	La persona responsable de un equipo	HSK4
顿	頓	dùn	(measure word for meals or scoldings); to pause	(clasificador para comidas o regañinas); pausar	我们一起吃了一顿饭。	We had a meal together.	Comimos juntos una comida.			用于吃饭、说话等动作的量词	A measure word used for actions like eating or speaking	Un clasificador usado para acciones como comer o hablar	HSK4
多么	多麼	duōme	how; so; what (a)	qué (tan); cuán	今天的天气多么好啊！	What great weather today is!	¡Qué buen tiempo hace hoy!			用于感叹程度深	Used in exclamations to express a high degree	Se usa en exclamaciones para expresar un grado alto	HSK4
多数	多數	duōshù	majority; most	mayoría	多数人同意这个计划。	The majority of people agree with this plan.	La mayoría de la gente está de acuerdo con este plan.	大多数 (dàduōshù) - the majority	大多数 (dàduōshù) - la mayoría	超过一半的数量	An amount that exceeds half of the total	Una cantidad que supera la mitad del total	HSK4
多样	多樣	duōyàng	diverse; varied	diverso; variado	这里的文化非常多样。	The culture here is very diverse.	La cultura de aquí es muy diversa.	多元 (duōyuán) - diverse, pluralistic	多元 (duōyuán) - diverso, plural	种类丰富多变	Rich and varied in kind	Rico y variado en tipos	HSK4
而	而	ér	but; yet; and	pero; sino; y	他学习很努力，而且成绩很好。	He studies very hard, and moreover his grades are very good.	Él estudia muy duro, y además sus notas son muy buenas.			连接词，表示转折或并列	A conjunction indicating contrast or parallel relation	Una conjunción que indica contraste o relación paralela	HSK4
儿童	兒童	értóng	child; children	niño; infancia	这个公园是为儿童设计的。	This park is designed for children.	Este parque está diseñado para niños.	小孩 (xiǎohái) - child	小孩 (xiǎohái) - niño	年纪较小的孩子	A young child	Un niño de corta edad	HSK4
发出	發出	fāchū	to send out; to issue, to emit	emitir; enviar	太阳发出耀眼的光芒。	The sun emits dazzling light.	El sol emite una luz deslumbrante.			使声音、光等从内部向外发出	To emit sound, light, etc. from within	Hacer que un sonido, luz, etc. salga desde el interior	HSK4
发送	發送	fāsòng	to send; to transmit	enviar; transmitir	请把文件发送给我。	Please send the file to me.	Por favor envíame el archivo.	发 (fā) - to send	发 (fā) - enviar	把东西传送出去	To transmit something to another place	Transmitir algo a otro lugar	HSK4
法	法	fǎ	law; method	ley; método	治理国家要依法进行。	Governing a country must be done according to law.	Gobernar un país debe hacerse conforme a la ley.	法律 (fǎlǜ) - law	法律 (fǎlǜ) - ley	国家制定的行为规范	Rules of conduct established by the state	Normas de conducta establecidas por el estado	HSK4
法律	法律	fǎlǜ	law	ley; derecho	我们应该遵守法律。	We should abide by the law.	Debemos cumplir la ley.	法 (fǎ) - law	法 (fǎ) - ley	国家制定并强制执行的行为规范	Rules of conduct established and enforced by the state	Normas de conducta establecidas y aplicadas por el estado	HSK4
翻译	翻譯	fānyì	to translate; translation, translator	traducir; traducción, traductor	她的工作是把英语翻译成中文。	Her job is to translate English into Chinese.	Su trabajo es traducir del inglés al chino.			把一种语言转换成另一种语言	To convert one language into another	Convertir un idioma en otro	HSK4
烦	煩	fán	annoyed; bothered; to trouble	molesto; fastidiado; molestar	这件事让我很烦。	This matter is really annoying me.	Este asunto me tiene muy molesto.	烦恼 (fánnǎo) - worried, distressed	烦恼 (fánnǎo) - preocupado, angustiado	心情不安，厌烦	Feeling restless or irritated	Sentirse inquieto o fastidiado	HSK4
烦恼	煩惱	fánnǎo	worried; distressed; troubles	preocupado; angustiado; preocupaciones	不要为小事烦恼。	Don't worry about small things.	No te preocupes por cosas pequeñas.	烦 (fán) - annoyed	烦 (fán) - molesto	心里感到不安和苦闷	Feeling troubled and distressed inside	Sentirse inquieto y angustiado interiormente	HSK4
反对	反對	fǎnduì	to oppose; to be against	oponerse; estar en contra	大家都反对这个计划。	Everyone opposes this plan.	Todos se oponen a este plan.			不同意，持相反意见	To disagree and hold an opposing view	No estar de acuerdo y tener una opinión contraria	HSK4
方面	方面	fāngmiàn	aspect; side, respect	aspecto; ámbito	他在很多方面都很优秀。	He excels in many aspects.	Él destaca en muchos aspectos.			事物的某一部分或角度	A particular part or angle of something	Una parte o ángulo particular de algo	HSK4
方式	方式	fāngshì	way; method	forma; método	每个人学习的方式都不一样。	Everyone's way of learning is different.	La forma de aprender de cada persona es diferente.	方法 (fāngfǎ) - method	方法 (fāngfǎ) - método	说话做事所采取的形式	The form adopted for speaking or doing something	La forma que se adopta para hablar o hacer algo	HSK4
房东	房東	fángdōng	landlord	casero; arrendador	我的房东人很好。	My landlord is a very nice person.	Mi casero es una persona muy amable.			出租房屋的人	A person who rents out a house	Una persona que alquila una vivienda	HSK4
房租	房租	fángzū	rent	alquiler (de vivienda)	这个月的房租还没交。	This month's rent hasn't been paid yet.	Todavía no he pagado el alquiler de este mes.			租房子要付的钱	The money paid for renting a house	El dinero que se paga por alquilar una vivienda	HSK4
放弃	放棄	fàngqì	to give up; to abandon	renunciar; abandonar	不管多难，他都不会放弃。	No matter how difficult it is, he won't give up.	Por muy difícil que sea, él no se rendirá.	抛弃 (pāoqì) - to abandon	抛弃 (pāoqì) - abandonar	不再坚持或不再要	To stop persisting in or wanting something	Dejar de insistir en algo o de quererlo	HSK4
放松	放鬆	fàngsōng	to relax	relajarse	周末我喜欢在家放松一下。	On weekends I like to relax at home.	Los fines de semana me gusta relajarme en casa.			使身体或精神轻松舒适	To make the body or mind relaxed and comfortable	Hacer que el cuerpo o la mente estén relajados y cómodos	HSK4
费	費	fèi	fee; expense; to cost, to spend	cuota; gasto; gastar	这次旅行花费不少。	This trip cost quite a lot.	Este viaje costó bastante.	费用 (fèiyong) - cost, expense	费用 (fèiyong) - gasto	为某事支付的钱，也指消耗	Money paid for something; also to consume or use up	Dinero pagado por algo; también consumir o gastar	HSK4
费用	費用	fèiyong	cost; expense	gasto; coste	这次装修的费用很高。	The cost of this renovation is very high.	El coste de esta reforma es muy alto.	费 (fèi) - fee, expense	费 (fèi) - gasto	花费的钱	Money spent on something	Dinero gastado en algo	HSK4
分数	分數	fēnshù	score; grade; fraction	puntuación; nota; fracción	他这次考试的分数很高。	His score on this exam is very high.	Su nota en este examen es muy alta.			考试或比赛得到的成绩，也指数学中的分数	The result obtained in an exam or competition; also a mathematical fraction	El resultado obtenido en un examen o competición; también una fracción matemática	HSK4
分为	分為	fēnwéi	to be divided into	dividirse en	这本书分为三个部分。	This book is divided into three parts.	Este libro se divide en tres partes.			分成若干部分	To split into several parts	Separarse en varias partes	HSK4
份	份	fèn	measure word for copies, portions, issues	clasificador para copias, ejemplares, porciones	我买了一份报纸。	I bought a copy of a newspaper.	Compré un ejemplar de periódico.			用于成组成份的事物	Used for things made up of sets or portions	Se usa para cosas que forman conjuntos o porciones	HSK4
丰富	豐富	fēngfù	rich, abundant, plentiful	rico, abundante	这本书的内容很丰富。	This book's content is very rich.	El contenido de este libro es muy rico.	充足 (chōngzú) - abundant	充足 (chōngzú) - abundante	种类多，数量大	Many varieties and a large quantity	De muchos tipos y en gran cantidad	HSK4
风景	風景	fēngjǐng	scenery, landscape	paisaje	这里的风景真美。	The scenery here is really beautiful.	El paisaje de aquí es realmente hermoso.	景色 (jǐngsè) - scenery	景色 (jǐngsè) - paisaje	自然界或某地的景色	The scenery of nature or a particular place	El paisaje de la naturaleza o de un lugar	HSK4
否则	否則	fǒuzé	otherwise, if not	de lo contrario, si no	快点儿走，否则我们要迟到了。	Hurry up, otherwise we'll be late.	Date prisa, de lo contrario llegaremos tarde.	要不然 (yào bù rán) - otherwise	要不然 (yào bù rán) - si no	表示如果不这样，就会产生某种结果	Indicates what will happen if things are not done this way	Indica lo que ocurrirá si no se hace de esta manera	HSK4
幅	幅	fú	measure word for paintings, photos, cloth	clasificador para pinturas, fotos, telas	墙上挂着一幅画。	A painting hangs on the wall.	En la pared cuelga una pintura.			用于布帛、图画等	Used for cloth, paintings and similar things	Se usa para telas, pinturas y cosas similares	HSK4
符合	符合	fúhé	to conform to, to match, to accord with	coincidir con, ajustarse a	这个结果符合我们的预想。	This result matches our expectations.	Este resultado coincide con lo que esperábamos.	一致 (yízhì) - consistent<br>吻合 (wěnhé) - to match exactly	一致 (yízhì) - coincidir<br>吻合 (wěnhé) - coincidir exactamente	与事实、规定等相一致	To be consistent with facts, rules, etc.	Estar de acuerdo con hechos, normas, etc.	HSK4
付	付	fù	to pay	pagar	谁来付钱？	Who's going to pay?	¿Quién va a pagar?	支付 (zhīfù) - to pay	支付 (zhīfù) - pagar	把钱交给对方	To hand money over to the other party	Entregar dinero a la otra parte	HSK4
父母	父母	fùmǔ	parents	padres	我的父母住在北京。	My parents live in Beijing.	Mis padres viven en Pekín.	双亲 (shuāngqīn) - parents	双亲 (shuāngqīn) - padres	父亲和母亲	Father and mother	Padre y madre	HSK4
父女	父女	fùnǚ	father and daughter	padre e hija	他们是一对父女。	They are a father and daughter.	Ellos son padre e hija.			父亲和女儿	Father and daughter	Padre e hija	HSK4
父亲	父親	fùqīn	father	padre	我父亲是医生。	My father is a doctor.	Mi padre es médico.	爸爸 (bà ba) - dad	爸爸 (bà ba) - papá	对父亲的书面称呼	A formal or written term for one's father	Forma escrita o formal de llamar al padre	HSK4
复印	複印	fùyìn	to photocopy, to duplicate	fotocopiar	请帮我复印这份文件。	Please help me photocopy this document.	Por favor ayúdame a fotocopiar este documento.	复制 (fùzhì) - to copy	复制 (fùzhì) - copiar	用机器把文件等复制出来	To reproduce documents and the like with a machine	Reproducir documentos y similares con una máquina	HSK4
复杂	複雜	fùzá	complicated, complex	complicado, complejo	这个问题很复杂。	This problem is very complicated.	Este problema es muy complicado.			事物的种类、头绪多而杂乱	Something with many varied and disorderly elements	Algo con muchos elementos variados y desordenados	HSK4
负责	負責	fùzé	to be responsible for; responsible	encargarse de; responsable	这件事由我负责。	I'm responsible for this matter.	Yo me encargo de este asunto.	承担 (chéngdān) - to take on responsibility	承担 (chéngdān) - asumir responsabilidad	承担责任，做好应做的事	To bear responsibility and do what one should	Asumir la responsabilidad y hacer lo que corresponde	HSK4
负责人	負責人	fùzérén	person in charge	encargado, responsable	他是这个项目的负责人。	He is the person in charge of this project.	Él es el encargado de este proyecto.			对某项工作负责的人	A person responsible for a particular job	Persona que se encarga de cierto trabajo	HSK4
父子	父子	fùzǐ	father and son	padre e hijo	他们父子俩长得很像。	The father and son look very alike.	El padre y el hijo se parecen mucho.			父亲和儿子	Father and son	Padre e hijo	HSK4
改	改	gǎi	to change, to alter, to correct	cambiar, corregir	老师帮我改了作文。	The teacher helped me correct my essay.	El profesor me ayudó a corregir la redacción.	改变 (gǎibiàn) - to change<br>修改 (xiūgǎi) - to revise	改变 (gǎibiàn) - cambiar<br>修改 (xiūgǎi) - modificar	改变原来的样子或内容	To change the original appearance or content	Cambiar la forma o el contenido original	HSK4
改变	改變	gǎibiàn	to change, to alter	cambiar	他的想法改变了。	His thinking has changed.	Su forma de pensar ha cambiado.	变化 (biànhuà) - change	变化 (biànhuà) - cambio	事物变得和原来不一样	Something becomes different from before	Algo se vuelve distinto de como era antes	HSK4
干	乾	gān	dry; dried food	seco; alimento seco	天气很干，皮肤很不舒服。	The weather is very dry, my skin feels uncomfortable.	El clima está muy seco, la piel se siente incómoda.			没有水分或水分很少	Having little or no moisture	Que tiene poca o ninguna humedad	HSK4
干杯	乾杯	gānbēi	to toast, cheers, bottoms up	brindar, salud	为我们的友谊干杯！	Cheers to our friendship!	¡Brindemos por nuestra amistad!			喝酒时把杯中的酒喝完，表示祝愿	To empty one's glass while drinking, as an expression of good wishes	Vaciar la copa al beber, como muestra de buenos deseos	HSK4
赶	趕	gǎn	to hurry, to rush, to catch a bus or train	apresurarse, alcanzar, coger a tiempo	我们要赶最后一班车。	We need to catch the last bus.	Tenemos que alcanzar el último autobús.			加快速度朝目标前进，不错过时间	To speed up towards a goal so as not to miss the time	Acelerar el paso hacia un objetivo para no perder el tiempo	HSK4
敢	敢	gǎn	to dare	atreverse	我不敢一个人走夜路。	I don't dare walk alone at night.	No me atrevo a caminar solo de noche.			有勇气去做某事	To have the courage to do something	Tener el valor de hacer algo	HSK4
感	感	gǎn	sense, feeling, used as a suffix	sensación, sentido (como sufijo)	他对工作很有责任感。	He has a strong sense of responsibility toward his work.	Él tiene un fuerte sentido de responsabilidad hacia su trabajo.			加在名词后，表示某种感觉	Added after a noun to indicate a certain feeling	Se añade tras un sustantivo para indicar cierta sensación	HSK4
感动	感動	gǎndòng	moved, touched; to move, to touch emotionally	conmovido; conmover	这个故事让我很感动。	This story moved me a lot.	Esta historia me conmovió mucho.	感人 (gǎnrén) - touching	感人 (gǎnrén) - conmovedor	内心受到触动，产生同情或敬佩等感情	To be emotionally touched, producing sympathy or admiration	Sentirse conmovido en el interior, generando simpatía o admiración	HSK4
赶紧	趕緊	gǎnjǐn	quickly, promptly, without delay	enseguida, sin demora	下雨了，我们赶紧回家吧。	It's raining, let's hurry home.	Está lloviendo, volvamos a casa enseguida.	赶快 (gǎnkuài) - quickly, at once	赶快 (gǎnkuài) - rápidamente, de inmediato	抓紧时间，毫不拖延	To seize the time without any delay	Aprovechar el tiempo sin ninguna demora	HSK4
感觉	感覺	gǎnjué	feeling, sense; to feel	sensación; sentir	我感觉今天有点儿冷。	I feel it's a bit cold today.	Siento que hoy hace un poco de frío.	感受 (gǎnshòu) - feeling, to feel	感受 (gǎnshòu) - sensación, sentir	身体或内心对外界事物的反应	The body's or mind's response to things in the outside world	La reacción del cuerpo o de la mente ante las cosas del entorno	HSK4
赶快	趕快	gǎnkuài	quickly, at once	rápidamente, de inmediato	赶快把作业写完。	Finish your homework quickly.	Termina la tarea rápidamente.	赶紧 (gǎnjǐn) - promptly	赶紧 (gǎnjǐn) - enseguida	抓紧时间，加快行动	To seize the time and act faster	Aprovechar el tiempo y actuar más rápido	HSK4
感情	感情	gǎnqíng	emotion, feeling, affection	sentimiento, afecto	他们俩的感情很好。	The two of them have a very good relationship.	Los dos tienen muy buena relación.			对人或事物产生的喜爱、憎恶等心理反应	The psychological response of affection or dislike toward people or things	La reacción psicológica de afecto o aversión hacia personas o cosas	HSK4
感人	感人	gǎnrén	touching, moving	conmovedor	这是一个很感人的故事。	This is a very touching story.	Esta es una historia muy conmovedora.	感动 (gǎndòng) - moving, touched	感动 (gǎndòng) - conmovedor, conmovido	使人感动	Causing people to be emotionally moved	Que hace que la gente se conmueva	HSK4
赶上	趕上	gǎnshàng	to catch up with, to keep pace with; to catch in time	alcanzar, llegar a tiempo para	我们赶上了最后一班地铁。	We caught the last subway train.	Alcanzamos el último tren del metro.			到达某一水平，或没有错过某事	To reach a certain level, or to not miss something	Alcanzar cierto nivel, o no perder algo	HSK4
感受	感受	gǎnshòu	feeling, experience; to feel, to experience	sensación, vivencia; sentir	说说你的感受吧。	Tell us about your feelings.	Cuéntanos tu sensación.	感觉 (gǎnjué) - feeling	感觉 (gǎnjué) - sensación	接触外界事物后心里产生的想法或体会	The thoughts or impressions formed after contact with something	Las ideas o impresiones que surgen tras el contacto con algo	HSK4
感谢	感謝	gǎnxiè	to thank, to be grateful	agradecer	非常感谢你的帮助。	Thank you very much for your help.	Muchas gracias por tu ayuda.	谢谢 (xièxie) - thanks	谢谢 (xièxie) - gracias	用言语或行动表示感激	To express gratitude through words or actions	Expresar gratitud mediante palabras o acciones	HSK4
干活儿	幹活兒	gànhuór	to work, to do manual labor	trabajar (labor manual)	农民正在地里干活儿。	The farmers are working in the field.	Los campesinos están trabajando en el campo.	工作 (gōngzuò) - to work	工作 (gōngzuò) - trabajar	做体力劳动或工作	To do physical labor or work	Realizar trabajo físico o labor	HSK4
钢琴	鋼琴	gāngqín	piano	piano	她每天练习弹钢琴。	She practices playing the piano every day.	Ella practica tocar el piano todos los días.			一种键盘乐器	A type of keyboard instrument	Un tipo de instrumento de teclado	HSK4
高价	高價	gāojià	high price	precio alto	他们以高价卖出了房子。	They sold the house at a high price.	Vendieron la casa a un precio alto.			比一般价格高很多的价格	A price much higher than usual	Un precio mucho más alto de lo normal	HSK4
高考	高考	gāokǎo	the Gaokao, China's national college entrance examination	examen de acceso a la universidad (Gaokao)	他今年参加了高考。	He took the college entrance exam this year.	Este año hizo el examen de acceso a la universidad.			中国普通高等学校招生全国统一考试	China's national unified examination for university admission	El examen nacional unificado de China para el ingreso a la universidad	HSK4
高速	高速	gāosù	high speed	alta velocidad	高速公路上车开得很快。	Cars drive very fast on the highway.	Los coches van muy rápido en la autopista.			速度很快	Very fast speed	Velocidad muy rápida	HSK4
高温	高溫	gāowēn	high temperature	alta temperatura	这几天一直是高温天气。	It's been hot, high-temperature weather these past few days.	Estos días ha hecho un tiempo de altas temperaturas.			比正常温度高很多的温度	A temperature much higher than normal	Una temperatura mucho más alta de lo normal	HSK4
高于	高於	gāoyú	to be higher than, above	superior a, más alto que	今年的收入高于去年。	This year's income is higher than last year's.	Los ingresos de este año son superiores a los del año pasado.			比某个数值或水平高	Higher than a certain value or level	Más alto que cierto valor o nivel	HSK4
胳膊	胳膊	gēbo	arm	brazo	他的胳膊受伤了。	His arm is injured.	Su brazo está lesionado.			人体连接肩和手的部分	The part of the body connecting the shoulder and the hand	La parte del cuerpo que conecta el hombro con la mano	HSK4
歌声	歌聲	gēshēng	the sound of singing	voz cantando, canto	远处传来悦耳的歌声。	Pleasant singing came from a distance.	Desde lejos llegaba un canto agradable.			唱歌的声音	The sound of someone singing	El sonido de alguien cantando	HSK4
歌手	歌手	gēshǒu	singer	cantante	她是一位有名的歌手。	She is a famous singer.	Ella es una cantante famosa.	歌唱家 (gēchàngjiā) - vocalist	歌唱家 (gēchàngjiā) - cantante profesional	以唱歌为职业的人	A person whose profession is singing	Una persona que se dedica a cantar	HSK4
各	各	gè	each, every; respectively	cada; respectivamente	各人有各人的想法。	Each person has their own way of thinking.	Cada persona tiene su propia forma de pensar.	每 (měi) - each	每 (měi) - cada	指全体中的每一个	Refers to each one within a whole group	Se refiere a cada uno dentro de un conjunto	HSK4
各地	各地	gèdì	various places, everywhere	diversos lugares, todas partes	游客来自世界各地。	Tourists come from all over the world.	Los turistas vienen de todas partes del mundo.			各个地方	Every place, various places	Cada lugar, diversos lugares	HSK4
各个	各個	gègè	each, every one; one by one	cada uno; uno por uno	他去了各个部门了解情况。	He went to each department to understand the situation.	Fue a cada departamento para conocer la situación.	每个 (měi gè) - each one	每个 (měi gè) - cada uno	强调所指范围内的每一个	Emphasizes each one within the scope referred to	Enfatiza cada uno dentro del ámbito referido	HSK4
各位	各位	gèwèi	everyone, ladies and gentlemen (respectful)	todos ustedes (forma respetuosa)	各位好，欢迎参加今天的会议。	Hello everyone, welcome to today's meeting.	Hola a todos, bienvenidos a la reunión de hoy.	大家 (dàjiā) - everyone	大家 (dàjiā) - todos	对多人的尊敬称呼	A respectful term of address for a group of people	Una forma respetuosa de dirigirse a varias personas	HSK4
各种	各種	gèzhǒng	various kinds, all sorts of	diversos tipos, todo tipo de	商店里有各种水果。	There are all kinds of fruit in the store.	En la tienda hay todo tipo de frutas.	各类 (gèlèi) - various types	各类 (gèlèi) - diversos tipos	许多不同的种类	Many different kinds	Muchos tipos diferentes	HSK4
更加	更加	gèngjiā	even more, all the more	aún más, todavía más	经过锻炼，他变得更加健康了。	After exercising, he became even healthier.	Después de hacer ejercicio, se volvió aún más saludable.	更 (gèng) - more	更 (gèng) - más	表示程度进一步加深	Indicates a further increase in degree	Indica un aumento adicional en el grado	HSK4
工厂	工廠	gōngchǎng	factory	fábrica	他在一家汽车工厂工作。	He works at a car factory.	Él trabaja en una fábrica de coches.			生产产品的场所	A place where products are manufactured	Un lugar donde se fabrican productos	HSK4
功夫	功夫	gōngfu	martial arts, kung fu; skill; time and effort	kung fu; habilidad; tiempo y esfuerzo	他从小练习功夫。	He has practiced kung fu since childhood.	Él practica kung fu desde pequeño.			武术，也指做事花费的时间和精力	Martial arts; also refers to the time and effort spent doing something	Artes marciales; también se refiere al tiempo y esfuerzo dedicados a hacer algo	HSK4
公共	公共	gōnggòng	public, common, communal	público, común	请不要在公共场所大声说话。	Please don't talk loudly in public places.	Por favor no hables en voz alta en lugares públicos.	公用 (gōngyòng) - for public use	公用 (gōngyòng) - de uso público	属于社会大众共同拥有或使用的	Belonging to or used in common by the public	Que pertenece o es usado en común por la sociedad	HSK4
功课	功課	gōngkè	homework; schoolwork	tarea; deberes escolares	我每天晚上都要做功课。	I have to do my homework every evening.	Tengo que hacer los deberes todas las noches.	作业 (zuòyè) - homework	作业 (zuòyè) - tarea	学生要完成的学习任务	Study tasks that students need to complete	Tareas de estudio que los estudiantes deben completar	HSK4
公里	公里	gōnglǐ	kilometer	kilómetro	这里离机场大约有二十公里。	It's about twenty kilometers from here to the airport.	De aquí al aeropuerto hay unos veinte kilómetros.	千米 (qiān mǐ) - kilometer	千米 (qiān mǐ) - kilómetro	长度单位，一公里等于一千米	A unit of length; one kilometer equals one thousand meters	Unidad de longitud; un kilómetro equivale a mil metros	HSK4
公路	公路	gōnglù	highway; road	carretera	这条公路直通北京。	This highway leads directly to Beijing.	Esta carretera va directamente a Beijing.	马路 (mǎlù) - road<br>道路 (dàolù) - road	马路 (mǎlù) - calle<br>道路 (dàolù) - camino	供车辆行驶的宽阔道路	A wide road for vehicles to travel on	Camino ancho por donde circulan los vehículos	HSK4
工人	工人	gōngrén	worker	obrero; trabajador	他是工厂里的一名工人。	He is a worker in the factory.	Él es obrero en la fábrica.			从事体力劳动的人	A person engaged in manual labor	Persona que realiza trabajo manual	HSK4
工资	工資	gōngzī	wage; salary	sueldo; salario	这个月的工资还没发。	This month's salary hasn't been paid yet.	Todavía no han pagado el sueldo de este mes.	薪水 (xīnshuǐ) - salary	薪水 (xīnshuǐ) - salario	工作所得的报酬	Payment received for work	Pago que se recibe por el trabajo realizado	HSK4
共	共	gòng	altogether; in total	en total; en conjunto	我们班共有三十个学生。	Our class has thirty students in total.	Nuestra clase tiene treinta estudiantes en total.	一共 (yígòng) - in total	一共 (yígòng) - en total	表示总计的数量	Indicates a total quantity	Indica una cantidad total	HSK4
共同	共同	gòngtóng	common; joint; together	en común; conjunto	我们有共同的爱好。	We have common hobbies.	Tenemos aficiones en común.	一起 (yìqǐ) - together	一起 (yìqǐ) - juntos	大家一起具有或做的	Shared or done together by everyone	Algo que todos tienen o hacen juntos	HSK4
够	夠	gòu	enough; sufficient	suficiente; bastante	这些钱够我们买票了。	This money is enough for us to buy tickets.	Este dinero es suficiente para comprar los billetes.	足够 (zúgòu) - enough	足够 (zúgòu) - suficiente	达到需要的数量或程度	Reaching the needed quantity or degree	Alcanzar la cantidad o el grado necesario	HSK4
购买	購買	gòumǎi	to purchase; to buy	comprar; adquirir	公司购买了一批新电脑。	The company purchased a batch of new computers.	La empresa compró un lote de computadoras nuevas.	买 (mǎi) - to buy	买 (mǎi) - comprar	用钱换取物品，较正式的说法	A more formal word for exchanging money for goods	Forma más formal de decir que se adquiere algo con dinero	HSK4
购物	購物	gòuwù	to shop; shopping	ir de compras; comprar	周末我喜欢去商场购物。	On weekends I like to go shopping at the mall.	Los fines de semana me gusta ir de compras al centro comercial.	逛街 (guàngjiē) - to go shopping	逛街 (guàngjiē) - salir de compras	购买物品	To buy goods	Comprar artículos o productos	HSK4
估计	估計	gūjì	to estimate; to guess	calcular; suponer	我估计他明天才能到。	I estimate that he won't arrive until tomorrow.	Calculo que él no llegará hasta mañana.	猜测 (cāicè) - to guess	猜测 (cāicè) - suponer	根据已知情况大致推算或判断	To roughly calculate or judge based on known information	Calcular o juzgar aproximadamente según la información conocida	HSK4
姑娘	姑娘	gūniang	girl; young woman	chica; muchacha	那个姑娘长得很漂亮。	That girl is very pretty.	Esa chica es muy guapa.	女孩 (nǚhái) - girl	女孩 (nǚhái) - chica	未婚的年轻女子	An unmarried young woman	Mujer joven soltera	HSK4
鼓励	鼓勵	gǔlì	to encourage	animar; alentar	老师鼓励我们多说汉语。	The teacher encourages us to speak more Chinese.	El profesor nos anima a hablar más chino.	支持 (zhīchí) - to support	支持 (zhīchí) - apoyar	用言语或行动激发别人的信心	To inspire someone's confidence through words or actions	Dar ánimo o confianza a alguien con palabras o acciones	HSK4
顾客	顧客	gùkè	customer	cliente	这家店的顾客越来越多。	This shop has more and more customers.	Esta tienda tiene cada vez más clientes.	客户 (kèhù) - client	客户 (kèhù) - cliente	购买商品或接受服务的人	A person who buys goods or receives services	Persona que compra productos o recibe un servicio	HSK4
故意	故意	gùyì	deliberately; on purpose	a propósito; deliberadamente	他不是故意打碎杯子的。	He didn't break the cup on purpose.	Él no rompió la taza a propósito.	特意 (tèyì) - specially, on purpose	特意 (tèyì) - especialmente	有意识地，明知而故犯	Consciously and intentionally doing something	Hacer algo de manera consciente e intencionada	HSK4
挂	掛	guà	to hang; to hang up	colgar	墙上挂着一幅画。	A painting is hanging on the wall.	En la pared hay colgado un cuadro.	悬挂 (xuánguà) - to hang	悬挂 (xuánguà) - colgar	用绳、钉等使物体附着于某处而不落下	To attach an object to a place using a rope, nail, etc. so it does not fall	Sujetar un objeto en un lugar con una cuerda, un clavo, etc. para que no se caiga	HSK4
关键	關鍵	guānjiàn	key; crucial point	clave; punto clave	学好发音是学汉语的关键。	Learning pronunciation well is the key to learning Chinese.	Aprender bien la pronunciación es la clave para aprender chino.	重点 (zhòngdiǎn) - key point	重点 (zhòngdiǎn) - punto clave	事物最重要的部分或起决定作用的因素	The most important part of something or the decisive factor	La parte más importante de algo o el factor decisivo	HSK4
观看	觀看	guānkàn	to watch; to view	ver; observar	很多人来观看这场比赛。	Many people came to watch this match.	Mucha gente vino a ver este partido.	看 (kàn) - to watch	看 (kàn) - ver	有目的地看	To look at something with a purpose	Mirar algo con un propósito determinado	HSK4
观众	觀眾	guānzhòng	audience; viewer; spectator	público; espectador	演出结束后，观众热烈鼓掌。	After the performance ended, the audience applauded enthusiastically.	Al terminar la actuación, el público aplaudió con entusiasmo.			观看演出、比赛等的人	People who watch a performance, competition, etc.	Personas que ven una actuación, un partido, etc.	HSK4
管	管	guǎn	to manage; to control; to bother with; tube, pipe	encargarse de; controlar; tubo	这件事你别管了。	Don't bother with this matter.	No te metas en este asunto.	管理 (guǎnlǐ) - to manage	管理 (guǎnlǐ) - administrar	负责或过问某事；也指管子	To be in charge of or concern oneself with something; also refers to a tube	Encargarse de algo o meterse en un asunto; también significa tubo	HSK4
管理	管理	guǎnlǐ	manage; management	administrar; gestionar	他负责管理这家公司。	He is responsible for managing this company.	Él es responsable de administrar esta empresa.	经营 (jīngyíng) - to operate, run	经营 (jīngyíng) - gestionar	负责计划、组织和监督某项事务	To plan, organize and supervise an affair	Encargarse de planificar, organizar y supervisar un asunto	HSK4
光	光	guāng	light; only; used up	luz; solo; agotado	屋子里的灯光很亮。	The light in the room is very bright.	La luz de la habitación es muy brillante.	光线 (guāngxiàn) - light, ray	光线 (guāngxiàn) - rayo de luz	物体发出或反射的能使人看见东西的能量；也表示"只、仅仅"或"用尽"	The energy emitted or reflected by objects that allows people to see; also means "only" or "used up"	Energía emitida o reflejada por los objetos que permite ver; también significa "solo" o "agotado"	HSK4
广播	廣播	guǎngbō	to broadcast; radio broadcast	emitir; radiodifusión	电台正在广播新闻。	The radio station is broadcasting the news.	La emisora está emitiendo las noticias.			通过无线电或电视传送节目	To transmit programs via radio or television	Transmitir programas por radio o televisión	HSK4
广告	廣告	guǎnggào	advertisement	anuncio; publicidad	电视上有很多广告。	There are many advertisements on TV.	Hay muchos anuncios en la televisión.			向公众介绍商品或服务的宣传	Promotional material that introduces goods or services to the public	Publicidad que presenta productos o servicios al público	HSK4
逛	逛	guàng	to stroll; to wander around	pasear; dar una vuelta	我们晚饭后去公园逛逛。	Let's go for a stroll in the park after dinner.	Vamos a dar una vuelta por el parque después de cenar.	散步 (sànbù) - to take a walk	散步 (sànbù) - pasear	随意走走看看	To walk around casually and look at things	Caminar y mirar cosas sin un propósito fijo	HSK4
规定	規定	guīdìng	to stipulate; regulation, rule	estipular; norma, reglamento	学校规定学生必须穿校服。	The school stipulates that students must wear uniforms.	La escuela establece que los estudiantes deben llevar uniforme.	规则 (guīzé) - rule	规则 (guīzé) - regla	明确规定出的应遵守的标准或办法	A clearly established standard or method that must be followed	Norma o método claramente establecido que se debe seguir	HSK4
国籍	國籍	guójí	nationality	nacionalidad	他的国籍是中国。	His nationality is Chinese.	Su nacionalidad es china.			一个人属于某个国家的身份	A person's status of belonging to a particular country	Condición de pertenecer a un determinado país	HSK4
国际	國際	guójì	international	internacional	这是一个国际会议。	This is an international conference.	Esta es una conferencia internacional.			属于世界各国之间的	Relating to matters between countries of the world	Relativo a las relaciones entre los países del mundo	HSK4
果汁	果汁	guǒzhī	fruit juice	zumo de fruta	我喜欢喝新鲜的果汁。	I like drinking fresh fruit juice.	Me gusta beber zumo de fruta fresco.			从水果中榨出的汁液	Liquid squeezed from fruit	Líquido extraído de la fruta	HSK4
过程	過程	guòchéng	process	proceso	学习汉语是一个漫长的过程。	Learning Chinese is a long process.	Aprender chino es un proceso largo.			事物发展变化经过的阶段	The stages through which something develops or changes	Las etapas por las que pasa el desarrollo o cambio de algo	HSK4
海洋	海洋	hǎiyáng	ocean; sea	océano; mar	地球上大部分面积是海洋。	Most of the earth's surface is ocean.	La mayor parte de la superficie de la Tierra es océano.	大海 (dàhǎi) - sea	大海 (dàhǎi) - mar	地球上广大的咸水水域	The vast salt-water areas on the earth	Las grandes extensiones de agua salada de la Tierra	HSK4
害羞	害羞	hàixiū	shy; bashful	tímido; vergonzoso	小女孩见到生人就害羞。	The little girl gets shy when she sees strangers.	La niña se pone tímida cuando ve a desconocidos.	腼腆 (miǎntiǎn) - shy	腼腆 (miǎntiǎn) - tímido	在人前感到不好意思、不自然	Feeling embarrassed or awkward in front of others	Sentirse avergonzado o incómodo ante otras personas	HSK4
寒假	寒假	hánjià	winter vacation	vacaciones de invierno	寒假我打算去滑雪。	I plan to go skiing during winter vacation.	Pienso ir a esquiar durante las vacaciones de invierno.			学校冬季的假期	The school holiday in winter	Periodo de vacaciones escolares en invierno	HSK4
寒冷	寒冷	hánlěng	cold; frigid	frío; gélido	北方的冬天非常寒冷。	Winter in the north is extremely cold.	El invierno en el norte es muy frío.	冷 (lěng) - cold	冷 (lěng) - frío	形容天气非常冷	Describes weather that is very cold	Describe un clima muy frío	HSK4
喊	喊	hǎn	to shout; to yell	gritar	他大声喊救命。	He shouted "help" loudly.	Él gritó "¡socorro!" en voz alta.	叫 (jiào) - to shout, to call	叫 (jiào) - gritar, llamar	大声叫喊	To cry out loudly	Dar voces o gritos en voz alta	HSK4
汗	汗	hàn	sweat	sudor	跑完步他出了一身汗。	After running, he was covered in sweat.	Después de correr, quedó cubierto de sudor.			人体皮肤排出的液体	A liquid excreted through human skin	Líquido que segrega la piel del cuerpo humano	HSK4
航班	航班	hángbān	flight	vuelo	我们的航班明天早上起飞。	Our flight departs tomorrow morning.	Nuestro vuelo sale mañana por la mañana.			飞机定期飞行的班次	A scheduled flight of an airplane	Vuelo programado de un avión	HSK4
好处	好處	hǎochù	benefit; advantage	beneficio; ventaja	多运动对身体有好处。	Exercising more is beneficial for health.	Hacer más ejercicio es beneficioso para la salud.	益处 (yìchù) - benefit	益处 (yìchù) - beneficio	对人或事物有利的地方	An aspect that is favorable to a person or thing	Aquello que resulta favorable para una persona o cosa	HSK4
好好	好好	hǎohǎo	properly; thoroughly; well	bien; a fondo	你要好好休息一下。	You should rest well.	Deberías descansar bien.	认真 (rènzhēn) - seriously, earnestly	认真 (rènzhēn) - en serio	认认真真地，尽力地	Doing something seriously and to the best of one's ability	De manera seria y esforzándose al máximo	HSK4
好笑	好笑	hǎoxiào	funny; ridiculous; amusing	gracioso; ridículo	这个笑话真好笑。	This joke is really funny.	Este chiste es muy gracioso.	有趣 (yǒuqù) - interesting, funny	有趣 (yǒuqù) - divertido	使人觉得可笑	Something that makes people find it laughable	Algo que resulta cómico o risible	HSK4
合格	合格	hégé	qualified; up to standard	cualificado; que cumple los requisitos	他的成绩终于合格了。	His grades are finally up to standard.	Sus notas por fin cumplen los requisitos.			符合规定的标准	Meeting the required standard	Que cumple con el estándar establecido	HSK4
盒子	盒子	hézi	box	caja	桌子上放着一个盒子。	There is a box on the table.	Hay una caja sobre la mesa.	箱子 (xiāngzi) - box, case	箱子 (xiāngzi) - caja, baúl	用来盛放东西的有盖容器	A container with a lid used to hold things	Recipiente con tapa que se usa para guardar cosas	HSK4
红包	紅包	hóngbāo	red envelope (with money as a gift)	sobre rojo (con dinero de regalo)	过年的时候，长辈会给孩子发红包。	During the New Year, elders give red envelopes to children.	Durante el Año Nuevo, los mayores dan sobres rojos a los niños.			装着钱的红色纸包，用于送礼	A red paper packet containing money, given as a gift	Sobre rojo de papel que contiene dinero, usado como regalo	HSK4
厚	厚	hòu	thick	grueso	冬天要穿厚一点的衣服。	In winter you should wear thicker clothes.	En invierno hay que ponerse ropa más gruesa.			上下两面之间距离大	Having a large distance between the top and bottom surfaces	Que tiene una gran distancia entre sus dos caras	HSK4
后悔	後悔	hòuhuǐ	to regret	arrepentirse	我很后悔没有早点告诉他。	I really regret not telling him earlier.	Me arrepiento mucho de no habérselo dicho antes.			事后懊悔以前做错的事	To feel remorse afterward for something done wrong	Sentir remordimiento después por algo que se hizo mal	HSK4
忽然	忽然	hūrán	suddenly	de repente	天忽然下起了大雨。	It suddenly started raining heavily.	De repente empezó a llover fuerte.	突然 (tūrán) - suddenly	突然 (tūrán) - de repente	表示情况发生得迅速、出乎意料	Indicates that something happened quickly and unexpectedly	Indica que algo ocurrió de forma rápida e inesperada	HSK4
互联网	互聯網	hùliánwǎng	Internet	internet	现在的生活离不开互联网。	Life nowadays cannot do without the Internet.	La vida actual no puede prescindir de internet.	网络 (wǎngluò) - network, internet	网络 (wǎngluò) - red, internet	全球计算机互相连接组成的网络	A global network formed by computers connected to one another	Red mundial formada por computadoras conectadas entre sí	HSK4
护士	護士	hùshi	nurse	enfermero; enfermera	那位护士对病人很有耐心。	That nurse is very patient with patients.	Esa enfermera es muy paciente con los pacientes.			协助医生照顾病人的医务人员	A medical worker who assists doctors in caring for patients	Personal médico que ayuda al médico a cuidar de los pacientes	HSK4
互相	互相	hùxiāng	each other; mutually	mutuamente; el uno al otro	同学之间应该互相帮助。	Classmates should help each other.	Los compañeros de clase deben ayudarse mutuamente.	彼此 (bǐcǐ) - each other	彼此 (bǐcǐ) - el uno al otro	双方对待对方的行为一致	Both sides act toward each other in the same way	Ambas partes actúan de la misma manera hacia la otra	HSK4
话剧	話劇	huàjù	stage play; drama	obra de teatro	我们周末去看了一场话剧。	We went to see a stage play on the weekend.	El fin de semana fuimos a ver una obra de teatro.	戏剧 (xìjù) - drama, play	戏剧 (xìjù) - teatro, drama	以对话方式表演的戏剧形式	A form of theater performed through dialogue	Forma de teatro representada mediante diálogos	HSK4
怀疑	懷疑	huáiyí	to doubt; to suspect	dudar; sospechar	我怀疑他说的是真话。	I doubt what he said is true.	Dudo que lo que dijo sea verdad.	疑惑 (yíhuò) - to be doubtful, puzzled	疑惑 (yíhuò) - dudar, estar confundido	对某事不相信或不确定	To not believe or be uncertain about something	No creer o no estar seguro de algo	HSK4
坏处	壞處	huàichù	disadvantage; harm	desventaja; perjuicio	抽烟对身体有很多坏处。	Smoking has many harmful effects on the body.	Fumar tiene muchos perjuicios para el cuerpo.	害处 (hàichù) - harm	害处 (hàichù) - perjuicio	不好的方面或影响	A negative aspect or effect	Un aspecto o efecto negativo	HSK4
环保	環保	huánbǎo	environmental protection; eco-friendly	protección del medio ambiente; ecológico	现在很多人都很关心环保问题。	Nowadays many people care a lot about environmental issues.	Ahora mucha gente se preocupa por los problemas del medio ambiente.			保护自然环境，减少污染	Protecting the natural environment and reducing pollution	Proteger el medio ambiente natural y reducir la contaminación	HSK4
换乘	換乘	huànchéng	to transfer (transportation)	hacer transbordo; cambiar de transporte	你需要在这一站换乘二号线。	You need to transfer to Line 2 at this station.	Necesitas hacer transbordo a la línea 2 en esta estación.	换车 (huàn chē) - to change vehicles	换车 (huàn chē) - cambiar de vehículo	从一种交通工具换到另一种	To change from one means of transportation to another	Cambiar de un medio de transporte a otro	HSK4
回复	回覆	huífù	to reply, to respond	responder; contestar	我给他发了邮件，他很快就回复了。	I sent him an email, and he replied quickly.	Le envié un correo y respondió rápidamente.	回答 (huídá) - to answer	回答 (huídá) - responder	对来信、留言等做出答复	To respond to a letter, message, etc.	Responder a una carta, mensaje, etc.	HSK4
回信	回信	huíxìn	to write back; a reply letter	responder por carta; carta de respuesta	我写了一封信，希望他能回信。	I wrote a letter, hoping he would write back.	Escribí una carta, espero que me responda.	回复 (huífù) - to reply	回复 (huífù) - responder	给来信的人写信答复	To write a letter back in response to someone's letter	Escribir una carta de respuesta a quien envió una carta	HSK4
回忆	回憶	huíyì	to recall, to reminisce; memory	recordar; recuerdo	奶奶经常回忆她年轻时候的事情。	Grandma often reminisces about things from her youth.	La abuela suele recordar cosas de su juventud.	记忆 (jìyì) - memory	记忆 (jìyì) - memoria, recuerdo	想起过去发生的事情	To think back on things that happened in the past	Pensar en cosas que sucedieron en el pasado	HSK4
会员	會員	huìyuán	member	miembro; socio	我是这个健身房的会员。	I am a member of this gym.	Soy socio de este gimnasio.	成员 (chéngyuán) - member	成员 (chéngyuán) - miembro	加入某个组织的人	A person who has joined an organization	Una persona que se ha unido a una organización	HSK4
活	活	huó	to live; alive; work, job	vivir; vivo; trabajo	这条鱼还活着。	This fish is still alive.	Este pez todavía está vivo.	生存 (shēngcún) - to survive, live	生存 (shēngcún) - sobrevivir, vivir	有生命，能活动	Having life, able to move or function	Tener vida, poder moverse o funcionar	HSK4
活动	活動	huódòng	activity, event; to move about, exercise	actividad; evento; moverse, hacer ejercicio	学校今天举行了一个有意思的活动。	The school held an interesting event today.	La escuela organizó hoy una actividad interesante.	运动 (yùndòng) - exercise, sport	运动 (yùndòng) - ejercicio, deporte	为了某种目的进行的活动或行动	An action or event carried out for a certain purpose	Una acción o evento realizado con cierto propósito	HSK4
活泼	活潑	huópō	lively, vivacious	animado; vivaz	这个小女孩很活泼，喜欢跟大家说话。	This little girl is very lively and likes talking to everyone.	Esta niña es muy vivaz y le gusta hablar con todos.	开朗 (kāilǎng) - cheerful, outgoing	开朗 (kāilǎng) - alegre, extrovertido	生动活跃，充满生气	Lively and full of energy	Animado y lleno de energía	HSK4
火	火	huǒ	fire; popular, hot (trending)	fuego; popular, de moda	这首歌最近很火。	This song is very popular recently.	Esta canción está muy de moda últimamente.	火焰 (huǒyàn) - flame	火焰 (huǒyàn) - llama	物体燃烧时产生的光和热	The light and heat produced when something burns	La luz y el calor que produce algo al arder	HSK4
货	貨	huò	goods, merchandise	mercancía; producto	这家商店的货很便宜。	The goods in this shop are cheap.	La mercancía de esta tienda es barata.	商品 (shāngpǐn) - merchandise	商品 (shāngpǐn) - mercancía	用来买卖的东西	Things used for buying and selling	Cosas que se compran y venden	HSK4
获得	獲得	huòdé	to obtain, to gain	obtener; conseguir	他在比赛中获得了第一名。	He obtained first place in the competition.	Obtuvo el primer lugar en la competencia.	得到 (dédào) - to get, obtain	得到 (dédào) - obtener, conseguir	取得或得到某种东西	To acquire or obtain something	Adquirir u obtener algo	HSK4
获奖	獲獎	huòjiǎng	to win an award	ganar un premio	她的作品获奖了。	Her work won an award.	Su obra ganó un premio.	得奖 (dé jiǎng) - to win a prize	得奖 (dé jiǎng) - ganar un premio	得到奖励或奖项	To receive a reward or award	Recibir una recompensa o premio	HSK4
获取	獲取	huòqǔ	to acquire, to obtain	adquirir; obtener	我们可以通过网络获取很多信息。	We can obtain a lot of information through the internet.	Podemos obtener mucha información a través de internet.	获得 (huòdé) - to obtain	获得 (huòdé) - obtener	取得，得到	To acquire, to gain	Adquirir, conseguir	HSK4
基本	基本	jīběn	basic, fundamental; basically	básico; fundamental; básicamente	这些是学习中文的基本知识。	These are the basic knowledge for learning Chinese.	Estos son los conocimientos básicos para aprender chino.	基础 (jīchǔ) - basic, foundation	基础 (jīchǔ) - básico, fundamento	最主要、最根本的部分	The most essential and fundamental part	La parte más esencial y fundamental	HSK4
基本上	基本上	jīběnshàng	basically, on the whole	básicamente; en general	这份工作我基本上已经做完了。	I have basically finished this work.	Básicamente ya he terminado este trabajo.	大体上 (dàtǐ shàng) - generally, on the whole	大体上 (dàtǐ shàng) - en general, básicamente	表示大体上如此，差不多	Indicates that something is generally or mostly the case	Indica que algo es así en general o casi por completo	HSK4
基础	基礎	jīchǔ	foundation, basis	base; fundamento	打好基础对学习很重要。	Building a good foundation is important for studying.	Tener una buena base es importante para el estudio.	基本 (jīběn) - basic	基本 (jīběn) - básico	事物发展的根本或起点	The root or starting point on which something develops	La raíz o punto de partida del desarrollo de algo	HSK4
激动	激動	jīdòng	excited, moved (emotionally)	emocionado; conmovido	听到这个好消息，她非常激动。	Hearing this good news, she was very excited.	Al escuchar esta buena noticia, se emocionó mucho.	兴奋 (xīngfèn) - excited	兴奋 (xīngfèn) - emocionado	因受刺激而情绪不平静	To have unsettled emotions due to a strong stimulus	Tener las emociones alteradas por algún estímulo	HSK4
积极	積極	jījí	positive, active, enthusiastic	positivo; activo; entusiasta	他工作很积极，大家都很喜欢他。	He is very active at work, and everyone likes him.	Es muy activo en el trabajo y a todos les cae bien.	主动 (zhǔdòng) - proactive, initiative	主动 (zhǔdòng) - proactivo, por iniciativa propia	主动、努力、向上的态度	A proactive, hardworking, and positive attitude	Una actitud proactiva, esforzada y positiva	HSK4
积累	積累	jīlěi	to accumulate, to build up	acumular	学习语言需要长时间积累词汇。	Learning a language requires accumulating vocabulary over a long time.	Aprender un idioma requiere acumular vocabulario durante mucho tiempo.	积攒 (jīzǎn) - to save up, accumulate	积攒 (jīzǎn) - ahorrar, acumular	一点一点地聚集起来	To gather little by little over time	Reunir poco a poco con el tiempo	HSK4
及时	及時	jíshí	timely; promptly	oportuno; a tiempo	医生及时赶到，救了他的命。	The doctor arrived in time and saved his life.	El médico llegó a tiempo y le salvó la vida.	准时 (zhǔnshí) - punctual, on time	准时 (zhǔnshí) - puntual, a tiempo	不拖延，在需要的时候正好发生	Not delayed, happening exactly when needed	Sin demora, ocurriendo justo cuando se necesita	HSK4
即使	即使	jíshǐ	even if	aunque; incluso si	即使下雨，我们也要去爬山。	Even if it rains, we will still go hiking.	Aunque llueva, iremos a escalar la montaña de todos modos.	哪怕 (nǎpà) - even if	哪怕 (nǎpà) - aunque, incluso si	表示假设的让步，后面常跟"也"	Indicates a hypothetical concession, often followed by "也" (also/still)	Indica una concesión hipotética, suele ir seguida de "也"	HSK4
既	既	jì	already; both...and...	ya; tanto...como...	他既聪明又努力。	He is both smart and hardworking.	Es tanto inteligente como trabajador.			表示两种情况同时存在，常与"又/也"连用	Indicates two conditions exist at the same time, often used with "又/也"	Indica que dos situaciones existen al mismo tiempo, se usa a menudo con "又/也"	HSK4
寄	寄	jì	to send, to mail	enviar (por correo)	我想给妈妈寄一份礼物。	I want to send a gift to my mom.	Quiero enviarle un regalo a mi mamá.	邮寄 (yóujì) - to mail, post	邮寄 (yóujì) - enviar por correo	通过邮局把东西送到别处	To send something to another place through the post office	Enviar algo a otro lugar a través del correo	HSK4
计划	計劃	jìhuà	plan; to plan	plan; planear	我们计划下个月去旅行。	We plan to travel next month.	Planeamos viajar el próximo mes.	打算 (dǎsuàn) - to plan, intend	打算 (dǎsuàn) - planear, tener intención de	事先想好要做的事情和步骤	Something thought out in advance, including steps to take	Algo pensado de antemano, incluyendo los pasos a seguir	HSK4
既然	既然	jìrán	since, given that	ya que; puesto que	既然你不舒服，就在家休息吧。	Since you're not feeling well, just rest at home.	Ya que no te sientes bien, quédate descansando en casa.	由于 (yóuyú) - due to, since	由于 (yóuyú) - debido a, ya que	表示先提出前提，后面常跟"就"得出结论	Introduces a premise, often followed by "就" to draw a conclusion	Introduce una premisa, suele ir seguida de "就" para sacar una conclusión	HSK4
技术	技術	jìshù	technology, technique, skill	tecnología; técnica	这家公司的技术很先进。	This company's technology is very advanced.	La tecnología de esta empresa es muy avanzada.			生产或工作中的专门方法和能力	Specialized methods and abilities used in production or work	Métodos y habilidades especializados usados en la producción o el trabajo	HSK4
继续	繼續	jìxù	to continue	continuar; seguir	休息一下，我们继续开会。	Let's rest a bit, then continue the meeting.	Descansemos un poco y sigamos con la reunión.	持续 (chíxù) - to continue, last	持续 (chíxù) - continuar, durar	不间断地进行下去	To carry on without stopping	Seguir adelante sin interrupción	HSK4
记者	記者	jìzhě	reporter, journalist	periodista; reportero	那位记者采访了很多名人。	That reporter has interviewed many celebrities.	Ese periodista ha entrevistado a muchas personas famosas.			从事新闻采访报道工作的人	A person who works in news interviewing and reporting	Una persona que se dedica a entrevistar y reportar noticias	HSK4
加班	加班	jiābān	to work overtime	hacer horas extra	今天工作太多，我得加班了。	There's too much work today, I have to work overtime.	Hoy hay mucho trabajo, tengo que hacer horas extra.			在规定的工作时间以外继续工作	To continue working beyond the scheduled work hours	Seguir trabajando fuera del horario laboral establecido	HSK4
家具	傢俱	jiājù	furniture	muebles	这些家具都是新买的。	This furniture is all newly bought.	Estos muebles son todos recién comprados.			家庭或办公室使用的桌椅柜等物品	Items such as tables, chairs, and cabinets used in a home or office	Objetos como mesas, sillas y armarios usados en casa u oficina	HSK4
加快	加快	jiākuài	to speed up, accelerate	acelerar	请大家加快脚步，我们快迟到了。	Please speed up, everyone, we're about to be late.	Por favor apúrense todos, casi llegamos tarde.	加速 (jiāsù) - to accelerate	加速 (jiāsù) - acelerar	使速度变快	To make the speed faster	Hacer que la velocidad aumente	HSK4
加强	加強	jiāqiáng	to strengthen, reinforce	reforzar; fortalecer	我们应该加强身体锻炼。	We should strengthen our physical exercise.	Deberíamos reforzar el ejercicio físico.	增强 (zēngqiáng) - to enhance, strengthen	增强 (zēngqiáng) - fortalecer, aumentar	使更加坚强或有力	To make something stronger or more powerful	Hacer que algo sea más fuerte o más sólido	HSK4
加入	加入	jiārù	to join, to add	unirse a; añadir	他决定加入我们的篮球队。	He decided to join our basketball team.	Decidió unirse a nuestro equipo de baloncesto.	参加 (cānjiā) - to join, participate	参加 (cānjiā) - participar, unirse	加入到某个组织或活动中	To become part of an organization or activity	Pasar a formar parte de una organización o actividad	HSK4
加上	加上	jiāshàng	plus, in addition to	además; sumado a	今天下雨，加上刮风，天气很冷。	It's raining today, plus it's windy, so it's very cold.	Hoy llueve, y además hace viento, así que hace mucho frío.	加之 (jiāzhī) - moreover, in addition	加之 (jiāzhī) - además, sumado a	表示在原有基础上又增添了新的情况	Indicates that a new factor is added to an existing situation	Indica que se añade un nuevo factor a una situación existente	HSK4
家庭	家庭	jiātíng	family, household	familia; hogar	他有一个幸福的家庭。	He has a happy family.	Tiene una familia feliz.	家 (jiā) - family, home	家 (jiā) - familia, hogar	由父母子女等亲人组成的生活单位	A living unit made up of parents, children, and other relatives	Una unidad de convivencia formada por padres, hijos y otros familiares	HSK4
家乡	家鄉	jiāxiāng	hometown	pueblo natal; tierra natal	每年过年他都要回家乡看望父母。	Every year during the New Year, he goes back to his hometown to visit his parents.	Cada año en el Año Nuevo vuelve a su pueblo natal a visitar a sus padres.	故乡 (gùxiāng) - hometown	故乡 (gùxiāng) - tierra natal	自己出生或长大的地方	The place where one was born or grew up	El lugar donde uno nació o creció	HSK4
加油	加油	jiāyóu	to refuel; to cheer someone on, keep it up	repostar; ¡ánimo!, esforzarse	比赛就要开始了，大家一起为他加油！	The competition is about to start, let's all cheer him on!	La competencia está por comenzar, ¡animémoslo todos juntos!			给车加燃料；也指鼓励别人努力	To add fuel to a vehicle; also used to encourage someone to try hard	Poner combustible a un vehículo; también se usa para animar a alguien a esforzarse	HSK4
加油站	加油站	jiāyóuzhàn	gas station	gasolinera	前面有一个加油站，我们去加点油吧。	There's a gas station ahead, let's go get some gas.	Hay una gasolinera adelante, vamos a echar gasolina.			给汽车加油的地方	A place where cars are refueled	Un lugar donde se pone combustible a los coches	HSK4
家长	家長	jiāzhǎng	parent, guardian	padre/madre de familia; tutor	学校请家长参加这次活动。	The school invited parents to attend this event.	La escuela invitó a los padres a participar en esta actividad.	父母 (fùmǔ) - parents	父母 (fùmǔ) - padres	孩子的父亲或母亲，或家庭的负责人	A child's father or mother, or the person in charge of a family	El padre o la madre de un niño, o la persona responsable de una familia	HSK4
假	假	jiǎ	fake, false	falso	这个包是假的，不是名牌。	This bag is fake, not a brand name.	Este bolso es falso, no es de marca.	虚假 (xūjiǎ) - false, fake	虚假 (xūjiǎ) - falso	不真实的，与真的相反	Not real, the opposite of genuine	No auténtico, lo contrario de verdadero	HSK4
价格	價格	jiàgé	price	precio	这件衣服的价格有点贵。	The price of this piece of clothing is a bit expensive.	El precio de esta ropa es un poco caro.	价钱 (jiàqián) - price	价钱 (jiàqián) - precio	商品价值的货币表现	The monetary expression of the value of goods	La expresión en dinero del valor de un producto	HSK4
价钱	價錢	jiàqián	price	precio	我们可以商量一下价钱。	We can discuss the price a bit.	Podemos negociar un poco el precio.	价格 (jiàgé) - price	价格 (jiàgé) - precio	买卖东西时用钱表示的数额	The amount of money expressed when buying or selling something	La cantidad de dinero que se paga al comprar o vender algo	HSK4
假日	假日	jiàrì	holiday, day off	día festivo; vacaciones	假日里，我喜欢和家人一起出去玩。	On holidays, I like to go out with my family.	En los días festivos, me gusta salir con mi familia.	假期 (jiàqī) - vacation, holiday period	假期 (jiàqī) - vacaciones	不需要上班上学的日子	A day when one doesn't need to work or go to school	Un día en que no hace falta trabajar ni ir a la escuela	HSK4
减	減	jiǎn	to reduce, to subtract	reducir; restar	十减五等于五。	Ten minus five equals five.	Diez menos cinco es igual a cinco.	减少 (jiǎnshǎo) - to reduce, decrease	减少 (jiǎnshǎo) - reducir, disminuir	从总数中去掉一部分	To take away part of a total amount	Quitar una parte de una cantidad total	HSK4
减轻	減輕	jiǎnqīng	to lighten, to alleviate	aliviar; aligerar	吃了药以后，他的疼痛减轻了很多。	After taking the medicine, his pain was greatly relieved.	Después de tomar la medicina, su dolor se alivió mucho.	缓解 (huǎnjiě) - to relieve, ease	缓解 (huǎnjiě) - aliviar	使负担、痛苦等变轻	To make a burden, pain, etc. lighter	Hacer que una carga, un dolor, etc. sea más ligero	HSK4
减少	減少	jiǎnshǎo	to reduce, to decrease	reducir; disminuir	政府正在努力减少空气污染。	The government is working hard to reduce air pollution.	El gobierno se está esforzando por reducir la contaminación del aire.	降低 (jiàngdī) - to lower, decrease	降低 (jiàngdī) - reducir, disminuir	使数量变少	To make the quantity smaller	Hacer que la cantidad sea menor	HSK4
健身	健身	jiànshēn	to work out, to keep fit	hacer ejercicio; ponerse en forma	他每天早上都去健身。	He goes to work out every morning.	Va a hacer ejercicio todas las mañanas.	锻炼 (duànliàn) - to exercise, work out	锻炼 (duànliàn) - hacer ejercicio, entrenar	通过运动使身体更强壮健康	To make the body stronger and healthier through exercise	Hacer que el cuerpo sea más fuerte y saludable mediante el ejercicio	HSK4
健身房	健身房	jiànshēnfáng	gym	gimnasio	我每天早上去健身房锻炼。	I go to the gym to exercise every morning.	Voy al gimnasio a hacer ejercicio todas las mañanas.	健身中心 (jiànshēn zhōngxīn) - fitness center	健身中心 (jiànshēn zhōngxīn) - centro de fitness	供人锻炼身体的场所	A place for people to exercise	Un lugar donde la gente hace ejercicio	HSK4
建议	建議	jiànyì	to suggest, to propose; suggestion	sugerir; sugerencia	医生建议我多喝水。	The doctor suggested that I drink more water.	El médico me sugirió beber más agua.	提议 (tíyì) - to propose	提议 (tíyì) - proponer	向别人提出自己的看法或办法	To offer one's opinion or method to others	Proponer a alguien una opinión o método	HSK4
江	江	jiāng	river	río	长江是中国最长的河流。	The Yangtze River is the longest river in China.	El río Yangtsé es el río más largo de China.	河 (hé) - river	河 (hé) - río	大的河流	A large river	Un río grande	HSK4
将	將	jiāng	(used like 把, to introduce the object of a verb); will, be about to	(partícula que introduce el objeto de un verbo, como 把); indica futuro, "va a"	我们将在明天出发。	We will set off tomorrow.	Saldremos mañana.	把 (bǎ) - (object marker)<br>将要 (jiāngyào) - will, be about to	把 (bǎ) - (marcador de objeto)<br>将要 (jiāngyào) - va a	用于引出动作的对象，或表示动作即将发生	Used to introduce the object of an action, or to indicate an action is about to happen	Se usa para introducir el objeto de una acción, o para indicar que una acción está a punto de suceder	HSK4
将来	將來	jiānglái	future	futuro	我希望将来能成为一名医生。	I hope to become a doctor in the future.	Espero llegar a ser médico en el futuro.	未来 (wèilái) - future	未来 (wèilái) - futuro	现在以后的时间	The time after now	El tiempo después del presente	HSK4
将要	將要	jiāngyào	will, be about to	va a, está a punto de	火车将要出发了。	The train is about to depart.	El tren está a punto de salir.	快要 (kuàiyào) - about to<br>即将 (jíjiāng) - soon, about to	快要 (kuàiyào) - a punto de<br>即将 (jíjiāng) - próximamente	表示动作或情况很快就要发生	Indicates that an action or situation is about to happen soon	Indica que una acción o situación está a punto de ocurrir	HSK4
奖	獎	jiǎng	prize, award; to award, to reward	premio; premiar	他在比赛中得了一等奖。	He won first prize in the competition.	Ganó el primer premio en la competencia.	奖励 (jiǎnglì) - reward, award	奖励 (jiǎnglì) - recompensa	为了鼓励而给予的荣誉或财物	Honor or material reward given as encouragement	Honor o recompensa material que se da como estímulo	HSK4
奖金	獎金	jiǎngjīn	bonus, prize money	bono, prima	公司年底给员工发奖金。	The company gives employees a bonus at the end of the year.	La empresa da un bono a los empleados a fin de año.			奖励给的钱	Money given as a reward	Dinero que se da como recompensa	HSK4
奖学金	獎學金	jiǎngxuéjīn	scholarship	beca	她获得了去美国留学的奖学金。	She received a scholarship to study in the United States.	Ella obtuvo una beca para estudiar en Estados Unidos.			学校或机构发给优秀学生的钱，用来鼓励学习	Money given by a school or organization to outstanding students to encourage study	Dinero que una escuela o institución da a estudiantes destacados para fomentar el estudio	HSK4
降	降	jiàng	to fall, to drop, to descend	bajar, descender	今天气温下降了很多。	The temperature dropped a lot today.	Hoy la temperatura bajó mucho.	下降 (xiàjiàng) - to fall, to decline	下降 (xiàjiàng) - descender	从高处向低处移动或减少	To move from high to low, or to decrease	Moverse de arriba hacia abajo, o disminuir	HSK4
降低	降低	jiàngdī	to reduce, to lower	reducir, disminuir	商店降低了商品的价格。	The store lowered the prices of its goods.	La tienda bajó los precios de los productos.	减少 (jiǎnshǎo) - to decrease, to reduce	减少 (jiǎnshǎo) - disminuir	使程度、数量等变小或变少	To make a degree, quantity, etc. smaller or less	Hacer que un grado, cantidad, etc. sea menor	HSK4
降价	降價	jiàngjià	to lower the price, to mark down	bajar de precio, rebajar	这家超市的水果最近降价了。	The fruit at this supermarket has recently had its prices lowered.	La fruta de este supermercado bajó de precio recientemente.	打折 (dǎzhé) - to give a discount	打折 (dǎzhé) - hacer descuento	降低商品的价格	To lower the price of goods	Bajar el precio de un producto	HSK4
降落	降落	jiàngluò	to land, to touch down	aterrizar	飞机马上就要降落了。	The plane is about to land.	El avión está a punto de aterrizar.	着陆 (zhuólù) - to land	着陆 (zhuólù) - aterrizar	从空中落到地面	To fall from the air to the ground	Bajar del aire hasta el suelo	HSK4
降温	降溫	jiàngwēn	to cool down, to drop in temperature	bajar la temperatura, refrescar	明天开始降温，大家要多穿衣服。	The temperature will drop starting tomorrow, so everyone should wear more clothes.	Mañana bajará la temperatura, así que todos deben abrigarse más.			温度降低	Temperature decreasing	Disminución de la temperatura	HSK4
交	交	jiāo	to hand in, to submit; to associate with	entregar, presentar; relacionarse con	请把作业交给老师。	Please hand in the homework to the teacher.	Por favor entrega la tarea al profesor.	提交 (tíjiāo) - to submit	提交 (tíjiāo) - presentar	递给，送到；也指互相往来	To hand over, to deliver; also refers to mutual contact	Entregar, dar; también se refiere al trato mutuo entre personas	HSK4
骄傲	驕傲	jiāo'ào	proud; arrogant	orgulloso; arrogante	父母为他的成绩感到骄傲。	His parents are proud of his grades.	Sus padres están orgullosos de sus calificaciones.	自豪 (zìháo) - proud	自豪 (zìháo) - orgulloso	对自己或他人的成就感到光荣满意；也指自高自大	Feeling honored and satisfied about one's own or others' achievements; can also mean self-important	Sentirse honrado y satisfecho por los logros propios o ajenos; también significa ser altanero	HSK4
交警	交警	jiāojǐng	traffic police	policía de tránsito	交警在路口指挥交通。	The traffic police direct traffic at the intersection.	El policía de tránsito dirige el tráfico en la intersección.			负责管理道路交通的警察	Police responsible for managing road traffic	Policía encargado de regular el tráfico en las calles	HSK4
交流	交流	jiāoliú	to communicate, to exchange	intercambiar, comunicarse	我们经常用微信交流。	We often communicate via WeChat.	Solemos comunicarnos por WeChat.	沟通 (gōutōng) - to communicate	沟通 (gōutōng) - comunicarse	彼此交换意见、信息等	To exchange opinions, information, etc. with each other	Intercambiar opiniones, información, etc. entre sí	HSK4
郊区	郊區	jiāoqū	suburb	suburbio, afueras	他们家住在城市的郊区。	Their home is in the suburbs of the city.	Su casa está en las afueras de la ciudad.			城市周围的地区	The area surrounding a city	La zona que rodea una ciudad	HSK4
交通	交通	jiāotōng	traffic, transportation	tráfico, transporte	这个城市的交通很方便。	The transportation in this city is very convenient.	El transporte en esta ciudad es muy conveniente.			各种交通工具往来运行的情况	The movement of various means of transportation	El movimiento de los distintos medios de transporte	HSK4
教练	教練	jiàoliàn	coach	entrenador	篮球教练教我们怎么投篮。	The basketball coach teaches us how to shoot.	El entrenador de baloncesto nos enseña cómo lanzar el balón.			教授运动技能的人	A person who teaches sports skills	Persona que enseña habilidades deportivas	HSK4
教师	教師	jiàoshī	teacher	profesor, maestro	她是一名小学教师。	She is a primary school teacher.	Ella es maestra de primaria.	老师 (lǎoshī) - teacher	老师 (lǎoshī) - profesor	从事教育教学工作的人	A person who works in education and teaching	Persona que se dedica a la enseñanza	HSK4
教授	教授	jiàoshòu	professor	catedrático, profesor universitario	他是大学里的教授。	He is a professor at the university.	Él es profesor en la universidad.			大学中职称最高的教师	The highest-ranking teaching title at a university	El título docente más alto en una universidad	HSK4
教学	教學	jiàoxué	teaching, instruction	enseñanza	老师们正在讨论新的教学方法。	The teachers are discussing new teaching methods.	Los profesores están discutiendo nuevos métodos de enseñanza.			教师传授知识、学生学习的过程	The process of teachers imparting knowledge and students learning	El proceso en el que el profesor transmite conocimientos y el alumno aprende	HSK4
教育	教育	jiàoyù	education; to educate	educación; educar	父母很重视孩子的教育。	Parents attach great importance to their children's education.	Los padres dan mucha importancia a la educación de sus hijos.			培养人的知识、能力和品德的活动	The activity of cultivating a person's knowledge, abilities, and character	La actividad de formar el conocimiento, las capacidades y el carácter de una persona	HSK4
叫作	叫作	jiàozuò	to be called, to be known as	llamarse, ser conocido como	这种水果叫作榴莲。	This kind of fruit is called durian.	Esta fruta se llama durián.			称为，名称是	To be termed, the name is	Denominarse, tener por nombre	HSK4
街道	街道	jiēdào	street	calle	街道两旁种满了树。	Trees are planted along both sides of the street.	Hay árboles plantados a ambos lados de la calle.	马路 (mǎlù) - street, road	马路 (mǎlù) - calle	城市中两旁有房屋的道路	A road in a city lined with buildings on both sides	Vía urbana con edificios a ambos lados	HSK4
接受	接受	jiēshòu	to accept	aceptar	他接受了朋友的建议。	He accepted his friend's suggestion.	Aceptó la sugerencia de su amigo.			对给予的东西或意见表示同意接纳	To agree to take something given, such as an object or opinion	Estar de acuerdo en tomar algo que se ofrece, como un objeto u opinión	HSK4
接着	接著	jiēzhe	then, next; to follow, to continue	luego, a continuación; seguir, continuar	他先做完作业，接着去打篮球。	He finished his homework first, then went to play basketball.	Primero terminó la tarea y luego fue a jugar baloncesto.	然后 (ránhòu) - then, afterwards	然后 (ránhòu) - después	紧跟着，表示动作先后顺序	Immediately following, indicating the sequence of actions	Justo después, indica el orden en que ocurren las acciones	HSK4
结果	結果	jiéguǒ	result, outcome; as a result	resultado; como resultado	这次考试的结果让他很满意。	The result of this exam satisfied him greatly.	El resultado de este examen lo dejó muy satisfecho.	后果 (hòuguǒ) - consequence	后果 (hòuguǒ) - consecuencia	事情发展到最后的状态	The final state that something develops into	El estado final al que llega el desarrollo de algo	HSK4
节假日	節假日	jiéjiàrì	festivals and holidays	días festivos, vacaciones	节假日期间景点游客很多。	During holidays, there are many tourists at scenic spots.	Durante los días festivos hay muchos turistas en los lugares turísticos.			节日和假日的统称	A general term for festivals and holidays	Término general para festividades y días de descanso	HSK4
节约	節約	jiéyuē	to save, to economize	ahorrar	我们应该节约用水。	We should conserve water.	Debemos ahorrar agua.	节省 (jiéshěng) - to save, to economize	节省 (jiéshěng) - ahorrar	减少不必要的开支或使用	To reduce unnecessary spending or use	Reducir gastos o consumo innecesarios	HSK4
结账	結賬	jiézhàng	to pay the bill, to check out	pagar la cuenta	吃完饭我们去结账吧。	Let's go pay the bill after we finish eating.	Vamos a pagar la cuenta después de comer.	买单 (mǎidān) - to pay the bill	买单 (mǎidān) - pagar la cuenta	计算并支付所欠的钱	To calculate and pay the money owed	Calcular y pagar el dinero que se debe	HSK4
解释	解釋	jiěshì	to explain	explicar	老师给我们解释了这个语法问题。	The teacher explained this grammar problem to us.	El profesor nos explicó este problema de gramática.	说明 (shuōmíng) - to explain, to illustrate	说明 (shuōmíng) - aclarar	对某事物的意义、原因加以说明	To clarify the meaning or reason of something	Aclarar el significado o la causa de algo	HSK4
今后	今後	jīnhòu	from now on, in the future	de ahora en adelante	今后我会更加努力学习。	From now on, I will study harder.	De ahora en adelante, estudiaré con más esfuerzo.	以后 (yǐhòu) - afterwards, later	以后 (yǐhòu) - después	从现在起以后的时间	The time from now onward	El tiempo a partir de ahora	HSK4
仅	僅	jǐn	only, merely	solo, solamente	这次活动仅限学生参加。	This event is only open to students.	Este evento es solo para estudiantes.	只 (zhǐ) - only	只 (zhǐ) - solo	表示限于某个范围，相当于"只"	Indicates being limited to a certain range, equivalent to "only"	Indica que algo se limita a un ámbito determinado, equivalente a "solo"	HSK4
尽管	儘管	jǐnguǎn	feel free to; although, even though	no dudes en, con toda confianza; aunque, a pesar de	尽管下着雨，他还是去跑步了。	Although it was raining, he still went for a run.	Aunque estaba lloviendo, él salió a correr de todos modos.	虽然 (suīrán) - although	虽然 (suīrán) - aunque	表示不必顾虑，放心去做；也表示让步关系	Indicates no need to worry, go ahead freely; also expresses a concessive relationship	Indica que no hay que preocuparse, se puede hacer con confianza; también expresa una relación de concesión	HSK4
仅仅	僅僅	jǐnjǐn	only, merely	solamente, tan solo	他仅仅用了一天就完成了任务。	He completed the task in just one day.	Completó la tarea en tan solo un día.	只 (zhǐ) - only	只 (zhǐ) - solo	强调限于某个数量或范围，语气比"仅"更强	Emphasizes being limited to a certain amount or scope, stronger in tone than "仅"	Enfatiza que algo se limita a una cantidad o alcance, con un tono más fuerte que "仅"	HSK4
紧张	緊張	jǐnzhāng	nervous, tense; in short supply	nervioso, tenso; escaso	考试前他非常紧张。	He was very nervous before the exam.	Estaba muy nervioso antes del examen.	焦虑 (jiāolǜ) - anxious	焦虑 (jiāolǜ) - ansioso	心情不放松，感到不安；也指供应不足	A state of not being relaxed, feeling uneasy; also refers to insufficient supply	Estado de tensión o inquietud; también se refiere a la escasez de algo	HSK4
进入	進入	jìnrù	to enter	entrar	请大家有序进入教室。	Please everyone enter the classroom in an orderly manner.	Por favor, entren al aula en orden.	进 (jìn) - to enter	进 (jìn) - entrar	从外面到里面去	To go from outside to inside	Pasar de afuera hacia adentro	HSK4
进行	進行	jìnxíng	to carry out, to conduct	llevar a cabo, realizar	会议正在进行中。	The meeting is currently underway.	La reunión se está llevando a cabo.	举行 (jǔxíng) - to hold (an event)	举行 (jǔxíng) - celebrar	从事某种活动，使某事继续开展	To engage in some activity, to keep something moving forward	Llevar a cabo cierta actividad, hacer que algo se desarrolle	HSK4
禁止	禁止	jìnzhǐ	to prohibit, to forbid	prohibir	这里禁止吸烟。	Smoking is prohibited here.	Aquí está prohibido fumar.	严禁 (yánjìn) - to strictly forbid	严禁 (yánjìn) - prohibir estrictamente	不允许做某事	Not allowing something to be done	No permitir que se haga algo	HSK4
精彩	精彩	jīngcǎi	brilliant, wonderful, exciting	excelente, espléndido, emocionante	昨晚的足球比赛非常精彩。	Last night's football match was very exciting.	El partido de fútbol de anoche fue muy emocionante.	出色 (chūsè) - outstanding	出色 (chūsè) - destacado	表演、言论等非常出色，令人满意	A performance, speech, etc. that is outstanding and satisfying	Que una actuación, discurso, etc. es sobresaliente y satisfactorio	HSK4
经济	經濟	jīngjì	economy; economical, affordable	economía; económico	这个国家的经济发展很快。	This country's economy is developing rapidly.	La economía de este país se desarrolla rápidamente.			社会生产、分配、消费等活动的总称；也指便宜、划算	A general term for social production, distribution, and consumption activities; also means cheap or cost-effective	Término general para las actividades de producción, distribución y consumo de una sociedad; también significa barato o rentable	HSK4
京剧	京劇	jīngjù	Beijing opera	ópera de Pekín	很多外国人喜欢看京剧。	Many foreigners like watching Beijing opera.	A muchos extranjeros les gusta ver la ópera de Pekín.			中国的一种传统戏曲，起源于北京	A traditional Chinese opera form that originated in Beijing	Una forma tradicional de ópera china originaria de Pekín	HSK4
经历	經歷	jīnglì	to experience; experience	experimentar, vivir; experiencia	他经历了很多困难才成功。	He went through many difficulties before succeeding.	Pasó por muchas dificultades antes de tener éxito.	经验 (jīngyàn) - experience	经验 (jīngyàn) - experiencia	亲身遭遇或经过的事情	Something personally undergone or gone through	Algo que se ha vivido o pasado personalmente	HSK4
经验	經驗	jīngyàn	experience	experiencia	老师有很丰富的教学经验。	The teacher has very rich teaching experience.	El profesor tiene una experiencia docente muy rica.	经历 (jīnglì) - experience	经历 (jīnglì) - experiencia	通过实践获得的知识或技能	Knowledge or skill gained through practice	Conocimiento o habilidad adquiridos mediante la práctica	HSK4
警察	警察	jǐngchá	police	policía	警察正在处理交通事故。	The police are handling a traffic accident.	La policía está atendiendo un accidente de tráfico.			维护社会秩序、保护公民安全的国家工作人员	A state worker who maintains social order and protects citizens' safety	Funcionario del estado encargado de mantener el orden social y proteger la seguridad de los ciudadanos	HSK4
景点	景點	jǐngdiǎn	scenic spot, tourist attraction	lugar turístico, punto de interés	这个城市有很多有名的景点。	This city has many famous tourist attractions.	Esta ciudad tiene muchos lugares turísticos famosos.	景区 (jǐngqū) - scenic area	景区 (jǐngqū) - zona turística	供人游览观赏的地方	A place for people to visit and admire	Un lugar para que la gente visite y admire	HSK4
景区	景區	jǐngqū	scenic area	zona turística, área escénica	假期景区里挤满了游客。	During the holiday, the scenic area was packed with tourists.	Durante las vacaciones, la zona turística estaba llena de turistas.	景点 (jǐngdiǎn) - scenic spot	景点 (jǐngdiǎn) - lugar turístico	有多个景点的旅游区域	A tourist area containing multiple scenic spots	Una zona turística que contiene varios lugares de interés	HSK4
景色	景色	jǐngsè	scenery; view	paisaje	这里的景色很美。	The scenery here is very beautiful.	El paisaje aquí es muy hermoso.	风景 (fēngjǐng) - scenery	风景 (fēngjǐng) - paisaje	自然界的景象	Natural scenery or landscape	Panorama del mundo natural	HSK4
竟然	竟然	jìngrán	unexpectedly, surprisingly	inesperadamente	他竟然一个人爬上了山顶。	He unexpectedly climbed to the top of the mountain alone.	Él, sorprendentemente, subió solo a la cima de la montaña.	居然 (jūrán) - unexpectedly	居然 (jūrán) - inesperadamente	表示出乎意料	Indicates that something is unexpected	Indica algo que resulta inesperado	HSK4
竞争	競爭	jìngzhēng	to compete; competition	competir	这两家公司竞争非常激烈。	Competition between these two companies is very fierce.	La competencia entre estas dos empresas es muy intensa.	竞赛 (jìngsài) - contest	竞赛 (jìngsài) - concurso	为了共同目标互相争胜	To strive against each other for the same goal	Rivalizar entre sí por un mismo objetivo	HSK4
镜子	鏡子	jìngzi	mirror	espejo	她站在镜子前面照了照。	She stood in front of the mirror and looked at herself.	Ella se paró frente al espejo y se miró.			用来照出人影的物品	An object used to reflect a person's image	Objeto que se usa para reflejar la imagen de una persona	HSK4
究竟	究竟	jiūjìng	actually, exactly, after all; the truth of the matter	en realidad; el fondo del asunto	你究竟想说什么？	What exactly do you want to say?	¿Qué es lo que realmente quieres decir?	到底 (dàodǐ) - after all	到底 (dàodǐ) - al final, en realidad	用于追问，表示深入探求真相	Used when pressing for an answer, to get to the truth of something	Se usa para indagar a fondo y llegar a la verdad de algo	HSK4
就是	就是	jiùshì	precisely, exactly; simply, just; even if	precisamente; simplemente; aunque	这就是我想要的答案。	This is precisely the answer I wanted.	Esta es precisamente la respuesta que quería.	正是 (zhèngshì) - precisely	正是 (zhèngshì) - precisamente	用于强调肯定或表示让步	Used to emphasize an affirmation or express a concession	Se usa para enfatizar una afirmación o expresar una concesión	HSK4
举	舉	jǔ	to raise, to lift; to hold (an event); to cite (an example)	levantar, alzar; celebrar (un evento); citar (un ejemplo)	请举起你的右手。	Please raise your right hand.	Por favor, levanta tu mano derecha.	抬 (tái) - to lift	抬 (tái) - levantar	向上抬起	To lift something upward	Alzar algo hacia arriba	HSK4
举办	舉辦	jǔbàn	to hold, to host, to organize	organizar, celebrar	学校下个月要举办运动会。	The school will hold a sports meet next month.	La escuela organizará un evento deportivo el próximo mes.	举行 (jǔxíng) - to hold	举行 (jǔxíng) - celebrar	举行(活动)，办理	To hold (an event), to organize	Celebrar (un evento), organizar	HSK4
举例	舉例	jǔlì	to give an example, to illustrate	poner un ejemplo	老师举例说明了这个语法。	The teacher gave an example to explain this grammar point.	El profesor puso un ejemplo para explicar esta gramática.			举出例子来说明问题	To cite an example to explain something	Citar un ejemplo para explicar algo	HSK4
举行	舉行	jǔxíng	to hold, to conduct (a ceremony, meeting)	celebrar, llevar a cabo	婚礼将在周六举行。	The wedding will be held on Saturday.	La boda se celebrará el sábado.	举办 (jǔbàn) - to hold	举办 (jǔbàn) - organizar	进行会议、仪式等活动	To carry out a meeting, ceremony, or similar event	Llevar a cabo una reunión, ceremonia u otro acto	HSK4
聚	聚	jù	to gather, to assemble, to get together	reunirse, juntarse	我们周末聚一聚吧。	Let's get together this weekend.	Reunámonos este fin de semana.	聚集 (jùjí) - to gather	聚集 (jùjí) - congregarse	会合，集中到一起	To meet up, to come together	Juntarse, congregarse	HSK4
聚餐	聚餐	jùcān	to have a meal together, to dine together	comer juntos, cenar en grupo	公司今晚组织聚餐。	The company is organizing a group dinner tonight.	La empresa organiza una cena en grupo esta noche.			大家聚在一起吃饭	To gather together to eat	Reunirse todos para comer	HSK4
聚会	聚會	jùhuì	to get together, to meet up; a party, a gathering	reunirse; reunión, fiesta	明天晚上我们班有一个聚会。	Tomorrow night our class is having a get-together.	Mañana por la noche nuestra clase tiene una reunión.	聚餐 (jùcān) - dinner gathering	聚餐 (jùcān) - cena en grupo	大家聚在一起活动	People gathering together for an activity	Actividad en la que la gente se reúne	HSK4
拒绝	拒絕	jùjué	to refuse, to reject, to decline	rechazar, negarse	他拒绝了我的邀请。	He declined my invitation.	Él rechazó mi invitación.	谢绝 (xièjué) - to decline politely	谢绝 (xièjué) - declinar cortésmente	不接受要求、邀请等	To not accept a request, invitation, etc.	No aceptar una petición, invitación, etc.	HSK4
距离	距離	jùlí	distance; to be apart from	distancia; estar separado de	我家距离学校不远。	My home is not far from school.	Mi casa no está lejos de la escuela.			两点之间相隔的长度	The length between two points	La longitud que separa dos puntos	HSK4
剧院	劇院	jùyuàn	theater, opera house, playhouse	teatro	我们晚上去剧院看演出。	We're going to the theater to watch a show tonight.	Esta noche vamos al teatro a ver un espectáculo.	剧场 (jùchǎng) - theater	剧场 (jùchǎng) - teatro	上演戏剧的场所	A venue for staging plays and performances	Lugar donde se representan obras de teatro	HSK4
开玩笑	開玩笑	kāi wánxiào	to joke, to kid around, to make fun of	bromear	别生气，我只是开玩笑的。	Don't be angry, I was just joking.	No te enfades, solo estaba bromeando.			说笑话逗人开心	To say something funny to amuse people	Decir algo gracioso para divertir a la gente	HSK4
看法	看法	kànfǎ	opinion, view, point of view	opinión, punto de vista	你对这件事有什么看法？	What's your view on this matter?	¿Qué opinión tienes sobre este asunto?	观点 (guāndiǎn) - viewpoint	观点 (guāndiǎn) - punto de vista	对事物的认识和见解	One's understanding or opinion about something	Percepción u opinión que se tiene sobre algo	HSK4
烤	烤	kǎo	to bake, to roast, to grill, to toast	asar, hornear	妈妈在烤面包。	Mom is baking bread.	Mamá está horneando pan.			用火使食物变熟	To cook food using fire or heat	Cocinar alimentos usando fuego o calor	HSK4
考虑	考慮	kǎolǜ	to consider, to think over, to contemplate	considerar, pensar en	这件事我需要考虑一下。	I need to think this over.	Necesito pensar un poco en este asunto.	思考 (sīkǎo) - to ponder	思考 (sīkǎo) - reflexionar	认真思考问题	To think carefully about a matter	Pensar detenidamente sobre un asunto	HSK4
考生	考生	kǎoshēng	examinee, test-taker	candidato de examen, examinando	今年参加高考的考生很多。	There are many examinees taking the college entrance exam this year.	Este año hay muchos examinandos que se presentan al examen de acceso a la universidad.			参加考试的人	A person taking an exam	Persona que se presenta a un examen	HSK4
棵	棵	kē	measure word for trees, plants, and similar objects	clasificador para árboles y plantas	院子里有一棵大树。	There is a big tree in the yard.	Hay un árbol grande en el patio.			用于计算树木、植物的量词	A measure word for counting trees and plants	Clasificador para contar árboles y plantas	HSK4
科技	科技	kējì	science and technology	ciencia y tecnología	现代科技发展得很快。	Modern science and technology develops very fast.	La ciencia y la tecnología modernas se desarrollan muy rápido.			科学和技术的简称	Short for "science and technology"	Abreviatura de "ciencia y tecnología"	HSK4
科学	科學	kēxué	science; scientific	ciencia; científico	他从小就对科学很感兴趣。	He has been interested in science since he was young.	Desde pequeño le ha interesado la ciencia.			研究自然界规律的学问	The study of the laws of the natural world	Estudio de las leyes del mundo natural	HSK4
咳	咳	ké	to cough	toser	他咳了两声。	He coughed twice.	Él tosió dos veces.	咳嗽 (késou) - to cough	咳嗽 (késou) - toser	因喉咙不适而发出声音	Making a sound due to throat discomfort	Emitir un sonido por molestia en la garganta	HSK4
咳嗽	咳嗽	késou	to cough	toser	他感冒了，一直咳嗽。	He has a cold and keeps coughing.	Está resfriado y no para de toser.	咳 (ké) - to cough	咳 (ké) - toser	呼吸道受刺激而发出的反应	A reflex response caused by irritation of the respiratory tract	Reacción refleja provocada por irritación de las vías respiratorias	HSK4
可惜	可惜	kěxī	regrettable, unfortunate, a pity	qué lástima, lamentable	真可惜，我们没赶上火车。	What a pity, we missed the train.	Qué lástima, no alcanzamos el tren.	遗憾 (yíhàn) - regrettable	遗憾 (yíhàn) - lamentable	令人感到惋惜	Making someone feel regretful	Que hace sentir pena o lástima	HSK4
克	克	kè	gram	gramo	这个苹果重两百克。	This apple weighs two hundred grams.	Esta manzana pesa doscientos gramos.			重量单位	A unit of weight	Unidad de peso	HSK4
课程	課程	kèchéng	curriculum, course	curso, asignatura	这学期我选了五门课程。	This semester I chose five courses.	Este semestre elegí cinco asignaturas.			学校教学的科目和内容	The subjects and content taught in school	Materias y contenidos que se imparten en la escuela	HSK4
客气	客氣	kèqi	polite, courteous; to be modest	cortés, educado; hacer cumplidos	你太客气了，不用给我买礼物。	You're too polite, you don't need to buy me a gift.	Eres demasiado amable, no hace falta que me compres un regalo.	礼貌 (lǐmào) - polite	礼貌 (lǐmào) - educado	有礼貌，谦让	Polite and modest	Cortés y modesto	HSK4
课堂	課堂	kètáng	classroom	aula, clase	课堂上要认真听讲。	You should listen carefully in class.	Hay que escuchar con atención en clase.	教室 (jiàoshì) - classroom	教室 (jiàoshì) - aula	教师讲课的场所	The place where teachers give lessons	Lugar donde los profesores dan clase	HSK4
客厅	客廳	kètīng	living room, parlor	salón, sala de estar	我们在客厅看电视。	We watch TV in the living room.	Vemos la televisión en el salón.			家里接待客人、休息的房间	A room in the home for receiving guests and relaxing	Habitación de la casa para recibir visitas y descansar	HSK4
肯定	肯定	kěndìng	to affirm, to be certain; positive, definite; surely, certainly	afirmar, confirmar; seguro, definitivo; sin duda	他肯定会来参加聚会。	He will surely come to the party.	Él sin duda vendrá a la fiesta.	确定 (quèdìng) - certain	确定 (quèdìng) - seguro	确认，表示确实如此	To confirm, to indicate that something is indeed the case	Confirmar, indicar que algo es efectivamente así	HSK4
空	空	kōng	empty, vacant, hollow	vacío	这个瓶子是空的。	This bottle is empty.	Esta botella está vacía.			里面没有东西	Having nothing inside	Que no tiene nada dentro	HSK4
空气	空氣	kōngqì	air, atmosphere	aire	山上的空气很新鲜。	The air in the mountains is very fresh.	El aire en la montaña es muy fresco.			包围地球的气体	The gas surrounding the earth	Gas que rodea la Tierra	HSK4
恐怕	恐怕	kǒngpà	to fear that; I'm afraid, perhaps, probably	me temo que, quizás	恐怕明天会下雨。	I'm afraid it will rain tomorrow.	Me temo que mañana lloverá.	也许 (yěxǔ) - perhaps	也许 (yěxǔ) - quizás	表示担心或推测	Expresses worry or speculation	Expresa preocupación o suposición	HSK4
空	空	kòng	to leave empty, to free up; free, unoccupied; free time	tiempo libre; dejar libre	你今天有空吗？	Do you have free time today?	¿Tienes tiempo libre hoy?	时间 (shíjiān) - time	时间 (shíjiān) - tiempo	没有被占用的时间或地方	Time or space that is not occupied	Tiempo o espacio que no está ocupado	HSK4
口语	口語	kǒuyǔ	spoken language, oral speech	lengua hablada, expresión oral	我想提高我的汉语口语水平。	I want to improve my spoken Chinese.	Quiero mejorar mi nivel de chino oral.			日常说话使用的语言	The language used in everyday speech	Lenguaje que se usa al hablar cotidianamente	HSK4
苦	苦	kǔ	bitter	amargo	这种药很苦。	This medicine is very bitter.	Esta medicina es muy amarga.			像黄连、苦瓜那样的味道	A taste like that of bitter herbs or bitter melon	Sabor como el de la hierba amarga o el melón amargo	HSK4
快餐	快餐	kuàicān	fast food	comida rápida	我们中午吃快餐吧。	Let's have fast food for lunch.	Comamos comida rápida al mediodía.			能快速做好、方便食用的饭菜	Food that can be prepared quickly and eaten conveniently	Comida que se prepara rápidamente y es fácil de comer	HSK4
快递	快遞	kuàidì	express delivery, courier	mensajería, paquetería	我的快递今天到了。	My package arrived today.	Mi paquete llegó hoy.			快速传递包裹的服务	A service for quickly delivering packages	Servicio para entregar paquetes rápidamente	HSK4
快速	快速	kuàisù	fast, rapid, high-speed	rápido, veloz	这是一种快速有效的方法。	This is a fast and effective method.	Este es un método rápido y eficaz.	迅速 (xùnsù) - rapid	迅速 (xùnsù) - veloz	速度很快	Very fast in speed	Que tiene mucha velocidad	HSK4
困	困	kùn	sleepy, drowsy, tired	con sueño, somnoliento	我今天很困，想睡觉。	I'm very sleepy today, I want to sleep.	Hoy tengo mucho sueño, quiero dormir.			想睡觉的感觉	The feeling of wanting to sleep	Sensación de querer dormir	HSK4
困难	困難	kùnnan	difficult, hard; difficulty, hardship	difícil; dificultad	学习一门新语言并不困难。	Learning a new language is not difficult.	Aprender un idioma nuevo no es difícil.	艰难 (jiānnán) - hard	艰难 (jiānnán) - arduo	事情复杂，做起来不容易	A matter that is complicated and not easy to do	Algo complicado y difícil de realizar	HSK4
拉	拉	lā	to pull, to drag, to draw	tirar de, jalar	请帮我拉一下门。	Please help me pull the door.	Por favor, ayúdame a tirar de la puerta.			用力使物体朝自己方向移动	To use force to move an object toward oneself	Usar fuerza para mover un objeto hacia uno mismo	HSK4
垃圾	垃圾	lājī	garbage, trash, rubbish	basura	请把垃圾扔进垃圾桶。	Please throw the trash into the trash can.	Por favor, tira la basura al cubo de basura.			没有用的、丢弃的东西	Useless things that are discarded	Cosas inútiles que se desechan	HSK4
辣	辣	là	hot, spicy	picante	四川菜一般都很辣。	Sichuan food is generally very spicy.	La comida de Sichuan generalmente es muy picante.			像辣椒一样刺激的味道	A stimulating taste like that of chili peppers	Sabor picante como el del chile	HSK4
来不及	來不及	láibují	there's not enough time, it's too late to do something	no dar tiempo, ser demasiado tarde	快走吧，不然就来不及了。	Let's go quickly, otherwise it will be too late.	Vámonos rápido, o si no será demasiado tarde.			时间不够，无法赶上	Not having enough time to catch up on something	No tener tiempo suficiente para llegar a algo	HSK4
来得及	來得及	láidejí	there's still time, can make it in time	dar tiempo, llegar a tiempo	现在出发还来得及。	If we leave now, we can still make it in time.	Si salimos ahora, todavía llegamos a tiempo.			时间还够，能够赶上	Having enough time to still catch up on something	Tener tiempo suficiente para llegar a algo	HSK4
懒	懶	lǎn	lazy, idle	perezoso, vago	他很懒，不喜欢做家务。	He is very lazy and doesn't like doing housework.	Es muy perezoso y no le gusta hacer las tareas del hogar.	懒惰 (lǎnduò) - lazy	懒惰 (lǎnduò) - perezoso	不愿意花力气做事	Unwilling to make an effort to do things	No querer hacer esfuerzo para hacer las cosas	HSK4
浪费	浪費	làngfèi	to waste, to squander	desperdiciar, malgastar	不要浪费时间了，快点做作业。	Don't waste time, hurry up and do your homework.	No pierdas el tiempo, haz la tarea rápido.	糟蹋 (zāotà) - to waste, to spoil	糟蹋 (zāotà) - desperdiciar, estropear	指对财物、时间等用得不当或没有节制	To use money, time, etc. improperly or without restraint	Usar dinero, tiempo, etc. de forma inadecuada o sin moderación	HSK4
浪漫	浪漫	làngmàn	romantic	romántico	他们在海边度过了一个浪漫的晚上。	They spent a romantic evening by the sea.	Pasaron una noche romántica junto al mar.			富有诗意，充满幻想色彩	Full of poetic and fanciful charm	Lleno de poesía y fantasía	HSK4
老虎	老虎	lǎohǔ	tiger	tigre	动物园里有一只很大的老虎。	There is a very big tiger in the zoo.	Hay un tigre muy grande en el zoológico.			一种凶猛的大型猫科动物，身上有黑色条纹	A fierce large feline with black stripes	Un felino grande y feroz con rayas negras	HSK4
老家	老家	lǎojiā	hometown	pueblo natal	春节的时候，很多人都回老家过年。	During Spring Festival, many people go back to their hometown to celebrate.	Durante el Año Nuevo chino, mucha gente vuelve a su pueblo natal para celebrarlo.	故乡 (gùxiāng) - hometown	故乡 (gùxiāng) - tierra natal	指自己出生或长期居住的地方	The place where one was born or has lived for a long time	El lugar donde uno nació o ha vivido durante mucho tiempo	HSK4
老年	老年	lǎonián	old age, elderly	vejez, ancianidad	他老年的时候喜欢在公园里散步。	In his old age, he likes to take walks in the park.	En su vejez, le gusta pasear por el parque.			指人生命中年纪较大的阶段	The stage of life when a person is elderly	La etapa de la vida en que una persona es mayor	HSK4
老是	老是	lǎoshì	always, constantly	siempre, constantemente	他老是迟到，老师很生气。	He is always late, and the teacher is very angry.	Él siempre llega tarde, y la profesora está muy enfadada.	总是 (zǒngshì) - always	总是 (zǒngshì) - siempre	表示情况经常发生，没有改变	Indicates that something happens frequently without change	Indica que algo ocurre con frecuencia sin cambiar	HSK4
冷静	冷靜	lěngjìng	calm, cool-headed	tranquilo, sereno	遇到问题的时候要冷静，不要着急。	When you encounter a problem, stay calm and don't panic.	Cuando surge un problema, hay que mantener la calma y no ponerse nervioso.	镇定 (zhèndìng) - composed, calm	镇定 (zhèndìng) - sereno, calmado	形容人遇事沉着，不冲动	Describes a person who stays composed and is not impulsive when facing things	Describe a una persona serena y no impulsiva ante los problemas	HSK4
理发	理髮	lǐfà	to have a haircut, to cut hair	cortarse el pelo	我周末要去理发店理发。	I'm going to the barbershop to get a haircut this weekend.	Este fin de semana voy a la peluquería a cortarme el pelo.	剪头发 (jiǎn tóufa) - to cut hair	剪头发 (jiǎn tóufa) - cortar el pelo	修剪头发	To trim or cut one's hair	Cortar o arreglar el cabello	HSK4
理解	理解	lǐjiě	to understand, to comprehend	comprender, entender	我能理解你现在的心情。	I can understand how you feel right now.	Puedo entender cómo te sientes ahora.	明白 (míngbai) - to understand	明白 (míngbai) - entender	指懂得某件事情的意思或道理	To grasp the meaning or reasoning of something	Comprender el significado o la razón de algo	HSK4
礼貌	禮貌	lǐmào	courtesy, politeness; polite	cortesía, educado	见到长辈要有礼貌地打招呼。	When you see elders, you should greet them politely.	Al ver a los mayores, hay que saludarlos con cortesía.	客气 (kèqi) - polite	客气 (kèqi) - cortés	言语、行为上尊重别人的表现	Behavior or speech that shows respect for others	Comportamiento o forma de hablar que muestra respeto hacia los demás	HSK4
理想	理想	lǐxiǎng	ideal, dream	ideal	成为一名医生是他从小的理想。	Becoming a doctor has been his dream since childhood.	Convertirse en médico ha sido su ideal desde pequeño.	梦想 (mèngxiǎng) - dream	梦想 (mèngxiǎng) - sueño	对未来事物的美好想象或希望达到的目标	A hoped-for goal or beautiful vision of the future	Una meta deseada o una visión hermosa del futuro	HSK4
厉害	厲害	lìhai	severe, fierce; impressive, excellent	impresionante, formidable	他的中文说得真厉害。	His Chinese is really impressive.	Su chino es realmente impresionante.	了不起 (liǎobuqǐ) - amazing	了不起 (liǎobuqǐ) - extraordinario	形容程度深，能力强或情况严重	Describes something to a great degree, strong ability, or a serious situation	Describe algo en alto grado, gran habilidad o una situación grave	HSK4
力气	力氣	lìqi	strength, physical power	fuerza física	搬这张桌子需要很大的力气。	Moving this table requires a lot of strength.	Mover esta mesa requiere mucha fuerza.	力量 (lìliàng) - strength	力量 (lìliàng) - fuerza	指身体活动时所用的气力	The physical energy used when the body moves	La energía física que se usa al mover el cuerpo	HSK4
例如	例如	lìrú	for example, such as	por ejemplo	我喜欢很多水果，例如苹果、香蕉和西瓜。	I like many fruits, for example apples, bananas, and watermelon.	Me gustan muchas frutas, por ejemplo las manzanas, los plátanos y la sandía.	比如 (bǐrú) - for example	比如 (bǐrú) - por ejemplo	用于举例说明	Used to give an example	Se usa para poner un ejemplo	HSK4
例子	例子	lìzi	example, instance	ejemplo	老师举了一个例子帮助我们理解语法。	The teacher gave an example to help us understand the grammar.	El profesor puso un ejemplo para ayudarnos a entender la gramática.			用来说明情况的具体事例	A concrete instance used to illustrate a situation	Un caso concreto que se usa para explicar una situación	HSK4
俩	倆	liǎ	two, both	los dos, ambos	我们俩是好朋友。	The two of us are good friends.	Los dos somos buenos amigos.	两个 (liǎng gè) - two	两个 (liǎng gè) - dos	口语中"两个"的意思	A colloquial way of saying "two"	Forma coloquial de decir "dos"	HSK4
连	連	lián	even, including; to connect, to link	incluso; conectar	他连一句话都没说就走了。	He left without even saying a single word.	Se fue sin decir ni una sola palabra.	甚至 (shènzhì) - even	甚至 (shènzhì) - incluso	表示强调，引出突出的事例；也指连接	Used for emphasis to introduce a striking example; also means to connect	Se usa para dar énfasis introduciendo un ejemplo destacado; también significa conectar	HSK4
联系	聯繫	liánxì	to contact, to connect	contactar, conectar	有事请随时跟我联系。	If anything comes up, please contact me anytime.	Si pasa algo, contáctame en cualquier momento.	联络 (liánluò) - to contact	联络 (liánluò) - contactar	指人与人或事物之间发生关系或取得联络	To establish a relationship or get in touch between people or things	Establecer una relación o ponerse en contacto entre personas o cosas	HSK4
凉	涼	liáng	cool, cold	fresco, frío	秋天到了，天气渐渐凉了。	Autumn has arrived, and the weather is gradually getting cool.	Ha llegado el otoño y el clima se está volviendo fresco poco a poco.	冷 (lěng) - cold	冷 (lěng) - frío	温度低，但不十分冷	Low temperature, but not very cold	Temperatura baja, pero no muy fría	HSK4
量	量	liáng	to measure, to weigh	medir	医生给他量了一下体重。	The doctor measured his weight for him.	El médico le midió el peso.	测量 (cèliáng) - to measure	测量 (cèliáng) - medir	用工具确定事物的长度、重量等	To determine the length, weight, etc. of something using a tool	Determinar la longitud, el peso, etc. de algo con una herramienta	HSK4
亮	亮	liàng	bright, light; to shine, to show	brillante; iluminarse	房间里的灯很亮。	The light in the room is very bright.	La luz de la habitación es muy brillante.	明亮 (míngliàng) - bright	明亮 (míngliàng) - luminoso	光线强，明亮	Strong light, bright	Luz intensa, luminoso	HSK4
列	列	liè	to arrange in a row, to list; measure word for rows or lines	enumerar; fila	请把你的要求都列出来。	Please list all your requirements.	Por favor, enumera todos tus requisitos.			依次排列或用于成行的事物	To arrange in order, or a measure word for things in a row	Ordenar en secuencia, o medida para cosas dispuestas en fila	HSK4
零下	零下	líng xià	below zero	bajo cero	今天的气温是零下五度。	Today's temperature is five degrees below zero.	La temperatura de hoy es cinco grados bajo cero.			温度低于零度	Temperature lower than zero degrees	Temperatura inferior a cero grados	HSK4
零花钱	零花錢	línghuāqián	pocket money, spending money	dinero de bolsillo	妈妈每个月给我一些零花钱。	My mom gives me some pocket money every month.	Mi mamá me da algo de dinero de bolsillo cada mes.	零用钱 (língyòngqián) - pocket money	零用钱 (língyòngqián) - dinero de bolsillo	供日常零星花费的钱	Money for small daily expenses	Dinero para pequeños gastos diarios	HSK4
零钱	零錢	língqián	change, small denominations of money	cambio, monedas sueltas	你有零钱吗？我想买瓶水。	Do you have any change? I want to buy a bottle of water.	¿Tienes cambio? Quiero comprar una botella de agua.			指面值小的钱，也指找回的零头钱	Money in small denominations, or the change given back	Dinero de baja denominación, o el cambio que se devuelve	HSK4
零食	零食	língshí	snacks, between-meal nibbles	golosinas, aperitivos	小孩子都很喜欢吃零食。	Children all really like eating snacks.	A los niños les encanta comer golosinas.	小吃 (xiǎochī) - snack	小吃 (xiǎochī) - aperitivo	正餐以外吃的食品	Food eaten outside of regular meals	Comida que se consume fuera de las comidas principales	HSK4
另	另	lìng	other, another; separately	otro; aparte	这个颜色不好看，我想换另一个。	This color doesn't look good, I want to change to another one.	Este color no es bonito, quiero cambiarlo por otro.	别的 (biéde) - other	别的 (biéde) - otro	表示另外的、别的	Indicates something different or additional	Indica algo distinto o adicional	HSK4
另外	另外	lìngwài	other, else; in addition, moreover	otro; además	我买了一件衣服，另外还买了一双鞋。	I bought a piece of clothing, and I also bought a pair of shoes.	Compré una prenda de ropa, y además compré un par de zapatos.	此外 (cǐwài) - in addition	此外 (cǐwài) - además	表示在提到的事物之外，还有别的	Indicates something beyond what has already been mentioned	Indica algo más aparte de lo ya mencionado	HSK4
留	留	liú	to stay, to remain, to keep	quedarse, dejar	他决定留在北京工作。	He decided to stay in Beijing to work.	Decidió quedarse en Pekín para trabajar.	呆 (dāi) - to stay	呆 (dāi) - quedarse	使人或事物继续存在或不离开	To make a person or thing continue to exist or not leave	Hacer que una persona o cosa siga existiendo o no se vaya	HSK4
流	流	liú	to flow, to circulate	fluir, correr	河水慢慢地向东流去。	The river water slowly flows eastward.	El agua del río fluye lentamente hacia el este.			液体移动或流动	The movement or flow of liquid	El movimiento o desplazamiento de un líquido	HSK4
流利	流利	liúlì	fluent, smooth	fluido (idioma)	她的英语说得很流利。	She speaks English very fluently.	Ella habla inglés con mucha fluidez.			形容说话或文字顺畅，不生硬	Describes speech or writing that is smooth and not stilted	Describe el habla o la escritura fluida y sin trabas	HSK4
留下	留下	liúxia	to leave behind, to remain	dejar, quedarse	他把手机留下了，忘了带走。	He left his phone behind, forgot to take it with him.	Se dejó el móvil, se olvidó de llevárselo.			使人或物继续存在于某处，不带走	To keep a person or thing in a place without taking it away	Hacer que una persona o cosa permanezca en un lugar sin llevársela	HSK4
流行	流行	liúxíng	to be popular, to be in fashion, to spread	estar de moda, popularizarse	这首歌最近很流行。	This song has been very popular recently.	Esta canción está muy de moda últimamente.	时髦 (shímáo) - fashionable	时髦 (shímáo) - de moda	在一定时期内广泛传播或盛行	To spread widely or be prevalent during a certain period	Difundirse ampliamente o predominar durante un periodo	HSK4
路过	路過	lùguò	to pass by, to go by	pasar por	我路过商店的时候买了一些水果。	I bought some fruit when I passed by the shop.	Compré algo de fruta cuando pasé por la tienda.	经过 (jīngguò) - to pass through	经过 (jīngguò) - pasar por	中途经过某个地方	To pass through a place on the way somewhere	Pasar por un lugar de camino a otro sitio	HSK4
旅馆	旅館	lǚguǎn	hotel, inn	hostal, hotel	我们在这家旅馆住了三天。	We stayed at this hotel for three days.	Nos alojamos en este hostal durante tres días.	酒店 (jiǔdiàn) - hotel	酒店 (jiǔdiàn) - hotel	供旅客住宿的地方	A place providing lodging for travelers	Un lugar que ofrece alojamiento a los viajeros	HSK4
旅客	旅客	lǚkè	traveler, passenger	pasajero, viajero	车站里挤满了旅客。	The station was packed with passengers.	La estación estaba llena de pasajeros.	乘客 (chéngkè) - passenger	乘客 (chéngkè) - pasajero	外出旅行或乘坐交通工具的人	A person traveling or riding on transportation	Una persona que viaja o usa un medio de transporte	HSK4
旅行	旅行	lǚxíng	to travel	viajar	暑假我打算去国外旅行。	This summer vacation I plan to travel abroad.	En las vacaciones de verano pienso viajar al extranjero.	旅游 (lǚyóu) - to travel, to tour	旅游 (lǚyóu) - viajar, hacer turismo	去外地或外国游览、办事	To travel to another place or country for sightseeing or business	Ir a otro lugar o país para hacer turismo o gestiones	HSK4
律师	律師	lǜshī	lawyer, attorney	abogado	他是一名非常有经验的律师。	He is a very experienced lawyer.	Es un abogado con mucha experiencia.			依法为当事人提供法律帮助的专业人员	A professional who legally provides legal assistance to clients	Un profesional que ofrece asistencia legal a sus clientes conforme a la ley	HSK4
乱	亂	luàn	messy, disorderly; arbitrarily, recklessly	desordenado; sin orden	他的房间总是很乱。	His room is always messy.	Su habitación siempre está desordenada.	杂乱 (záluàn) - messy	杂乱 (záluàn) - desordenado	没有秩序，杂乱无章	Without order, chaotic	Sin orden, caótico	HSK4
落	落	luò	to fall, to drop, to land	caer	秋天到了，树叶都落下来了。	Autumn has come, and the leaves have all fallen.	Ha llegado el otoño y las hojas se han caído.	掉 (diào) - to fall, to drop	掉 (diào) - caer	从高处向下降	To descend from a higher place	Descender desde un lugar más alto	HSK4
麻烦	麻煩	máfan	troublesome, annoying; to trouble, to bother; trouble	molesto; molestar; problema	麻烦你帮我把门关一下。	Sorry to bother you, could you close the door for me?	Perdona la molestia, ¿podrías cerrarme la puerta?	费事 (fèishì) - troublesome	费事 (fèishì) - laborioso	指使人费事或难以处理的事情	Refers to something that causes extra work or is hard to deal with	Se refiere a algo que causa molestias o es difícil de manejar	HSK4
馒头	饅頭	mántou	steamed bun, mantou	mantou (pan al vapor)	北方人早餐常常吃馒头。	Northerners often eat steamed buns for breakfast.	La gente del norte suele comer mantou en el desayuno.			一种用面粉发酵蒸成的食品，没有馅	A steamed food made from fermented flour, without filling	Un alimento hecho de harina fermentada y cocido al vapor, sin relleno	HSK4
满	滿	mǎn	full, filled; to fill	lleno; llenar	杯子里的水已经满了。	The water in the cup is already full.	El agua del vaso ya está llena.	充满 (chōngmǎn) - full of	充满 (chōngmǎn) - lleno de	容器中的东西达到了容量的极限	When the contents of a container reach its capacity limit	Cuando el contenido de un recipiente llega al límite de su capacidad	HSK4
毛巾	毛巾	máojīn	towel	toalla	请把毛巾挂在浴室里。	Please hang the towel in the bathroom.	Por favor, cuelga la toalla en el baño.			用来擦手、擦脸或擦身体的布	A cloth used to wipe hands, face, or body	Un paño que se usa para secarse las manos, la cara o el cuerpo	HSK4
毛衣	毛衣	máoyī	sweater, woolen garment	jersey, suéter	天冷了，我要穿上毛衣。	It's getting cold, I need to put on a sweater.	Hace frío, tengo que ponerme el jersey.	针织衫 (zhēnzhīshān) - knitwear	针织衫 (zhēnzhīshān) - prenda de punto	用毛线织成的上衣	An upper garment knitted from wool yarn	Una prenda superior tejida con lana	HSK4
帽子	帽子	màozi	hat, cap	sombrero, gorro	外面很晒，戴上帽子吧。	It's very sunny outside, put on a hat.	Hace mucho sol fuera, ponte un sombrero.			戴在头上保暖或遮阳的物品	An item worn on the head to keep warm or block the sun	Un objeto que se lleva en la cabeza para abrigarse o protegerse del sol	HSK4
美	美	měi	beautiful, pretty	bonito, hermoso	这里的风景真美。	The scenery here is truly beautiful.	El paisaje aquí es realmente hermoso.	漂亮 (piàoliang) - pretty	漂亮 (piàoliang) - bonito	形容使人看了愉快、舒服的	Describes something pleasing or delightful to look at	Describe algo agradable y placentero de ver	HSK4
美好	美好	měihǎo	beautiful, splendid	hermoso, maravilloso	祝你有一个美好的未来。	I wish you a beautiful future.	Te deseo un futuro maravilloso.	美妙 (měimiào) - wonderful	美妙 (měimiào) - maravilloso	多用于形容生活、愿望等，使人感到幸福、满意	Often used to describe life, wishes, etc., that make people feel happy and satisfied	Se usa para describir la vida, los deseos, etc., que hacen sentir felicidad y satisfacción	HSK4
美景	美景	měijǐng	beautiful scenery	paisaje hermoso	站在山顶，可以看到山下的美景。	Standing on the mountaintop, you can see the beautiful scenery below.	De pie en la cima de la montaña, se puede ver el hermoso paisaje de abajo.	风景 (fēngjǐng) - scenery	风景 (fēngjǐng) - paisaje	美丽的景色	Beautiful scenery or view	Un paisaje o vista hermosa	HSK4
美丽	美麗	měilì	beautiful, lovely	hermoso, bello	她是一个美丽的女孩。	She is a beautiful girl.	Ella es una chica hermosa.	漂亮 (piàoliang) - pretty	漂亮 (piàoliang) - bonito	形容人或事物好看，给人美感	Describes a person or thing as good-looking, giving an aesthetic pleasure	Describe a una persona o cosa como atractiva, que produce placer estético	HSK4
美食	美食	měishí	delicious food; cuisine	comida deliciosa	这家餐厅有很多美食。	This restaurant has a lot of delicious food.	Este restaurante tiene mucha comida deliciosa.	佳肴 (jiā yáo) - delicacy	佳肴 (jiā yáo) - manjar	味道鲜美的食物	Delicious food	Comida de sabor delicioso	HSK4
梦	夢	mèng	dream; to dream	sueño; soñar	我昨晚做了一个奇怪的梦。	I had a strange dream last night.	Anoche tuve un sueño extraño.			睡觉时脑中出现的景象	Images that appear in the mind during sleep	Imágenes que aparecen en la mente al dormir	HSK4
梦想	夢想	mèngxiǎng	dream; aspiration; to dream of	sueño; ilusión	每个人都有自己的梦想。	Everyone has their own dream.	Cada persona tiene su propio sueño.	理想 (lǐ xiǎng) - ideal	理想 (lǐ xiǎng) - ideal	渴望实现的理想或愿望	An ideal or wish one longs to achieve	Un ideal o deseo que se anhela alcanzar	HSK4
密码	密碼	mìmǎ	password; PIN code	contraseña	请输入你的密码。	Please enter your password.	Por favor introduce tu contraseña.			用于身份验证的一组数字或字符	A set of numbers or characters used for identity verification	Un conjunto de números o caracteres usado para verificar la identidad	HSK4
免费	免費	miǎnfèi	free of charge; to be free	gratis	这个活动免费参加。	This event is free to attend.	Este evento es gratis para participar.			不需要付钱	Not requiring payment	No requiere pago	HSK4
面对	面對	miànduì	to face; to confront	enfrentar; afrontar	我们要勇敢面对困难。	We must bravely face difficulties.	Debemos enfrentar las dificultades con valentía.	面临 (miàn lín) - to face	面临 (miàn lín) - afrontar	面向,遇到问题或情况	To turn toward or encounter a problem or situation	Encarar o encontrarse con un problema o situación	HSK4
面试	面試	miànshì	interview; to interview	entrevista; entrevistar	明天我要去公司面试。	Tomorrow I have to go to the company for an interview.	Mañana tengo que ir a la empresa a una entrevista.			当面进行的求职考核	A face-to-face assessment for a job application	Una evaluación cara a cara para solicitar un empleo	HSK4
秒	秒	miǎo	second (unit of time)	segundo	比赛还剩十秒。	There are ten seconds left in the match.	Quedan diez segundos para que termine la competencia.			时间单位,一分钟的六十分之一	A unit of time, one sixtieth of a minute	Una unidad de tiempo, la sesentava parte de un minuto	HSK4
民族	民族	mínzú	ethnic group; nationality	etnia; nacionalidad	中国有五十六个民族。	China has fifty-six ethnic groups.	China tiene cincuenta y seis etnias.			具有共同语言、文化和历史的人群	A group of people sharing a common language, culture, and history	Un grupo de personas que comparten idioma, cultura e historia comunes	HSK4
末	末	mò	end; last	final; fin	我打算月末去旅游。	I plan to travel at the end of the month.	Planeo viajar a finales de mes.	尾 (wěi) - tail; end	尾 (wěi) - final	最后的部分,尽头	The last part; the end	La última parte; el final	HSK4
母女	母女	mǔnǚ	mother and daughter	madre e hija	她们母女俩长得很像。	The mother and daughter look very much alike.	La madre y la hija se parecen mucho.			母亲和女儿	Mother and daughter	Madre e hija	HSK4
母亲	母親	mǔqīn	mother	madre	母亲节我要送妈妈花。	On Mother's Day I will give my mom flowers.	El Día de la Madre le regalaré flores a mi mamá.	妈妈 (mā ma) - mom	妈妈 (mā ma) - mamá	有子女的女性,对子女而言的女性长辈	A woman who has children; a female parent	Una mujer que tiene hijos; progenitora femenina	HSK4
母子	母子	mǔzǐ	mother and son	madre e hijo	母子两人一起散步。	The mother and son take a walk together.	La madre y el hijo pasean juntos.			母亲和儿子	Mother and son	Madre e hijo	HSK4
目标	目標	mùbiāo	goal; target; objective	objetivo; meta	我的目标是学好中文。	My goal is to learn Chinese well.	Mi meta es aprender bien chino.	目的 (mù dì) - purpose	目的 (mù dì) - propósito	想要达到的目的或对象	The purpose or object one wants to achieve	El propósito u objeto que se desea alcanzar	HSK4
目的	目的	mùdì	purpose; aim; goal	propósito; fin	他学习中文的目的是找工作。	His purpose in learning Chinese is to find a job.	Su propósito al aprender chino es encontrar trabajo.	目标 (mù biāo) - goal	目标 (mù biāo) - meta	想要达到的结果	The result one wants to achieve	El resultado que se desea alcanzar	HSK4
目的地	目的地	mùdìdì	destination	destino	我们的目的地是北京。	Our destination is Beijing.	Nuestro destino es Pekín.			要到达的地方	The place one intends to reach	El lugar al que se desea llegar	HSK4
目前	目前	mùqián	currently; at present	actualmente; por ahora	目前我还没有找到工作。	At present, I still haven't found a job.	Por ahora todavía no he encontrado trabajo.	现在 (xiàn zài) - now	现在 (xiàn zài) - ahora	说话时的这个时候	The present moment, at the time of speaking	El momento actual, en el instante en que se habla	HSK4
耐心	耐心	nàixīn	patience; patient	paciencia; paciente	老师对学生很有耐心。	The teacher is very patient with the students.	El profesor tiene mucha paciencia con los estudiantes.			不急躁,能长久忍耐	Not impatient; able to endure for a long time	No ser impaciente; capacidad de aguantar mucho tiempo	HSK4
南部	南部	nánbù	southern part; south	sur; parte sur	他住在中国南部。	He lives in southern China.	Él vive en el sur de China.	南方 (nán fāng) - south	南方 (nán fāng) - sur	南边的地区	The region to the south	La región situada al sur	HSK4
难道	難道	nándào	could it be that...?; don't tell me	acaso; no me digas que	难道你不知道这件事吗?	Don't tell me you don't know about this?	¿Acaso no sabes esto?			用于反问句,加强语气	Used in rhetorical questions to strengthen tone	Se usa en preguntas retóricas para reforzar el tono	HSK4
男士	男士	nánshì	man; gentleman	caballero; hombre	这件衣服是男士专用的。	This piece of clothing is for men only.	Esta ropa es exclusiva para hombres.			对成年男子的尊称	A polite term for an adult man	Una forma respetuosa de referirse a un hombre adulto	HSK4
难受	難受	nánshòu	uncomfortable; to feel unwell; sad	incómodo; sentirse mal	我肚子疼,很难受。	My stomach hurts, I feel very uncomfortable.	Me duele el estómago, me siento muy mal.	不舒服 (bù shū fu) - uncomfortable	不舒服 (bù shū fu) - incómodo	身体不舒服或心里痛苦	Physically unwell or emotionally distressed	Sentirse mal físicamente o sufrir emocionalmente	HSK4
难忘	難忘	nánwàng	unforgettable	inolvidable	这是一次难忘的旅行。	This was an unforgettable trip.	Este fue un viaje inolvidable.			难以忘记	Hard to forget	Difícil de olvidar	HSK4
男性	男性	nánxìng	male; masculine	masculino; varón	这个岗位不限男性或女性。	This position is not restricted to male or female.	Este puesto no está limitado a hombres o mujeres.			男子的性别	The male gender	El género masculino	HSK4
内	內	nèi	inside; within	dentro; interior	请在三天内回复。	Please reply within three days.	Por favor responde dentro de tres días.	里 (lǐ) - inside	里 (lǐ) - dentro	里面,范围之内	Inside; within a range	Dentro; dentro de un rango o límite	HSK4
内容	內容	nèiróng	content; substance	contenido	这本书的内容很有意思。	The content of this book is very interesting.	El contenido de este libro es muy interesante.			事物内部所包含的东西	What is contained within something	Lo que algo contiene en su interior	HSK4
内心	內心	nèixīn	heart; inner self	interior; corazón	她内心很感动。	She was deeply moved inside.	En su interior, ella estaba muy conmovida.	心里 (xīn lǐ) - inside one's heart	心里 (xīn lǐ) - en el corazón	心里,内在的思想感情	Inner thoughts and feelings	Los pensamientos y sentimientos internos	HSK4
能否	能否	néng fǒu	whether or not; can or cannot	si es posible o no; poder o no	我不知道他能否来参加会议。	I don't know whether he can attend the meeting.	No sé si él puede asistir a la reunión.			能不能,是否可以	Can or cannot; whether it is possible	Poder o no poder; si es posible	HSK4
能够	能夠	nénggòu	can; be able to; be capable of	poder; ser capaz de	我相信你能够做到。	I believe you can do it.	Creo que puedes lograrlo.	可以 (kě yǐ) - can	可以 (kě yǐ) - poder	表示有能力或条件做某事	Indicates having the ability or conditions to do something	Indica tener la capacidad o las condiciones para hacer algo	HSK4
能力	能力	nénglì	ability; capability	capacidad; habilidad	他的工作能力很强。	His work ability is very strong.	Su capacidad de trabajo es muy buena.			能胜任某事的主观条件	The personal capacity to be competent at something	La capacidad personal para poder hacer algo	HSK4
嗯	嗯	ǹg	uh-huh; hmm; yeah	eh; ajá	嗯,我知道了。	Uh-huh, I understand.	Ajá, ya entendí.			表示答应或思考的语气词	An interjection expressing agreement or thinking	Una interjección que expresa asentimiento o reflexión	HSK4
年底	年底	niándǐ	end of the year	fin de año	我们公司年底会发奖金。	Our company gives bonuses at the end of the year.	Nuestra empresa da bonos a fin de año.			一年将要结束的时候	The time when a year is about to end	El momento en que un año está por terminar	HSK4
年龄	年齡	niánlíng	age	edad	请问你的年龄是多少?	May I ask how old you are?	¿Cuál es tu edad, por favor?			一个人从出生到现在的岁数	The number of years a person has lived since birth	El número de años que una persona ha vivido desde su nacimiento	HSK4
农村	農村	nóngcūn	rural area; countryside	zona rural; campo	我爷爷住在农村。	My grandfather lives in the countryside.	Mi abuelo vive en el campo.	乡下 (xiāng xià) - countryside	乡下 (xiāng xià) - campo	以农业生产为主的地区	An area mainly engaged in agricultural production	Una zona dedicada principalmente a la producción agrícola	HSK4
弄	弄	nòng	to do; to handle; to make	hacer; manejar	你把房间弄乱了。	You've made the room a mess.	Has dejado la habitación desordenada.	搞 (gǎo) - to do	搞 (gǎo) - hacer	做,办理,搞	To do; to handle; to make	Hacer, manejar, realizar	HSK4
女性	女性	nǚxìng	female; woman	femenino; mujer	越来越多的女性开始独立创业。	More and more women are starting their own businesses independently.	Cada vez más mujeres emprenden negocios de forma independiente.	女子 (nǚ zǐ) - woman	女子 (nǚ zǐ) - mujer	女子的性别	The female gender	El género femenino	HSK4
暖和	暖和	nuǎnhuo	warm; to warm up	cálido; calentarse	今天天气很暖和。	The weather is very warm today.	Hoy hace un tiempo muy cálido.	温暖 (wēn nuǎn) - warm	温暖 (wēn nuǎn) - cálido	温度适中,不冷不热	Moderate temperature, neither cold nor hot	Temperatura agradable, ni fría ni calurosa	HSK4
偶尔	偶爾	ǒu'ěr	occasionally; sometimes	ocasionalmente; de vez en cuando	我偶尔会去看电影。	I occasionally go to watch movies.	De vez en cuando voy al cine.	有时 (yǒu shí) - sometimes	有时 (yǒu shí) - a veces	不经常,间或	Not often; from time to time	No con frecuencia; de vez en cuando	HSK4
拍	拍	pāi	to pat; to clap; to take (a photo)	golpear suavemente; fotografiar	我们在长城拍了很多照片。	We took a lot of photos at the Great Wall.	Tomamos muchas fotos en la Gran Muralla.			用手掌轻轻打,或用相机记录影像	To hit lightly with the palm, or to record an image with a camera	Golpear suavemente con la palma, o captar una imagen con una cámara	HSK4
排	排	pái	to line up, to arrange; row, line	formar fila; hilera	前面一排坐的都是学生。	The people sitting in the front row are all students.	Los que están sentados en la fila delantera son todos estudiantes.	行 (háng) - row	行 (háng) - fila	按顺序摆放,或指成行的事物	To arrange in order, or a line of things	Colocar en orden, o una fila de cosas	HSK4
牌	牌	pái	card; brand; plaque; sign	tarjeta; marca; placa	他们在玩牌。	They are playing cards.	Ellos están jugando a las cartas.			用木头、金属等制成的标志物或用于游戏的卡片	A marker made of wood, metal, etc., or a card used for games	Un objeto de madera, metal, etc. usado como señal, o una carta para jugar	HSK4
排队	排隊	páiduì	to line up; to queue up	hacer fila; hacer cola	大家都在排队买票。	Everyone is lining up to buy tickets.	Todos están haciendo fila para comprar boletos.			按先后顺序排成一行	To form a line in sequential order	Formar una fila en orden de llegada	HSK4
排球	排球	páiqiú	volleyball	voleibol	他每周都打排球。	He plays volleyball every week.	Él juega voleibol cada semana.			一种球类运动	A type of ball sport	Un deporte de pelota	HSK4
牌子	牌子	páizi	brand; sign; label	marca; letrero	这个牌子的手机很受欢迎。	This brand of phone is very popular.	Esta marca de teléfono es muy popular.	品牌 (pǐn pái) - brand	品牌 (pǐn pái) - marca	商标,或写有文字的标志牌	A trademark, or a sign with writing on it	Una marca comercial, o un letrero con texto	HSK4
判断	判斷	pànduàn	to judge; to determine	juzgar; determinar	我们要根据事实来判断。	We should judge based on the facts.	Debemos juzgar basándonos en los hechos.	判定 (pàn dìng) - to determine	判定 (pàn dìng) - determinar	根据已知情况分析并做出结论	To analyze based on known information and reach a conclusion	Analizar según la información conocida y llegar a una conclusión	HSK4
陪	陪	péi	to accompany; to keep someone company	acompañar	周末我陪妈妈去买菜。	On the weekend I accompany my mom to buy groceries.	El fin de semana acompaño a mi mamá a comprar verduras.	陪伴 (péi bàn) - to accompany	陪伴 (péi bàn) - acompañar	跟随在旁边,一起做某事	To stay by someone's side and do something together	Estar junto a alguien y hacer algo en compañía	HSK4
批评	批評	pīpíng	to criticize	criticar	老师批评了迟到的学生。	The teacher criticized the students who were late.	El profesor regañó a los estudiantes que llegaron tarde.			对缺点和错误提出意见	To point out shortcomings and mistakes	Señalar defectos y errores	HSK4
皮肤	皮膚	pífū	skin	piel	她的皮肤很白。	Her skin is very fair.	Su piel es muy blanca.			覆盖在人体表面的组织	The tissue covering the surface of the human body	El tejido que cubre la superficie del cuerpo humano	HSK4
脾气	脾氣	píqi	temperament; temper	carácter; genio	他的脾气很好。	He has a very good temper.	Él tiene muy buen carácter.	性格 (xìng gé) - personality	性格 (xìng gé) - personalidad	对人对事的习惯性情绪反应	A habitual emotional reaction to people and things	La reacción emocional habitual ante personas y situaciones	HSK4
皮鞋	皮鞋	píxié	leather shoes	zapatos de cuero	他穿着一双黑色的皮鞋。	He is wearing a pair of black leather shoes.	Él lleva puestos un par de zapatos de cuero negros.			用皮革制作的鞋子	Shoes made of leather	Zapatos hechos de cuero	HSK4
篇	篇	piān	measure word for essays, articles, papers; piece	medida para artículos, ensayos	这篇文章写得很好。	This article is written very well.	Este artículo está muy bien escrito.			用于文章、文字等的量词	A measure word used for articles, essays, or pieces of writing	Medida usada para artículos, ensayos o escritos	HSK4
片	片	piàn	slice, piece; measure word for flat, thin objects	rebanada, trozo; medida para objetos planos	请给我一片面包。	Please give me a slice of bread.	Por favor dame una rebanada de pan.	块 (kuài) - piece	块 (kuài) - trozo	用于薄片状或成片的东西的量词	A measure word for thin, flat, or piece-like things	Medida para cosas delgadas, planas o en forma de trozo	HSK4
乒乓球	乒乓球	pīngpāngqiú	table tennis, ping-pong	tenis de mesa, ping-pong	他每天晚上打乒乓球。	He plays table tennis every evening.	Él juega ping-pong todas las noches.			一种用小球和球拍在球台上进行的运动	A sport played on a table with small balls and paddles	Un deporte que se juega en una mesa con pelotas pequeñas y paletas	HSK4
平常	平常	píngcháng	ordinary, usual; usually	normal, habitual; normalmente	他平常六点起床。	He usually gets up at six o'clock.	Él normalmente se levanta a las seis.	平时 (píng shí) - usually, ordinarily	平时 (píng shí) - normalmente	平时，通常的情况	Normal, usual circumstances; ordinarily	Situación normal o habitual; de costumbre	HSK4
破	破	pò	broken, damaged; to break, to tear	roto, dañado; romper	我的衣服破了一个洞。	There's a hole torn in my clothes.	Mi ropa tiene un agujero roto.	坏 (huài) - broken, bad	坏 (huài) - roto, malo	因损伤而残缺、裂开	Damaged, torn, or cracked due to wear	Dañado, rasgado o agrietado por el desgaste	HSK4
葡萄	葡萄	pútao	grape	uva	这些葡萄很甜。	These grapes are very sweet.	Estas uvas están muy dulces.			一种水果，果实小而圆，常用来酿酒	A fruit that is small and round, often used to make wine	Una fruta pequeña y redonda, usada a menudo para hacer vino	HSK4
葡萄酒	葡萄酒	pútaojiǔ	wine, grape wine	vino	他喜欢喝红葡萄酒。	He likes to drink red wine.	A él le gusta beber vino tinto.			用葡萄酿造的酒	Alcohol made by fermenting grapes	Bebida alcohólica hecha fermentando uvas	HSK4
普遍	普遍	pǔbiàn	widespread, universal, common	generalizado, común, universal	这种现象在城市里很普遍。	This phenomenon is very common in cities.	Este fenómeno es muy común en las ciudades.	一般 (yì bān) - general, common	一般 (yì bān) - general, común	广泛存在的，不是个别的	Widely existing, not an isolated case	Que existe ampliamente, no es un caso aislado	HSK4
普通	普通	pǔtōng	ordinary, common, average	común, ordinario	他是一个普通的学生。	He is an ordinary student.	Él es un estudiante común.	一般 (yì bān) - ordinary, general	一般 (yì bān) - ordinario, general	平常的，不特殊的	Ordinary, not special	Corriente, sin nada especial	HSK4
普通话	普通話	pǔtōnghuà	Mandarin Chinese, standard Chinese	mandarín, chino estándar	你普通话说得真好。	You speak Mandarin really well.	Hablas muy bien el mandarín.			以北京语音为标准音的现代汉民族共同语	The standard modern Chinese language based on Beijing pronunciation	La lengua china estándar moderna basada en la pronunciación de Pekín	HSK4
期	期	qī	period, phase; measure word for issues, terms	periodo, etapa; medida para números de publicación, cursos	这是杂志的最新一期。	This is the latest issue of the magazine.	Este es el número más reciente de la revista.			一段时间；用于分期的事物的量词	A period of time; a measure word for things divided into periods or issues	Un periodo de tiempo; medida para cosas divididas en etapas o números	HSK4
期末	期末	qīmò	end of term, end of semester	fin de semestre, fin de curso	期末考试快到了。	The final exams are coming soon.	Los exámenes finales están por llegar.			一个学期或学年快要结束的时候	The time near the end of a semester or school year	El momento cercano al final de un semestre o año escolar	HSK4
期中	期中	qīzhōng	midterm, middle of the term	mitad de semestre, mitad de curso	期中考试的成绩出来了。	The midterm exam results are out.	Ya salieron las calificaciones del examen de mitad de semestre.			一个学期中间的时候	The middle point of a semester	El punto medio de un semestre	HSK4
其次	其次	qícì	next, secondly, then	en segundo lugar, después	首先要努力学习，其次要注意身体。	First you must study hard, and secondly take care of your health.	Primero hay que estudiar con esfuerzo, y en segundo lugar cuidar la salud.	然后 (rán hòu) - then, afterwards	然后 (rán hòu) - después, luego	次序或重要性排在后面的	Coming next in order or importance	Que ocupa el siguiente lugar en orden o importancia	HSK4
其中	其中	qízhōng	among them, among which, therein	entre ellos, dentro de eso	我们班有三十个学生，其中一半是女生。	There are thirty students in our class, half of whom are girls.	En nuestra clase hay treinta estudiantes, la mitad de ellos son chicas.			那里面，那中间	Within that, among that group	Dentro de eso, entre ese grupo	HSK4
起到	起到	qǐdào	to play the role of, to function as	desempeñar, cumplir (una función)	运动对身体健康起到很好的作用。	Exercise plays a very good role in physical health.	El ejercicio desempeña un papel muy bueno en la salud física.			发挥（某种作用）	To exert or produce (a certain effect or function)	Ejercer o producir (cierto efecto o función)	HSK4
气	氣	qì	air, gas, breath; to get angry, to anger	aire, gas, aliento; enfadarse, enfadar	别生气了，这只是个小问题。	Don't be angry, it's just a small problem.	No te enfades, es solo un pequeño problema.			气体；也指人的情绪，如发怒	Gas or air; also refers to emotion such as anger	Gas o aire; también se refiere a una emoción como el enojo	HSK4
气候	氣候	qìhòu	climate	clima	这里的气候四季分明。	The climate here has four distinct seasons.	El clima aquí tiene cuatro estaciones bien definidas.			一个地区长期的天气状况	The long-term weather pattern of a region	El patrón climático a largo plazo de una región	HSK4
汽水	汽水	qìshuǐ	soda, soft drink	refresco, gaseosa	天气热的时候我喜欢喝汽水。	I like to drink soda when the weather is hot.	Me gusta beber refresco cuando hace calor.	饮料 (yǐn liào) - beverage, drink	饮料 (yǐn liào) - bebida	一种含有二氧化碳的甜味饮料	A sweet carbonated beverage	Una bebida dulce y carbonatada	HSK4
气温	氣溫	qìwēn	air temperature	temperatura del aire	今天的气温是二十五度。	Today's temperature is twenty-five degrees.	La temperatura de hoy es de veinticinco grados.			空气的温度	The temperature of the air	La temperatura del aire	HSK4
千克	千克	qiānkè	kilogram	kilogramo	这个箱子重十千克。	This box weighs ten kilograms.	Esta caja pesa diez kilogramos.	公斤 (gōng jīn) - kilogram	公斤 (gōng jīn) - kilogramo	重量单位，等于一千克，即公斤	A unit of weight equal to one kilogram	Unidad de peso equivalente a un kilogramo	HSK4
千万	千萬	qiānwàn	ten million; absolutely, by all means	diez millones; sin falta, de ninguna manera	过马路的时候千万要小心。	You must be very careful when crossing the street.	Hay que tener mucho cuidado al cruzar la calle, sin falta.			用于告诫，表示务必、一定	Used to give a warning, meaning "must" or "absolutely"	Se usa para advertir, con el sentido de "hay que" o "sin falta"	HSK4
签证	簽證	qiānzhèng	visa; to issue a visa	visado; visar	我正在办理去中国的签证。	I am applying for a visa to go to China.	Estoy tramitando el visado para ir a China.			一国主管机关准许外国人入境的证明	A document issued by a country's authorities allowing a foreigner to enter	Documento emitido por las autoridades de un país que permite la entrada de un extranjero	HSK4
前方	前方	qiánfāng	ahead, in front, the front	adelante, frente	前方就是我们的学校。	Our school is right ahead.	Justo adelante está nuestra escuela.	前面 (qián mian) - front, ahead	前面 (qián mian) - delante, adelante	面对的方向，正前面	The direction one is facing, right in front	La dirección hacia la que se mira, justo enfrente	HSK4
前后	前後	qiánhòu	front and back; around, about (a time)	alrededor de, antes y después	春节前后天气会变冷。	Around the Spring Festival, the weather turns cold.	Alrededor del Año Nuevo chino, el clima se vuelve frío.			表示时间或位置上的前面和后面，或大概的时间	Indicates front and back in time or position, or an approximate time	Indica lo anterior y posterior en tiempo o posición, o un momento aproximado	HSK4
强	強	qiáng	strong, powerful	fuerte, poderoso	他的能力很强。	His ability is very strong.	Su capacidad es muy fuerte.	强大 (qiáng dà) - powerful, strong	强大 (qiáng dà) - poderoso, fuerte	力量大，能力高	Having great strength or high ability	Que tiene gran fuerza o alta capacidad	HSK4
敲	敲	qiāo	to knock, to tap, to strike	tocar, golpear (llamar a la puerta)	有人在敲门。	Someone is knocking on the door.	Alguien está tocando la puerta.			用手或工具轻轻地打	To strike lightly with the hand or a tool	Golpear ligeramente con la mano o una herramienta	HSK4
桥	橋	qiáo	bridge	puente	这座桥很长。	This bridge is very long.	Este puente es muy largo.			架在河流或道路上供人通过的建筑物	A structure built over a river or road for people to cross	Construcción sobre un río o camino que permite cruzar	HSK4
巧	巧	qiǎo	skillful, clever; coincidental, opportune	hábil, ingenioso; coincidente, oportuno	真巧，我们又在这里见面了。	What a coincidence, we meet here again.	Qué coincidencia, nos volvemos a encontrar aquí.			灵巧，或恰好凑巧	Skillful, or happening by coincidence	Hábil, o que ocurre por coincidencia	HSK4
巧克力	巧克力	qiǎokèlì	chocolate	chocolate	她最喜欢吃巧克力。	She likes eating chocolate the most.	A ella le encanta comer chocolate.			一种用可可制成的甜食	A sweet food made from cocoa	Un dulce hecho de cacao	HSK4
亲戚	親戚	qīnqi	relative, family relation	pariente, familiar	周末我要去亲戚家做客。	This weekend I'm going to visit relatives.	Este fin de semana voy a visitar a unos parientes.			有血统或婚姻关系的人	A person related by blood or marriage	Persona relacionada por sangre o matrimonio	HSK4
琴	琴	qín	musical instrument (piano or similar stringed instrument)	instrumento musical (piano u otro instrumento de cuerda)	她每天都练习弹琴。	She practices playing the piano every day.	Ella practica el piano todos los días.	钢琴 (gāng qín) - piano	钢琴 (gāng qín) - piano	泛指某些乐器，如钢琴、古琴等	A general term for certain musical instruments, such as piano or the guqin	Término general para ciertos instrumentos musicales, como el piano o el guqin	HSK4
轻	輕	qīng	light, not heavy; gentle, soft	ligero, liviano; suave	这个包很轻，我一个人能拿。	This bag is very light, I can carry it alone.	Esta bolsa es muy ligera, puedo cargarla yo solo.			分量小，跟"重"相对	Having little weight, opposite of "heavy"	Que pesa poco, contrario de "pesado"	HSK4
青年	青年	qīngnián	youth, young people	joven, juventud	很多青年人喜欢这种音乐。	Many young people like this kind of music.	A muchos jóvenes les gusta este tipo de música.	年轻人 (nián qīng rén) - young person	年轻人 (nián qīng rén) - persona joven	指年纪轻的人，一般指青春期后到中年之前	Refers to young people, generally from adolescence to middle age	Se refiere a personas jóvenes, generalmente desde la adolescencia hasta antes de la madurez	HSK4
轻松	輕鬆	qīngsōng	relaxed, light, easy (not stressful)	relajado, tranquilo, sin estrés	考试结束后，他感觉很轻松。	After the exam ended, he felt very relaxed.	Después de terminar el examen, él se sintió muy relajado.			不紧张，不费力	Not tense, not requiring much effort	Sin tensión, sin mucho esfuerzo	HSK4
情况	情況	qíngkuàng	situation, circumstance	situación, circunstancia	请告诉我事情的情况。	Please tell me the situation of the matter.	Por favor cuéntame la situación del asunto.	状况 (zhuàng kuàng) - condition, state	状况 (zhuàng kuàng) - estado, condición	事情发展变化的状况	The state or condition of how something is developing	El estado o condición del desarrollo de un asunto	HSK4
庆祝	慶祝	qìngzhù	to celebrate	celebrar	我们一起庆祝他的生日。	We celebrated his birthday together.	Celebramos juntos su cumpleaños.			为庆贺喜事而举行活动	To hold an activity in honor of a happy occasion	Realizar una actividad para festejar un acontecimiento feliz	HSK4
球队	球隊	qiúduì	sports team, ball team	equipo (deportivo)	我们学校的球队赢得了比赛。	Our school's team won the game.	El equipo de nuestra escuela ganó el partido.			从事球类运动的团体	A group that engages in a ball sport	Un grupo que practica un deporte de pelota	HSK4
球迷	球迷	qiúmí	fan (of a ball sport), enthusiast	aficionado (a un deporte de pelota)	他是一个足球迷。	He is a soccer fan.	Él es un aficionado al fútbol.	粉丝 (fěn sī) - fan	粉丝 (fěn sī) - fan, seguidor	喜爱球类运动或球队的人	A person who loves ball sports or a particular team	Persona que le encantan los deportes de pelota o un equipo	HSK4
区	區	qū	district, area, region	distrito, zona	他住在北京的一个区。	He lives in a district of Beijing.	Él vive en un distrito de Pekín.	地区 (dì qū) - area, region	地区 (dì qū) - zona, región	行政划分的区域	An administratively divided area	Una zona dividida administrativamente	HSK4
区别	區別	qūbié	difference; to distinguish	diferencia; distinguir	这两个词的区别是什么？	What is the difference between these two words?	¿Cuál es la diferencia entre estas dos palabras?	差别 (chā bié) - difference	差别 (chā bié) - diferencia	事物之间的不同之处	The way in which things differ from each other	Aquello en lo que las cosas se diferencian entre sí	HSK4
取	取	qǔ	to take, to get, to obtain	tomar, sacar, obtener	我去银行取钱。	I'm going to the bank to withdraw money.	Voy al banco a sacar dinero.	拿 (ná) - to take	拿 (ná) - tomar, coger	拿到手里，获得	To get hold of, to obtain	Coger en la mano, obtener	HSK4
取得	取得	qǔdé	to obtain, to achieve, to gain	obtener, lograr	他在比赛中取得了第一名。	He achieved first place in the competition.	Él logró el primer lugar en la competencia.	获得 (huò dé) - to obtain, to gain	获得 (huò dé) - obtener, conseguir	得到，多用于抽象的成绩、成果	To gain or acquire, often used for abstract achievements or results	Conseguir u obtener, usado a menudo para logros o resultados abstractos	HSK4
取消	取消	qǔxiāo	to cancel, to call off	cancelar	因为下雨，比赛取消了。	Because of the rain, the game was cancelled.	Debido a la lluvia, el partido se canceló.			使原有的制度、规定、计划等不再存在或生效	To make an existing system, rule, or plan no longer valid or in effect	Hacer que un sistema, norma o plan existente deje de existir o de tener validez	HSK4
全	全	quán	whole, entire, all; completely	entero, todo; completamente	全班同学都参加了这次活动。	The whole class took part in this activity.	Toda la clase participó en esta actividad.	整 (zhěng) - whole, entire	整 (zhěng) - entero, completo	完整的，没有欠缺的	Complete, without anything lacking	Completo, sin que falte nada	HSK4
全部	全部	quánbù	all, the whole, entirety	todo, la totalidad	这些钱全部都是我的。	All of this money is mine.	Todo este dinero es mío.	所有 (suǒ yǒu) - all	所有 (suǒ yǒu) - todo, todos	全体，所有的部分	The whole, all the parts of something	La totalidad, todas las partes de algo	HSK4
全都	全都	quándōu	all, entirely, every one	todos, completamente	我们全都同意这个决定。	We all agree with this decision.	Todos estamos de acuerdo con esta decisión.	都 (dōu) - all	都 (dōu) - todos	全部，没有例外	All, without exception	Todo, sin excepción	HSK4
全球	全球	quánqiú	the whole world, global	mundial, todo el mundo	这个问题受到了全球的关注。	This issue has received global attention.	Este problema ha recibido atención mundial.	世界 (shì jiè) - world	世界 (shì jiè) - mundo	整个地球，全世界	The entire globe, the whole world	Todo el planeta, el mundo entero	HSK4
全身	全身	quánshēn	whole body	todo el cuerpo	运动后他全身都是汗。	After exercising, his whole body was covered in sweat.	Después de hacer ejercicio, todo su cuerpo estaba cubierto de sudor.			身体的全部	The entirety of the body	La totalidad del cuerpo	HSK4
缺	缺	quē	to lack, to be short of, to be missing	faltar, carecer de	我们班还缺一个学生。	Our class is still missing one student.	A nuestra clase todavía le falta un estudiante.	缺少 (quē shǎo) - to lack	缺少 (quē shǎo) - faltar, carecer	短少，不够	Insufficient, not enough	Insuficiente, no suficiente	HSK4
缺点	缺點	quēdiǎn	shortcoming; defect	defecto	每个人都有优点和缺点。	Everyone has strengths and weaknesses.	Todo el mundo tiene virtudes y defectos.	毛病 (máobìng) - flaw	毛病 (máobìng) - defecto	不完美或不足的地方	A flaw or inadequacy	Un aspecto imperfecto o insuficiente	HSK4
缺少	缺少	quēshǎo	to lack; to be short of	carecer de, faltar	这个班缺少一名老师。	This class is short of one teacher.	A esta clase le falta un profesor.	缺乏 (quēfá) - to lack	缺乏 (quēfá) - carecer de	数量不够，不够需要	To not have enough of something needed	No tener suficiente de algo necesario	HSK4
却	卻	què	but; yet, however	sin embargo, pero	他很努力，成绩却不理想。	He works very hard, but his grades are not ideal.	Él se esfuerza mucho, pero sus notas no son buenas.	但是 (dànshì) - but	但是 (dànshì) - pero	表示转折的副词	An adverb indicating a turn or contrast	Adverbio que indica un contraste o cambio de sentido	HSK4
确实	確實	quèshí	indeed; really, truly	efectivamente, de verdad	这件事确实是我做错了。	This matter was indeed my mistake.	Esto realmente fue un error mío.	的确 (díquè) - indeed	的确 (díquè) - efectivamente	真实、可靠，用来加强肯定语气	True and reliable; used to emphasize certainty	Verdadero y fiable; se usa para reforzar una afirmación	HSK4
然而	然而	rán'ér	however; but	sin embargo	天气很冷，然而他还是坚持跑步。	The weather is very cold; however, he still insists on running.	Hace mucho frío, sin embargo él sigue insistiendo en correr.	但是 (dànshì) - but<br>不过 (búguò) - however	但是 (dànshì) - pero<br>不过 (búguò) - sin embargo	表示转折关系的连词，书面语	A conjunction expressing contrast, used in written language	Conjunción que indica contraste, de uso más formal o escrito	HSK4
热闹	熱鬧	rènao	lively, bustling; to liven up; lively atmosphere	animado, bullicioso	春节的时候，街上非常热闹。	During Spring Festival, the streets are very lively.	Durante el Año Nuevo chino, las calles están muy animadas.			人多、气氛活跃	Crowded and full of lively activity	Con mucha gente y ambiente animado	HSK4
人生	人生	rénshēng	life (human existence)	vida (existencia humana)	人生有很多选择。	Life has many choices.	La vida tiene muchas elecciones.			人一生的经历和过程	A person's life experience and course	La experiencia y el curso de la vida de una persona	HSK4
人数	人數	rénshù	number of people	número de personas	参加会议的人数超过了一百人。	The number of people attending the meeting exceeded a hundred.	El número de personas que asistieron a la reunión superó las cien.			人的数目	The count or quantity of people	La cantidad de personas	HSK4
人员	人員	rényuán	personnel, staff	personal, empleados	公司新招了一批工作人员。	The company recently hired a group of new staff.	La empresa contrató recientemente a un grupo de nuevos empleados.	员工 (yuángōng) - staff	员工 (yuángōng) - empleados	担任某种职务或工作的人	People who hold a certain position or job	Personas que ocupan un puesto o trabajo determinado	HSK4
任何	任何	rènhé	any, whatever	cualquier	任何人都可以参加这个活动。	Anyone can take part in this activity.	Cualquier persona puede participar en esta actividad.			不论什么，用于指代一切	No matter what; used to refer to everything or anything	No importa cuál sea; se usa para referirse a cualquier cosa	HSK4
任务	任務	rènwu	task, assignment, mission	tarea, misión	老师给我们布置了一个新任务。	The teacher assigned us a new task.	El profesor nos asignó una nueva tarea.	使命 (shǐmìng) - mission	使命 (shǐmìng) - misión	指定担负的工作或职责	A designated job or responsibility to fulfill	Un trabajo o responsabilidad asignada	HSK4
扔	扔	rēng	to throw, to toss	tirar, lanzar	不要把垃圾扔在地上。	Don't throw trash on the ground.	No tires la basura al suelo.	丢 (diū) - to throw away	丢 (diū) - tirar	用手把东西抛出去	To throw something out with one's hand	Lanzar algo con la mano	HSK4
仍	仍	réng	still, yet	todavía, aún	虽然已经晚上十点了，他仍在工作。	Although it's already ten at night, he is still working.	Aunque ya son las diez de la noche, él todavía sigue trabajando.	仍然 (réngrán) - still	仍然 (réngrán) - todavía	表示情况持续不变，书面语	Indicates that a situation continues unchanged; literary usage	Indica que una situación continúa sin cambios; de uso más formal	HSK4
仍然	仍然	réngrán	still, yet	todavía, aún	他搬家了，但我们仍然是好朋友。	He moved away, but we are still good friends.	Él se mudó, pero seguimos siendo buenos amigos.	仍 (réng) - still	仍 (réng) - todavía	表示情况持续不变	Indicates that a situation remains unchanged	Indica que una situación se mantiene sin cambios	HSK4
日常	日常	rìcháng	daily, everyday	cotidiano, diario	这些都是我们日常生活中常用的东西。	These are all things we commonly use in daily life.	Estas son cosas de uso común en nuestra vida cotidiana.			每天都会发生或用到的	Occurring or used every day	Que ocurre o se usa todos los días	HSK4
日记	日記	rìjì	diary	diario (personal)	我每天晚上都写日记。	I write in my diary every night.	Escribo mi diario todas las noches.			每天记录自己经历和感受的本子	A notebook for recording one's daily experiences and feelings	Un cuaderno donde se registran las experiencias y sentimientos diarios	HSK4
日期	日期	rìqī	date	fecha	请告诉我考试的具体日期。	Please tell me the specific date of the exam.	Por favor dime la fecha exacta del examen.			发生某事的年、月、日	The year, month, and day on which something happens	El año, mes y día en que ocurre algo	HSK4
日子	日子	rìzi	day; life, time	día; vida, tiempo	我们的日子越过越好。	Our life is getting better and better.	Nuestra vida va cada vez mejor.	生活 (shēnghuó) - life	生活 (shēnghuó) - vida	指某一天，也指生活状况	Refers to a specific day, or to one's living conditions	Se refiere a un día en concreto, o a la situación de vida de alguien	HSK4
入	入	rù	to enter, to go in	entrar	请勿入内。	Please do not enter.	Por favor, no entrar.	进 (jìn) - to enter	进 (jìn) - entrar	从外面进到里面	To go from outside to inside	Pasar de afuera hacia adentro	HSK4
入口	入口	rùkǒu	entrance	entrada	电影院的入口在这边。	The entrance to the cinema is over here.	La entrada del cine está por aquí.			进入某处的门或通道	The door or passage through which one enters a place	La puerta o el paso por donde se entra a un lugar	HSK4
入学	入學	rùxué	to enter school, to enroll	matricularse, ingresar a la escuela	他今年九月就要入学了。	He will start school this September.	Él empezará la escuela este septiembre.	上学 (shàngxué) - to attend school	上学 (shàngxué) - ir a la escuela	开始进入学校学习	To begin attending school	Comenzar a estudiar en una escuela	HSK4
入住	入住	rùzhù	to check in, to move in	registrarse (en un hotel), mudarse	我们下午三点可以入住酒店。	We can check into the hotel at three in the afternoon.	Podemos registrarnos en el hotel a las tres de la tarde.			搬进新居所或办理住宿手续	To move into a new residence or complete hotel check-in procedures	Mudarse a una nueva vivienda o hacer el registro en un hotel	HSK4
散步	散步	sànbù	to take a walk, to stroll	dar un paseo	晚饭后我们经常去公园散步。	After dinner we often go for a walk in the park.	Después de cenar solemos ir a pasear al parque.			随便走走，放松身心	To walk casually for relaxation	Caminar sin prisa para relajarse	HSK4
扫码	掃碼	sǎomǎ	to scan a code	escanear un código	请用手机扫码付款。	Please use your phone to scan the code to pay.	Por favor, escanea el código con tu teléfono para pagar.			用手机等设备扫描二维码	To scan a QR code using a phone or other device	Escanear un código QR con el teléfono u otro dispositivo	HSK4
森林	森林	sēnlín	forest	bosque	这片森林里有很多野生动物。	There are many wild animals in this forest.	En este bosque hay muchos animales salvajes.	树林 (shùlín) - woods	树林 (shùlín) - arboleda	大片生长着许多树木的地方	A large area covered with many trees	Una zona extensa cubierta de muchos árboles	HSK4
商量	商量	shāngliang	to discuss, to consult	consultar, discutir	这件事我们再商量一下吧。	Let's discuss this matter a bit more.	Hablemos un poco más sobre este asunto.	讨论 (tǎolùn) - to discuss	讨论 (tǎolùn) - discutir	为了解决问题而相互交换意见	To exchange opinions with each other in order to solve a problem	Intercambiar opiniones para resolver un problema	HSK4
商品	商品	shāngpǐn	product, commodity, goods	producto, mercancía	这家商店的商品很便宜。	The goods in this shop are very cheap.	Los productos de esta tienda son muy baratos.	产品 (chǎnpǐn) - product	产品 (chǎnpǐn) - producto	用来买卖的物品	Goods used for buying and selling	Artículos que se compran y venden	HSK4
伤心	傷心	shāngxīn	sad, heartbroken	triste, dolido	听到这个消息，她伤心地哭了。	Hearing this news, she cried sadly.	Al escuchar esta noticia, ella lloró tristemente.	难过 (nánguò) - sad	难过 (nánguò) - triste	心里难过、痛苦	Feeling pain or sorrow inside	Sentirse mal o afligido internamente	HSK4
上门	上門	shàngmén	to visit someone at home, to make a house call	visitar a domicilio, ir a casa de alguien	师傅明天会上门修理空调。	The technician will come to the house tomorrow to fix the air conditioner.	El técnico vendrá mañana a casa a reparar el aire acondicionado.	拜访 (bàifǎng) - to visit	拜访 (bàifǎng) - visitar	到别人家里去	To go to someone else's home	Ir a la casa de otra persona	HSK4
稍	稍	shāo	slightly, a little	un poco, ligeramente	请稍等一下。	Please wait a moment.	Por favor, espera un momento.	稍微 (shāowēi) - slightly	稍微 (shāowēi) - un poco	表示程度不深或时间不长	Indicates a slight degree or a short amount of time	Indica un grado leve o un tiempo breve	HSK4
稍微	稍微	shāowēi	a little, slightly	un poco, ligeramente	今天的天气比昨天稍微冷一点。	Today's weather is a little colder than yesterday's.	El clima de hoy está un poco más frío que el de ayer.	稍 (shāo) - slightly	稍 (shāo) - un poco	表示数量不多或程度不深	Indicates a small amount or a slight degree	Indica una cantidad pequeña o un grado leve	HSK4
少见	少見	shǎojiàn	rare, seldom seen	poco común, raro de ver	这种天气在南方很少见。	This kind of weather is rare in the south.	Este tipo de clima es poco común en el sur.	罕见 (hǎnjiàn) - rare	罕见 (hǎnjiàn) - raro	很少能看到，不常见	Rarely seen, uncommon	Que se ve pocas veces, poco frecuente	HSK4
少量	少量	shǎoliàng	a small amount, a little	pequeña cantidad	汤里可以加少量的盐。	You can add a small amount of salt to the soup.	Se puede añadir una pequeña cantidad de sal a la sopa.			数量不多	Not a large quantity	Una cantidad no muy grande	HSK4
少数	少數	shǎoshù	minority, small number	minoría	只有少数人同意这个计划。	Only a minority of people agree with this plan.	Solo una minoría de personas está de acuerdo con este plan.			在总体中占比不大的部分	A part that makes up a small proportion of the whole	La parte que constituye una proporción pequeña del total	HSK4
少年	少年	shàonián	juvenile, teenager, youth	joven, adolescente	这部电影讲的是一个少年的成长故事。	This movie tells the story of a teenager's growth.	Esta película cuenta la historia del crecimiento de un adolescente.	青少年 (qīngshàonián) - adolescent	青少年 (qīngshàonián) - adolescente	指十岁左右到十五六岁的年轻人	Refers to a young person roughly between age ten and fifteen or sixteen	Se refiere a una persona joven de entre unos diez y quince o dieciséis años	HSK4
社会	社會	shèhuì	society	sociedad	我们应该多关心社会问题。	We should pay more attention to social issues.	Deberíamos prestar más atención a los problemas sociales.			由许多人组成的共同生活的群体	A community of people living together	Un grupo de personas que conviven juntas	HSK4
摄氏度	攝氏度	shèshìdù	degrees Celsius	grados Celsius	今天的最高气温是三十摄氏度。	Today's highest temperature is thirty degrees Celsius.	La temperatura máxima de hoy es de treinta grados Celsius.			温度的计量单位	A unit for measuring temperature	Una unidad para medir la temperatura	HSK4
身	身	shēn	body; oneself; (measure word for a full outfit)	cuerpo; uno mismo; (clasificador para un traje completo)	她穿了一身新衣服。	She wore a whole new outfit.	Ella llevaba un traje nuevo completo.	身体 (shēntǐ) - body	身体 (shēntǐ) - cuerpo	人或动物的躯干；也作量词，用于成套的衣服	The trunk of a person or animal; also used as a measure word for a full set of clothes	El tronco de una persona o animal; también se usa como clasificador para un conjunto de ropa	HSK4
深	深	shēn	deep, profound; (deeply, late)	profundo, hondo; (profundamente, tarde)	这条河很深，不要下去游泳。	This river is very deep; don't go swimming in it.	Este río es muy profundo, no te metas a nadar.			从上到下或从外到里距离大	Having a large distance from top to bottom or from outside to inside	Que tiene gran distancia de arriba abajo o de afuera hacia adentro	HSK4
身份证	身份證	shēnfènzhèng	ID card, identification card	carné de identidad, documento de identidad	办理银行卡需要出示身份证。	You need to show your ID card to apply for a bank card.	Para tramitar una tarjeta bancaria hay que mostrar el carné de identidad.			用来证明个人身份的证件	A document used to prove a person's identity	Un documento que sirve para comprobar la identidad de una persona	HSK4
申请	申請	shēnqǐng	to apply, to file an application	solicitar	我打算申请去国外留学。	I plan to apply to study abroad.	Planeo solicitar estudiar en el extranjero.			向有关部门提出请求	To make a request to a relevant department or authority	Presentar una solicitud a una entidad correspondiente	HSK4
甚至	甚至	shènzhì	even, to the point that	incluso, hasta	他忙得甚至没有时间吃饭。	He is so busy that he doesn't even have time to eat.	Está tan ocupado que ni siquiera tiene tiempo para comer.			用于强调突出的事例，表示更进一层	Used to emphasize an extreme example, indicating a further degree	Se usa para destacar un ejemplo extremo, indicando un grado mayor	HSK4
生	生	shēng	to give birth, to produce, to grow	dar a luz, producir, crecer	她昨天生了一个女儿。	She gave birth to a daughter yesterday.	Ella dio a luz a una hija ayer.			生育、产生或成长	To give birth, to produce, or to grow	Dar a luz, producir o crecer	HSK4
生	生	shēng	raw, uncooked, unripe	crudo, sin cocinar	这块肉还是生的，不能吃。	This piece of meat is still raw; it can't be eaten.	Esta carne todavía está cruda, no se puede comer.			没有煮熟或没有成熟	Not cooked or not ripe	Que no está cocido o no está maduro	HSK4
生命	生命	shēngmìng	life (as in a living being's existence)	vida (existencia biológica)	医生们努力抢救病人的生命。	The doctors worked hard to save the patient's life.	Los médicos se esforzaron por salvar la vida del paciente.			生物具有的能够生存和活动的能力	The capacity of a living being to exist and function	La capacidad de un ser vivo para existir y funcionar	HSK4
生意	生意	shēngyi	business, trade	negocio	他在网上做生意，卖各种小商品。	He does business online, selling all kinds of small goods.	Él hace negocios por internet, vendiendo todo tipo de artículos pequeños.	买卖 (mǎimai) - trade, business	买卖 (mǎimai) - negocio, comercio	商业上的买卖活动	Commercial buying and selling activity	Actividad comercial de compra y venta	HSK4
省	省	shěng	province	provincia	中国有很多省，每个省都有自己的特色。	China has many provinces, each with its own characteristics.	China tiene muchas provincias, cada una con sus propias características.			中国的一级行政区域	A top-level administrative region in China	Una región administrativa de primer nivel en China	HSK4
剩	剩	shèng	to be left over, to remain	sobrar, quedar	饭菜太多了，剩了不少。	There was too much food, and a lot was left over.	Había demasiada comida y sobró bastante.	剩下 (shèngxià) - to remain	剩下 (shèngxià) - quedar, sobrar	使用或消耗后余下的部分	The part remaining after use or consumption	La parte que queda tras usar o consumir algo	HSK4
失败	失敗	shībài	to fail; unsuccessful	fracasar; fallido	这次实验失败了，我们需要重新开始。	This experiment failed; we need to start over.	Este experimento fracasó, necesitamos empezar de nuevo.			没有达到预期的目的或结果	Failing to achieve the expected goal or result	No lograr el objetivo o resultado esperado	HSK4
师傅	師傅	shīfu	master, skilled worker; a respectful term for a tradesperson	maestro, oficial (de un oficio); forma respetuosa de dirigirse a un trabajador	师傅，请问去火车站怎么走？	Sir, how do I get to the train station?	Maestro, ¿cómo se llega a la estación de tren?			对有技术的工人或司机等的尊称	A respectful term for a skilled worker, driver, etc.	Un tratamiento respetuoso para un trabajador con oficio, conductor, etc.	HSK4
失去	失去	shīqù	to lose	perder	他失去了这次机会。	He lost this opportunity.	Él perdió esta oportunidad.	丢失 (diūshī) - to lose	丢失 (diūshī) - perder	不再拥有原来有的东西	To no longer have something one used to have	Ya no tener algo que antes se tenía	HSK4
师生	師生	shīshēng	teachers and students	profesores y alumnos	师生之间应该互相尊重。	Teachers and students should respect each other.	Profesores y alumnos deben respetarse mutuamente.			教师和学生的合称	A collective term for teachers and students	Denominación conjunta de profesores y alumnos	HSK4
失望	失望	shīwàng	disappointed; to lose hope	decepcionado	考试没考好，他很失望。	He did poorly on the exam and was very disappointed.	No le fue bien en el examen y está muy decepcionado.	灰心 (huīxīn) - discouraged, to lose heart	灰心 (huīxīn) - desanimarse	因希望没有实现而难过	Feeling sad because a hope was not realized	Sentirse triste porque una esperanza no se cumplió	HSK4
十分	十分	shífēn	very, extremely	muy, sumamente	这个消息让大家十分高兴。	This news made everyone very happy.	Esta noticia hizo a todos muy felices.	非常 (fēicháng) - very	非常 (fēicháng) - muy	表示程度很高	Indicates a high degree	Indica un grado muy alto	HSK4
实际	實際	shíjì	reality; actual, practical	realidad; real, práctico	我们要从实际出发解决问题。	We should solve problems based on reality.	Debemos resolver los problemas partiendo de la realidad.	现实 (xiànshí) - reality	现实 (xiànshí) - realidad	客观存在的事实情况	The objective, factual situation	La situación objetiva y real de las cosas	HSK4
时间表	時間表	shíjiānbiǎo	schedule, timetable	horario	请按照时间表上课。	Please attend class according to the schedule.	Por favor asistan a clase según el horario.			安排事情进行时间的表格	A chart arranging the times for events	Una tabla que organiza el horario de las actividades	HSK4
实际上	實際上	shíjìshàng	actually, in fact	en realidad	他看起来很年轻，实际上已经五十岁了。	He looks young, but actually he's already fifty.	Parece joven, pero en realidad ya tiene cincuenta años.	事实上 (shìshí shàng) - in fact	事实上 (shìshí shàng) - de hecho	表示所说的是事实	Indicates that what follows is the actual fact	Indica que lo que se dice es un hecho real	HSK4
食品	食品	shípǐn	food products	alimentos, productos alimenticios	超市里有很多进口食品。	There are many imported foods in the supermarket.	Hay muchos alimentos importados en el supermercado.	食物 (shíwù) - food	食物 (shíwù) - comida	可以食用的物品	Items that can be eaten	Productos que se pueden comer	HSK4
食堂	食堂	shítáng	cafeteria, dining hall	comedor, cantina	我们中午在学校食堂吃饭。	We eat lunch at the school cafeteria.	Almorzamos en el comedor de la escuela.	餐厅 (cāntīng) - restaurant, dining hall	餐厅 (cāntīng) - restaurante, comedor	机关、学校等集体供应饭食的地方	A place in an organization or school where meals are provided collectively	Lugar en una institución o escuela donde se sirven comidas colectivamente	HSK4
食物	食物	shíwù	food	comida, alimento	猫喜欢吃鱼类食物。	Cats like to eat fish-based food.	A los gatos les gusta comer alimentos a base de pescado.	食品 (shípǐn) - food products	食品 (shípǐn) - alimentos	能满足饥饿、可以吃的东西	Something edible that satisfies hunger	Algo comestible que sacia el hambre	HSK4
实在	實在	shízài	honest, down-to-earth; really, truly	sincero, honesto; de verdad, realmente	这个人办事很实在。	This person handles things very honestly and reliably.	Esta persona es muy honesta y confiable en lo que hace.	确实 (quèshí) - indeed, really	确实 (quèshí) - de verdad	真实可靠；的确	True and reliable; indeed	Verdadero y confiable; efectivamente	HSK4
十字路口	十字路口	shízì lùkǒu	intersection, crossroads	cruce, intersección	前面就是十字路口，往左转。	The intersection is just ahead, turn left.	Adelante está el cruce, gira a la izquierda.	路口 (lùkǒu) - intersection	路口 (lùkǒu) - cruce	两条或多条道路交叉的地方	A place where two or more roads cross	Lugar donde se cruzan dos o más calles	HSK4
使	使	shǐ	to make, to cause; to use	hacer que, causar; usar	这件事使他很生气。	This matter made him very angry.	Este asunto lo hizo enojar mucho.	让 (ràng) - to let, to make	让 (ràng) - hacer que	让某种情况发生；用	To cause a certain situation to happen; to use	Hacer que ocurra cierta situación; usar	HSK4
使馆	使館	shǐguǎn	embassy	embajada	他去大使馆办理签证。	He went to the embassy to apply for a visa.	Fue a la embajada a tramitar la visa.	大使馆 (dàshǐguǎn) - embassy	大使馆 (dàshǐguǎn) - embajada	大使办公的地方	The place where an ambassador works	El lugar donde trabaja un embajador	HSK4
使用	使用	shǐyòng	to use, to employ	usar, utilizar	请按照说明书使用这台机器。	Please use this machine according to the instructions.	Por favor use esta máquina según el manual de instrucciones.	用 (yòng) - to use	用 (yòng) - usar	使人或物为某种目的服务	To employ a person or thing for a certain purpose	Emplear a una persona o cosa para un fin determinado	HSK4
市场	市場	shìchǎng	market, marketplace	mercado	妈妈每天早上去市场买菜。	Mom goes to the market every morning to buy vegetables.	Mamá va al mercado todas las mañanas a comprar verduras.			买卖货物的地方	A place where goods are bought and sold	Lugar donde se compran y venden mercancías	HSK4
是否	是否	shìfǒu	whether or not, if	si (o no)	我不知道他是否会来。	I don't know whether he will come.	No sé si él vendrá.			表示疑问，是不是	Used to express a question, "is it or not"	Expresa una pregunta, equivalente a "si es o no"	HSK4
适合	適合	shìhé	to suit, to be suitable for	convenir, ser adecuado para	这份工作很适合你。	This job suits you well.	Este trabajo te conviene mucho.	合适 (héshì) - suitable	合适 (héshì) - adecuado	符合具体情况或要求	To match a specific situation or requirement	Ajustarse a una situación o requisito concreto	HSK4
世纪	世紀	shìjì	century	siglo	我们生活在二十一世纪。	We live in the twenty-first century.	Vivimos en el siglo veintiuno.			一百年的时间	A period of one hundred years	Un período de cien años	HSK4
视频	視頻	shìpín	video, video clip	video	他在网上上传了一个视频。	He uploaded a video online.	Subió un video a internet.			通过网络等传播的动态影像	Moving images transmitted via the internet or similar media	Imágenes en movimiento transmitidas por internet u otros medios	HSK4
市区	市區	shìqū	urban area, downtown	zona urbana, centro de la ciudad	我家离市区不远。	My home is not far from the city center.	Mi casa no está lejos del centro de la ciudad.	城区 (chéngqū) - urban district	城区 (chéngqū) - zona urbana	城市的中心地区	The central area of a city	El área central de una ciudad	HSK4
试题	試題	shìtí	exam questions	preguntas de examen	这次考试的试题比较难。	The questions on this exam were quite difficult.	Las preguntas de este examen fueron bastante difíciles.			考试用的题目	Questions used in an examination	Preguntas utilizadas en un examen	HSK4
适应	適應	shìyìng	to adapt to, to get used to	adaptarse	他很快就适应了新环境。	He quickly adapted to the new environment.	Se adaptó rápidamente al nuevo entorno.	习惯 (xíguàn) - to be accustomed to	习惯 (xíguàn) - acostumbrarse	使自己的思想或行为符合客观条件的变化	To make one's thinking or behavior fit changing objective conditions	Ajustar el propio pensamiento o comportamiento a los cambios de las condiciones	HSK4
收费	收費	shōufèi	to charge a fee	cobrar	这个停车场不收费。	This parking lot doesn't charge a fee.	Este estacionamiento no cobra.			收取费用	To collect payment	Cobrar dinero por un servicio	HSK4
收入	收入	shōurù	income, earnings	ingresos	他的收入不高，但生活很满足。	His income isn't high, but he's content with life.	Sus ingresos no son altos, pero está satisfecho con la vida.	工资 (gōngzī) - salary, wages	工资 (gōngzī) - salario	个人或单位得到的钱财	Money received by a person or organization	Dinero que recibe una persona o entidad	HSK4
收拾	收拾	shōushi	to tidy up, to pack	ordenar, recoger	妈妈让我收拾自己的房间。	Mom told me to tidy up my own room.	Mamá me dijo que ordenara mi propia habitación.	整理 (zhěnglǐ) - to organize	整理 (zhěnglǐ) - organizar	整理，使有条理	To put things in order	Poner las cosas en orden	HSK4
收听	收聽	shōutīng	to listen to (a broadcast)	escuchar (una emisión)	很多人喜欢收听新闻广播。	Many people like to listen to the news broadcast.	A muchas personas les gusta escuchar los noticieros de radio.			用收音机等接收并听广播	To receive and listen to a broadcast via radio, etc.	Recibir y escuchar una emisión mediante radio, etc.	HSK4
首	首	shǒu	measure word for songs, poems	clasificador para canciones, poemas	她唱了一首很好听的歌。	She sang a very beautiful song.	Ella cantó una canción muy bonita.			用于诗歌、歌曲等	Used for poems, songs, etc.	Se usa para poemas, canciones, etc.	HSK4
首都	首都	shǒudū	capital city	capital	北京是中国的首都。	Beijing is the capital of China.	Beijing es la capital de China.			一个国家最高机关所在的城市	The city where a country's top government offices are located	La ciudad donde se encuentran los órganos supremos de un país	HSK4
首先	首先	shǒuxiān	first, first of all	primero, en primer lugar	首先，我要感谢大家的支持。	First of all, I want to thank everyone for their support.	En primer lugar, quiero agradecer a todos por su apoyo.	先 (xiān) - first	先 (xiān) - primero	表示次序或时间在最前	Indicates being first in order or time	Indica que algo es lo primero en orden o tiempo	HSK4
受不了	受不了	shòubuliǎo	to be unable to stand/bear	no soportar, no aguantar	这里的天气太热了，我受不了。	The weather here is too hot, I can't stand it.	El clima aquí es demasiado caluroso, no lo soporto.	忍不了 (rěnbuliǎo) - to be unable to endure	忍不了 (rěnbuliǎo) - no poder soportar	不能忍受	Cannot tolerate	No poder soportar algo	HSK4
售票员	售票員	shòupiàoyuán	ticket seller, conductor	vendedor de boletos, cobrador	售票员提醒乘客买票。	The conductor reminded passengers to buy tickets.	El cobrador recordó a los pasajeros que compraran boletos.			负责卖票的工作人员	A staff member responsible for selling tickets	Empleado encargado de vender boletos	HSK4
受伤	受傷	shòushāng	to be injured, to get hurt	lesionarse, resultar herido	他在比赛中受伤了。	He got injured during the competition.	Se lesionó durante la competencia.	负伤 (fùshāng) - to be wounded	负伤 (fùshāng) - resultar herido	身体因外力而受到伤害	The body being harmed by an external force	El cuerpo resulta dañado por una fuerza externa	HSK4
输	輸	shū	to lose (a game); to transport	perder (en un juego); transportar	我们队输了这场比赛。	Our team lost this match.	Nuestro equipo perdió este partido.	失败 (shībài) - to fail, to lose	失败 (shībài) - fracasar, perder	在比赛、竞争中失败；运送	To be defeated in a competition; to transport	Ser derrotado en una competencia; transportar	HSK4
熟	熟	shú	ripe, cooked; familiar with	maduro, cocido; familiarizado	这个苹果已经熟了。	This apple is already ripe.	Esta manzana ya está madura.			植物的果实等成长到可以收获的程度；食物加热到可以食用；对某事很了解	A fruit that has grown to the point of being harvestable; food heated to be edible; being very familiar with something	Un fruto que ha crecido hasta poder cosecharse; alimento cocinado hasta poder comerse; conocer bien algo	HSK4
熟悉	熟悉	shúxi	to be familiar with, to know well	conocer bien, estar familiarizado con	我对这个城市很熟悉。	I am very familiar with this city.	Conozco muy bien esta ciudad.	了解 (liǎojiě) - to understand, know	了解 (liǎojiě) - conocer, entender	知道得清楚详细	To know something clearly and in detail	Conocer algo de forma clara y detallada	HSK4
暑假	暑假	shǔjià	summer vacation	vacaciones de verano	暑假我打算去旅游。	I plan to travel during summer vacation.	Pienso viajar durante las vacaciones de verano.			学校夏季放的长假	The long school break during summer	El período largo de vacaciones escolares en verano	HSK4
数	數	shù	number; several	número; varios	班里的学生数增加了。	The number of students in the class has increased.	El número de estudiantes en la clase ha aumentado.	数字 (shùzì) - number, figure	数字 (shùzì) - número, cifra	表示事物多少的量	A quantity expressing how much or how many of something	Una cantidad que expresa cuánto hay de algo	HSK4
数量	數量	shùliàng	quantity, amount	cantidad	这批货的数量不够。	The quantity of this batch of goods is not enough.	La cantidad de este lote de mercancía no es suficiente.			事物的多少	The amount of something	La cantidad de algo	HSK4
树林	樹林	shùlín	woods, forest	bosque, arboleda	公园里有一片树林。	There is a wooded area in the park.	Hay una arboleda en el parque.	森林 (sēnlín) - forest	森林 (sēnlín) - bosque	成片生长的树木	A large area of trees growing together	Una extensión de árboles que crecen juntos	HSK4
数字	數字	shùzì	digit, number, figure	número, cifra	这份表格上有很多数字。	There are many numbers on this form.	Hay muchos números en este formulario.	数 (shù) - number	数 (shù) - número	表示数目的符号	A symbol representing a quantity	Símbolo que representa una cantidad	HSK4
帅	帥	shuài	handsome, good-looking	guapo	那个男孩长得很帅。	That boy is very handsome.	Ese chico es muy guapo.	英俊 (yīngjùn) - handsome	英俊 (yīngjùn) - apuesto	形容男子外表英俊	Describes a man as good-looking	Describe a un hombre de aspecto atractivo	HSK4
顺便	順便	shùnbiàn	conveniently, while at it	de paso, aprovechando	你去超市的时候，顺便帮我买瓶水。	When you go to the supermarket, please buy me a bottle of water while you're at it.	Cuando vayas al supermercado, aprovecha para comprarme una botella de agua.			在做某事的同时顺带做另一件事	Doing another thing while doing something else, without extra effort	Hacer otra cosa de paso mientras se hace algo más	HSK4
顺利	順利	shùnlì	smoothly, successfully	sin contratiempos, exitoso	祝你考试顺利！	Wish you a smooth exam!	¡Que te vaya bien en el examen!			事情进行得没有困难或阻碍	Something proceeding without difficulty or obstruction	Que algo se desarrolla sin dificultades ni obstáculos	HSK4
顺序	順序	shùnxù	order, sequence	orden, secuencia	请按照顺序排队。	Please line up in order.	Por favor hagan fila en orden.			事物先后排列的次序	The sequence in which things are arranged	El orden en que se disponen las cosas	HSK4
说法	說法	shuōfǎ	way of putting it, statement, version	forma de decir, versión	关于这件事，大家的说法不一样。	Regarding this matter, everyone has a different version.	Sobre este asunto, todos tienen una versión diferente.			对某事的表达方式或看法	A way of expressing or a view about something	Una forma de expresar o una opinión sobre algo	HSK4
说明	說明	shuōmíng	to explain; explanation	explicar; explicación	老师给我们说明了这道题的解法。	The teacher explained the solution to this problem to us.	El profesor nos explicó la solución de este problema.	解释 (jiěshì) - to explain	解释 (jiěshì) - explicar	解释清楚，讲明白	To explain something clearly	Aclarar y explicar algo con claridad	HSK4
说明书	說明書	shuōmíngshū	instruction manual, user guide	manual de instrucciones	使用前请仔细阅读说明书。	Please read the instruction manual carefully before use.	Por favor lea atentamente el manual de instrucciones antes de usarlo.			说明产品用法的文字材料	Written material explaining how to use a product	Documento que explica el modo de uso de un producto	HSK4
硕士	碩士	shuòshì	master's degree, master's degree holder	máster, maestría	他正在读硕士。	He is currently studying for a master's degree.	Está cursando una maestría.			高于学士、低于博士的学位	A degree higher than a bachelor's and lower than a doctorate	Un título académico superior a la licenciatura e inferior al doctorado	HSK4
死	死	sǐ	to die; dead; extremely	morir; muerto; sumamente	那只小狗昨天死了。	That puppy died yesterday.	Ese perrito murió ayer.	去世 (qùshì) - to pass away	去世 (qùshì) - fallecer	生命结束	Life coming to an end	El fin de la vida	HSK4
速度	速度	sùdù	speed; velocity	velocidad	这辆车的速度很快。	This car's speed is very fast.	La velocidad de este coche es muy rápida.	速率 (sùlǜ) - rate	速率 (sùlǜ) - tasa	物体在单位时间内移动的距离	The distance an object moves per unit of time	La distancia que recorre un objeto por unidad de tiempo	HSK4
塑料	塑料	sùliào	plastic (material)	plástico	这个杯子是塑料做的。	This cup is made of plastic.	Esta taza está hecha de plástico.			一种人工合成的材料，可以做成各种形状	A synthetic material that can be molded into various shapes	Un material sintético que se puede moldear en diversas formas	HSK4
酸	酸	suān	sour, tart	agrio, ácido	这个苹果有点酸。	This apple is a bit sour.	Esta manzana está un poco ácida.			像醋一样的味道	A taste like vinegar	Un sabor parecido al del vinagre	HSK4
酸奶	酸奶	suānnǎi	yogurt	yogur	我每天早上喝一杯酸奶。	I drink a cup of yogurt every morning.	Bebo un vaso de yogur cada mañana.			用牛奶发酵制成的一种酸味饮品	A sour-tasting drink made by fermenting milk	Una bebida de sabor ácido hecha fermentando leche	HSK4
算	算	suàn	to calculate, to count; to be considered as	calcular; contar como, considerarse	你算一下一共多少钱。	Calculate how much it costs in total.	Calcula cuánto cuesta en total.	计算 (jìsuàn) - to calculate	计算 (jìsuàn) - calcular	用数学方法求得结果；也表示认为、当作	To work out a result using math; also means "to consider as"	Obtener un resultado mediante cálculo matemático; también significa "considerar como"	HSK4
随便	隨便	suíbiàn	casual, informal; to do as one likes; whatever, anything	informal, casual; hacer lo que uno quiera; como sea	你随便坐，不用客气。	Sit wherever you like, no need to be formal.	Siéntate donde quieras, no hace falta ser formal.	任意 (rènyì) - arbitrarily	任意 (rènyì) - a voluntad	不受约束，按照自己的意愿去做	Doing something freely, according to one's own wishes	Hacer algo libremente, según la propia voluntad	HSK4
随着	隨著	suízhe	along with, following, as	a medida que, junto con	随着年龄的增长，他变得越来越成熟。	As he grows older, he becomes more and more mature.	A medida que crece, se vuelve cada vez más maduro.	伴随 (bànsuí) - to accompany	伴随 (bànsuí) - acompañar	表示紧跟某种情况或变化而发生	Indicates that something happens closely following a certain situation or change	Indica que algo ocurre inmediatamente después de cierta situación o cambio	HSK4
孙女	孫女	sūnnǚ	granddaughter	nieta	这是我爷爷的孙女。	This is my grandfather's granddaughter.	Esta es la nieta de mi abuelo.			儿子的女儿	One's son's daughter	La hija del hijo	HSK4
孙子	孫子	sūnzi	grandson	nieto	爷爷很疼爱他的孙子。	Grandpa loves his grandson very much.	El abuelo quiere mucho a su nieto.			儿子的儿子	One's son's son	El hijo del hijo	HSK4
所有	所有	suǒyǒu	all, every; (to possess, to own)	todo, todos; poseer	所有的学生都参加了考试。	All the students took the exam.	Todos los estudiantes hicieron el examen.	全部 (quánbù) - all, entire	全部 (quánbù) - todo, entero	表示包括的全部；也指拥有的东西	Indicates the entirety of something included; also refers to things one owns	Indica la totalidad de algo incluido; también se refiere a lo que uno posee	HSK4
台	臺	tái	measure word for machines, vehicles, etc.; platform, stage	medidor para máquinas, vehículos, etc.; plataforma, escenario	我家有一台电视机。	My family has a television.	Mi familia tiene un televisor.			用于机器、车辆等的量词；也指高出地面的平台	A measure word for machines and vehicles; also refers to a raised platform	Un clasificador para máquinas y vehículos; también se refiere a una plataforma elevada	HSK4
抬	抬	tái	to lift, to raise, to carry (between two or more people)	levantar, alzar, cargar (entre varias personas)	请帮我把箱子抬起来。	Please help me lift up the box.	Por favor ayúdame a levantar la caja.	举 (jǔ) - to lift, to raise	举 (jǔ) - levantar, alzar	用手把东西往上举起或托起	To raise or lift something up with the hands	Levantar o alzar algo con las manos	HSK4
抬头	抬頭	táitóu	to raise one's head, to look up	levantar la cabeza, alzar la vista	他抬头看了看天空。	He raised his head and looked at the sky.	Él levantó la cabeza y miró el cielo.			把头向上仰起	To lift one's head upward	Levantar la cabeza hacia arriba	HSK4
态度	態度	tàidù	attitude, manner	actitud	他工作的态度很认真。	His attitude toward work is very serious.	Su actitud hacia el trabajo es muy seria.			对人或事物的看法和采取的行为方式	One's view of and behavior toward a person or thing	La forma de pensar y de comportarse hacia una persona o cosa	HSK4
弹	彈	tán	to play (a stringed instrument), to spring, to flick	tocar (un instrumento de cuerda), saltar, dar un golpecito	她会弹钢琴。	She can play the piano.	Ella sabe tocar el piano.			用手指拨弄乐器使发出声音	To pluck or press an instrument with the fingers to make sound	Pulsar un instrumento con los dedos para producir sonido	HSK4
谈	談	tán	to talk, to chat, to discuss	hablar, conversar, platicar	我们谈了很长时间。	We talked for a long time.	Hablamos durante mucho tiempo.	聊 (liáo) - to chat	聊 (liáo) - platicar, charlar	用语言交流想法或看法	To exchange ideas or opinions through speech	Intercambiar ideas u opiniones mediante el habla	HSK4
汤	湯	tāng	soup	sopa, caldo	妈妈做的汤很好喝。	The soup my mom makes is delicious.	La sopa que hace mi mamá está muy rica.			用水煮成的带汁液的食物	A liquid food made by boiling ingredients in water	Un alimento líquido hecho hirviendo ingredientes en agua	HSK4
躺	躺	tǎng	to lie down	acostarse, tumbarse	他累了，想躺下休息一下。	He's tired and wants to lie down and rest for a bit.	Está cansado y quiere acostarse a descansar un rato.			身体平放在床上或其他地方	To place one's body flat on a bed or other surface	Poner el cuerpo tendido sobre una cama u otra superficie	HSK4
趟	趟	tàng	measure word for trips, journeys	clasificador para viajes, veces que se va a un lugar	我明天要去一趟银行。	I need to make a trip to the bank tomorrow.	Mañana tengo que ir al banco.			用于计算走动、旅行的次数	Used to count trips or journeys taken	Se usa para contar las veces que se hace un viaje o desplazamiento	HSK4
讨论	討論	tǎolùn	to discuss, to talk over	discutir, debatir	我们一起讨论这个问题吧。	Let's discuss this problem together.	Discutamos este problema juntos.	商量 (shāngliang) - to discuss, consult	商量 (shāngliang) - consultar, comentar	就某个问题交换意见	To exchange opinions on a certain issue	Intercambiar opiniones sobre un tema determinado	HSK4
讨厌	討厭	tǎoyàn	annoying, disgusting; to dislike, to loathe	molesto, desagradable; odiar, detestar	我很讨厌下雨天。	I really dislike rainy days.	Detesto los días de lluvia.	厌恶 (yànwù) - to loathe	厌恶 (yànwù) - detestar, aborrecer	因不喜欢而感到厌烦	To feel annoyed because one dislikes something	Sentir fastidio porque algo no gusta	HSK4
特点	特點	tèdiǎn	characteristic, feature, trait	característica, rasgo	这种水果的特点是又甜又酸。	The characteristic of this fruit is that it's both sweet and sour.	La característica de esta fruta es que es dulce y ácida a la vez.	特色 (tèsè) - special feature	特色 (tèsè) - rasgo distintivo	某个人或事物所特有的、与众不同的地方	A distinctive quality unique to a person or thing	Un rasgo propio y distintivo de una persona o cosa	HSK4
提	提	tí	to carry (by hand, with handle down), to mention, to bring up	llevar (colgando de la mano), mencionar	他手里提着一个包。	He's carrying a bag in his hand.	Lleva una bolsa colgando de la mano.			用手拿着东西的把手往上悬空拿着；也指说到、谈到	To hold something by its handle and carry it hanging down; also means to mention or bring up	Sostener algo por el asa y llevarlo colgando; también significa mencionar o comentar algo	HSK4
提出	提出	tíchū	to put forward, to propose, to raise (a question, idea)	proponer, plantear	老师提出了一个新问题。	The teacher raised a new question.	El profesor planteó una nueva pregunta.			把意见、问题等公开说出来	To openly state an opinion, question, etc.	Exponer públicamente una opinión, pregunta, etc.	HSK4
提到	提到	tídào	to mention, to refer to, to bring up	mencionar, referirse a	他在信里提到了你。	He mentioned you in the letter.	Te mencionó en la carta.	提及 (tíjí) - to mention	提及 (tíjí) - mencionar	说话或写文章时涉及到某事	To touch on a certain matter while speaking or writing	Aludir a algo al hablar o escribir	HSK4
提供	提供	tígōng	to provide, to supply, to offer	proporcionar, ofrecer	学校为学生提供免费午餐。	The school provides free lunch for students.	La escuela proporciona almuerzo gratis a los estudiantes.	供应 (gōngyìng) - to supply	供应 (gōngyìng) - suministrar	把需要的东西给别人	To give someone something they need	Dar a alguien algo que necesita	HSK4
提前	提前	tíqián	to move ahead of schedule, to do something earlier than planned	adelantar, hacer algo antes de lo previsto	会议提前到九点开始。	The meeting was moved up to start at nine o'clock.	La reunión se adelantó para empezar a las nueve.			把预定的时间往前移动	To move a scheduled time earlier	Adelantar una hora o fecha ya prevista	HSK4
提醒	提醒	tíxǐng	to remind, to alert	recordar, advertir	谢谢你提醒我带雨伞。	Thanks for reminding me to bring an umbrella.	Gracias por recordarme llevar el paraguas.			指出来让人注意或不忘记	To point something out so a person notices or doesn't forget it	Señalar algo para que alguien lo note o no lo olvide	HSK4
体检	體檢	tǐjiǎn	physical examination, medical checkup	examen médico, chequeo médico	每年公司都会安排员工体检。	Every year the company arranges a physical exam for employees.	Cada año la empresa organiza un chequeo médico para los empleados.	体格检查 (tǐgé jiǎnchá) - physical examination	体格检查 (tǐgé jiǎnchá) - examen físico	对身体各方面情况进行的检查	A checkup that examines various aspects of the body	Una revisión que examina distintos aspectos del cuerpo	HSK4
体温	體溫	tǐwēn	body temperature	temperatura corporal	医生给他量了体温。	The doctor took his temperature.	El médico le tomó la temperatura.			人或动物身体的温度	The temperature of a person's or animal's body	La temperatura del cuerpo de una persona o animal	HSK4
体重	體重	tǐzhòng	body weight	peso corporal	他最近体重增加了不少。	His body weight has increased quite a bit recently.	Últimamente ha aumentado bastante de peso.			人或动物身体的重量	The weight of a person's or animal's body	El peso del cuerpo de una persona o animal	HSK4
填写	填寫	tiánxiě	to fill in, to complete (a form)	rellenar, completar (un formulario)	请填写这张表格。	Please fill in this form.	Por favor rellena este formulario.			按照要求在表格等空白处写上内容	To write required information in the blanks of a form	Escribir la información requerida en los espacios en blanco de un formulario	HSK4
条件	條件	tiáojiàn	condition, requirement, terms	condición, requisito	这份工作的条件很好。	The conditions of this job are very good.	Las condiciones de este trabajo son muy buenas.			影响事情发生或发展的因素或要求	A factor or requirement that affects whether something happens or develops	Un factor o requisito que influye en que algo ocurra o se desarrolle	HSK4
听力	聽力	tīnglì	listening ability, hearing	capacidad auditiva, comprensión auditiva	我的听力还不够好，需要多练习。	My listening ability isn't good enough yet; I need more practice.	Mi comprensión auditiva todavía no es suficientemente buena, necesito practicar más.			耳朵听到声音的能力	The ability of the ears to hear sound	La capacidad de los oídos para percibir sonidos	HSK4
听众	聽眾	tīngzhòng	audience, listeners	audiencia, oyentes	台下的听众听得很认真。	The audience below the stage listened very attentively.	El público que estaba abajo escuchaba con mucha atención.			收听广播、演讲等的人	People who listen to a broadcast, speech, etc.	Personas que escuchan una emisión, discurso, etc.	HSK4
停	停	tíng	to stop, to halt, to park	parar, detenerse	车突然停了下来。	The car suddenly stopped.	El coche se detuvo de repente.	停止 (tíngzhǐ) - to stop, cease	停止 (tíngzhǐ) - detener, cesar	使活动或运行中止	To cause an activity or motion to cease	Hacer que una actividad o movimiento se detenga	HSK4
停车	停車	tíngchē	to park a vehicle, to stop a vehicle	aparcar, estacionar	这里不能停车。	You can't park here.	Aquí no se puede aparcar.			把车辆停放在某个地方	To leave a vehicle stationary in a certain place	Dejar un vehículo detenido en un lugar	HSK4
停车场	停車場	tíngchēchǎng	parking lot	aparcamiento, estacionamiento	商场旁边有一个很大的停车场。	There's a large parking lot next to the mall.	Hay un aparcamiento muy grande al lado del centro comercial.			专门用来停放车辆的场地	A place specifically used for parking vehicles	Un lugar destinado a estacionar vehículos	HSK4
停止	停止	tíngzhǐ	to stop, to cease	detener, cesar, parar	雨已经停止了。	The rain has already stopped.	La lluvia ya ha cesado.	停 (tíng) - to stop	停 (tíng) - parar	不再继续进行某种活动	To no longer continue a certain activity	Dejar de continuar cierta actividad	HSK4
通	通	tōng	to go through, to be open, to connect, to lead to	pasar, comunicar, estar abierto, conducir a	这条路直通市中心。	This road leads directly to the city center.	Este camino conduce directamente al centro de la ciudad.			使两地或两物连接，没有阻碍	To connect two places or things without obstruction	Conectar dos lugares o cosas sin obstáculos	HSK4
通过	通過	tōngguò	to pass through, to pass (an exam, a proposal); by means of, via	pasar, aprobar; a través de, por medio de	他通过了这次考试。	He passed this exam.	Aprobó este examen.	经过 (jīngguò) - through, via	经过 (jīngguò) - a través de, por medio de	从某处经过；也指经过检验或同意	To pass through a place; also means to be approved after examination	Pasar por un lugar; también significa ser aprobado tras una revisión	HSK4
通知	通知	tōngzhī	to notify, to inform; notice, notification	notificar, avisar; aviso, notificación	学校发了一个通知。	The school issued a notice.	La escuela publicó un aviso.			把事情告诉相关的人；也指传达事情的文件或话语	To inform the relevant people of something; also refers to the document or message conveying it	Informar a las personas interesadas sobre algo; también se refiere al documento o mensaje que lo comunica	HSK4
童年	童年	tóngnián	childhood	infancia, niñez	他的童年过得很快乐。	His childhood was very happy.	Su infancia fue muy feliz.			儿童时期，一般指幼年到少年之间的阶段	The period of being a child, generally from early youth to adolescence	La etapa de la niñez, generalmente desde la primera infancia hasta la adolescencia	HSK4
同时	同時	tóngshí	at the same time; moreover, besides	al mismo tiempo; además	他一边听音乐，同时一边做作业。	He listens to music while doing homework at the same time.	Escucha música mientras hace la tarea al mismo tiempo.			表示两件事在同一个时间发生	Indicates that two things happen at the same time	Indica que dos cosas ocurren en el mismo momento	HSK4
同样	同樣	tóngyàng	same, similar, equally	igual, similar, del mismo modo	我们遇到了同样的问题。	We encountered the same problem.	Nos encontramos con el mismo problema.	一样 (yíyàng) - the same	一样 (yíyàng) - igual	没有差别，彼此一致	Having no difference, consistent with each other	Sin diferencias, iguales entre sí	HSK4
桶	桶	tǒng	bucket, barrel, pail	cubo, balde, barril	他提着一桶水走过来。	He came over carrying a bucket of water.	Vino cargando un cubo de agua.			一种圆柱形的容器，用来装水或其他东西	A cylindrical container used to hold water or other things	Un recipiente cilíndrico usado para contener agua u otras cosas	HSK4
痛	痛	tòng	painful, sore; extremely, bitterly	dolor, dolorido; profundamente, intensamente	我的头很痛。	My head hurts a lot.	Me duele mucho la cabeza.	疼 (téng) - painful	疼 (téng) - doler	身体因受伤或生病而感到的难受感觉	An unpleasant physical sensation caused by injury or illness	Una sensación física desagradable causada por una lesión o enfermedad	HSK4
头痛	頭痛	tóutòng	headache; (figuratively) troublesome	dolor de cabeza; (fig.) problemático	我今天头痛，想早点休息。	I have a headache today, so I want to rest early.	Hoy me duele la cabeza, quiero descansar temprano.			头部感到疼痛	A feeling of pain in the head	Una sensación de dolor en la cabeza	HSK4
图	圖	tú	picture, drawing, diagram; to plan, to scheme, to seek	dibujo, imagen, diagrama; planear, buscar	他在纸上画了一张图。	He drew a picture on the paper.	Dibujó una imagen en el papel.			用线条画出来表示事物形状的东西	Something drawn with lines to represent the shape of an object	Algo dibujado con líneas para representar la forma de un objeto	HSK4
图片	圖片	túpiàn	picture, image, photograph	imagen, foto	这本书里有很多漂亮的图片。	This book has many beautiful pictures.	Este libro tiene muchas imágenes bonitas.	照片 (zhàopiàn) - photograph	照片 (zhàopiàn) - fotografía	图画和照片的统称	A general term for drawings and photographs	Un término general para dibujos y fotografías	HSK4
土	土	tǔ	soil, earth, land; rustic, unrefined	tierra; rústico	这里的土很肥沃。	The soil here is very fertile.	La tierra aquí es muy fértil.	土壤 (tǔrǎng) - soil	土壤 (tǔrǎng) - suelo	泥土；不时髦，不洋气	Soil, earth; unfashionable, unsophisticated	Tierra; anticuado, poco moderno	HSK4
推	推	tuī	to push, to shove	empujar	请帮我推一下门。	Please help me push the door.	Por favor ayúdame a empujar la puerta.			用力使物体移动	To use force to move something	Usar fuerza para mover algo	HSK4
推迟	推遲	tuīchí	to postpone, to delay	aplazar, posponer	会议推迟到明天了。	The meeting has been postponed to tomorrow.	La reunión se ha aplazado a mañana.	延迟 (yánchí) - to delay	延迟 (yánchí) - retrasar	把预定的时间往后移	To move a scheduled time to a later time	Mover una hora programada a más tarde	HSK4
推出	推出	tuīchū	to launch, to release, to introduce	lanzar, presentar	公司推出了一款新产品。	The company launched a new product.	La empresa lanzó un nuevo producto.	发布 (fābù) - to release	发布 (fābù) - publicar	使新的事物出现在公众面前	To make something new appear before the public	Hacer que algo nuevo aparezca ante el público	HSK4
脱	脫	tuō	to take off, to shed	quitarse (ropa)	进门前请脱鞋。	Please take off your shoes before entering.	Por favor quítate los zapatos antes de entrar.	脱下 (tuōxià) - to take off	脱下 (tuōxià) - quitarse	使身体离开所穿的衣物	To remove clothing from the body	Quitarse la ropa que se lleva puesta	HSK4
袜子	襪子	wàzi	socks	calcetines	这双袜子是我妈妈买的。	These socks were bought by my mom.	Estos calcetines los compró mi mamá.			穿在脚上的织物	A knitted item worn on the foot	Prenda tejida que se lleva en el pie	HSK4
外出	外出	wàichū	to go out, to leave home (for a trip or errand)	salir (de casa)	他外出办事了，一会儿就回来。	He went out to take care of some business; he'll be back soon.	Salió a hacer un recado, volverá pronto.	出门 (chūmén) - to go out	出门 (chūmén) - salir de casa	离开家或单位到外面去	To leave home or one's workplace to go outside	Salir de casa o del trabajo hacia afuera	HSK4
外套	外套	wàitào	coat, jacket	abrigo, chaqueta	外面很冷，穿上外套吧。	It's cold outside, put on a coat.	Hace frío afuera, ponte el abrigo.	大衣 (dàyī) - overcoat	大衣 (dàyī) - abrigo	穿在最外面的上衣	An outer garment worn on top of other clothes	Prenda que se lleva encima de la demás ropa	HSK4
完全	完全	wánquán	complete, total; completely, totally	completo; completamente	我完全同意你的看法。	I completely agree with your opinion.	Estoy completamente de acuerdo con tu opinión.	彻底 (chèdǐ) - thoroughly	彻底 (chèdǐ) - a fondo, completamente	全部，没有欠缺	Entirely, without anything lacking	Totalmente, sin que falte nada	HSK4
晚安	晚安	wǎn'ān	good night	buenas noches	我要睡觉了，晚安！	I'm going to sleep, good night!	Me voy a dormir, ¡buenas noches!			晚上临睡前跟人告别的话	A phrase said to someone before going to sleep at night	Expresión que se dice al despedirse antes de dormir	HSK4
晚餐	晚餐	wǎncān	dinner, supper	cena	我们一家人一起吃晚餐。	Our whole family eats dinner together.	Toda la familia cena junta.	晚饭 (wǎnfàn) - dinner	晚饭 (wǎnfàn) - cena	晚上吃的饭	The meal eaten in the evening	La comida que se toma por la noche	HSK4
网购	網購	wǎnggòu	to shop online	comprar por internet	现在很多人喜欢网购。	Nowadays many people like to shop online.	Hoy en día a mucha gente le gusta comprar por internet.	网上购物 (wǎngshàng gòuwù) - to shop online	网上购物 (wǎngshàng gòuwù) - comprar en línea	通过互联网购买商品	To purchase goods through the internet	Comprar productos a través de internet	HSK4
往往	往往	wǎngwǎng	often, frequently	a menudo, frecuentemente	他工作忙的时候往往忘记吃饭。	When he's busy with work, he often forgets to eat.	Cuando está ocupado con el trabajo, a menudo se olvida de comer.	经常 (jīngcháng) - often	经常 (jīngcháng) - a menudo	表示某种情况经常出现	Indicates that a situation frequently occurs	Indica que cierta situación ocurre con frecuencia	HSK4
网页	網頁	wǎngyè	webpage	página web	这个网页打不开了。	This webpage won't open.	Esta página web no se puede abrir.			互联网上的一个页面	A page on the internet	Una página en internet	HSK4
网友	網友	wǎngyǒu	netizen, internet friend	amigo por internet, internauta	我和他是通过网络认识的网友。	He and I are internet friends who met online.	Él y yo somos amigos que nos conocimos por internet.			通过互联网结识的朋友	A friend one gets to know through the internet	Amigo que se conoce a través de internet	HSK4
网址	網址	wǎngzhǐ	website URL, web address	dirección web	请把网址发给我。	Please send me the website URL.	Por favor envíame la dirección web.			网站在互联网上的地址	The address of a website on the internet	La dirección de un sitio web en internet	HSK4
危险	危險	wēixiǎn	dangerous; danger	peligroso; peligro	河边玩水很危险。	Playing in the water by the river is very dangerous.	Jugar con el agua junto al río es muy peligroso.			可能造成损害或伤害的情况	A situation that may cause harm or injury	Situación que puede causar daño o perjuicio	HSK4
为	為	wéi	to act as, to serve as, to be	ser, actuar como	他被选为班长。	He was elected as class monitor.	Fue elegido como jefe de clase.			做，充当某种身份	To do, to serve in a certain role	Hacer, desempeñar cierto papel	HSK4
味	味	wèi	taste, flavor, smell	sabor, olor	这个汤有点儿咸味。	This soup has a bit of a salty taste.	Esta sopa tiene un poco de sabor salado.	味道 (wèidào) - taste	味道 (wèidào) - sabor	舌头尝到或鼻子闻到的感觉	The sensation perceived by the tongue or nose	Sensación percibida por la lengua o la nariz	HSK4
味道	味道	wèidào	taste, flavor	sabor	这道菜的味道非常好。	This dish tastes very good.	El sabor de este plato es muy bueno.	味 (wèi) - taste	味 (wèi) - sabor	食物刺激味觉后产生的感觉	The sensation produced when food stimulates the sense of taste	Sensación que produce la comida al estimular el gusto	HSK4
卫生	衛生	wèishēng	hygiene, sanitation; hygienic, clean	higiene; higiénico	饭前洗手很讲卫生。	Washing your hands before meals is very hygienic.	Lavarse las manos antes de comer es muy higiénico.			有关预防疾病、保护健康的措施或状态	Measures or conditions related to disease prevention and health	Medidas o condiciones relacionadas con prevenir enfermedades y proteger la salud	HSK4
温度	溫度	wēndù	temperature	temperatura	今天的温度比昨天高。	Today's temperature is higher than yesterday's.	La temperatura de hoy es más alta que la de ayer.			表示物体冷热程度的量	A measure indicating how hot or cold something is	Magnitud que indica el grado de calor o frío de algo	HSK4
闻	聞	wén	to smell, to sniff	oler	你闻闻这朵花香不香。	Smell this flower and see if it's fragrant.	Huele esta flor a ver si es fragante.			用鼻子辨别气味	To distinguish a smell using the nose	Distinguir un olor usando la nariz	HSK4
文件	文件	wénjiàn	document, file	documento, archivo	请把这份文件发给我。	Please send me this document.	Por favor envíame este documento.	资料 (zīliào) - material, documents	资料 (zīliào) - datos, documentos	具有正式内容的书面材料	Written material with formal content	Material escrito con contenido formal	HSK4
文章	文章	wénzhāng	essay, article	artículo, ensayo	他写了一篇关于环保的文章。	He wrote an article about environmental protection.	Escribió un artículo sobre la protección del medio ambiente.			用文字写成的作品	A work composed of written text	Obra compuesta por texto escrito	HSK4
文字	文字	wénzì	writing, script, character	escritura, texto	汉字是一种古老的文字。	Chinese characters are an ancient form of writing.	Los caracteres chinos son un tipo de escritura antigua.			记录语言的符号系统	A system of symbols used to record language	Sistema de símbolos para registrar el idioma	HSK4
污染	污染	wūrǎn	to pollute, to contaminate; pollution	contaminar; contaminación	工厂排放的废气污染了空气。	The exhaust gas emitted by the factory has polluted the air.	Los gases que emite la fábrica han contaminado el aire.			有害物质使环境变脏或变坏	Harmful substances making the environment dirty or degraded	Sustancias nocivas que ensucian o dañan el medio ambiente	HSK4
无	無	wú	to not have, to lack, without	no tener, carecer de	他做事无规律，让人担心。	He does things without any regularity, which worries people.	Hace las cosas sin ninguna regularidad, lo cual preocupa a la gente.	没有 (méiyǒu) - to not have	没有 (méiyǒu) - no tener	没有，跟"有"相对	To not have; the opposite of "you" (to have)	No tener; lo contrario de "you" (tener)	HSK4
无法	無法	wúfǎ	unable to, incapable of	no poder, ser incapaz de	由于下大雨，比赛无法进行。	Due to heavy rain, the match could not proceed.	Debido a la fuerte lluvia, el partido no pudo llevarse a cabo.	不能 (bùnéng) - cannot	不能 (bùnéng) - no poder	没有办法，不能做到	To have no way to do something, unable to accomplish it	No tener manera de hacer algo, no poder lograrlo	HSK4
无聊	無聊	wúliáo	boring, dull	aburrido	一个人在家太无聊了。	Being alone at home is too boring.	Estar solo en casa es demasiado aburrido.	没意思 (méi yìsi) - not interesting	没意思 (méi yìsi) - sin interés	因空闲而感到没意思	Feeling bored due to having nothing to do	Sentirse aburrido por no tener nada que hacer	HSK4
无论	無論	wúlùn	no matter what, regardless of	sin importar, no importa	无论多忙，他都会锻炼身体。	No matter how busy he is, he always exercises.	No importa cuán ocupado esté, siempre hace ejercicio.	不管 (bùguǎn) - no matter	不管 (bùguǎn) - sin importar	表示在任何条件下结果都不变	Indicates that the result remains the same under any condition	Indica que el resultado no cambia bajo ninguna condición	HSK4
午餐	午餐	wǔcān	lunch	almuerzo	我们中午一起吃午餐吧。	Let's have lunch together at noon.	Almorcemos juntos al mediodía.	午饭 (wǔfàn) - lunch	午饭 (wǔfàn) - almuerzo	中午吃的饭	The meal eaten at noon	La comida que se toma al mediodía	HSK4
误会	誤會	wùhuì	to misunderstand; misunderstanding	malentender; malentendido	你误会我的意思了。	You misunderstood what I meant.	Malentendiste lo que quise decir.			理解得不正确	To understand something incorrectly	Comprender algo de forma incorrecta	HSK4
吸	吸	xī	to inhale, to suck, to absorb	aspirar, inhalar, absorber	请不要在这里吸烟。	Please don't smoke here.	Por favor no fumes aquí.			把气体或液体引入体内	To draw gas or liquid into the body	Introducir un gas o líquido en el cuerpo	HSK4
西部	西部	xībù	western region, west part	parte occidental, oeste	中国西部有很多高山。	There are many high mountains in western China.	En el oeste de China hay muchas montañas altas.			某个地区靠西的部分	The western part of a certain region	La parte occidental de una región	HSK4
西红柿	西紅柿	xīhóngshì	tomato	tomate	我喜欢吃西红柿炒鸡蛋。	I like eating scrambled eggs with tomato.	Me gusta comer huevo revuelto con tomate.	番茄 (fānqié) - tomato	番茄 (fānqié) - tomate	一种红色的蔬菜，可生吃也可炒食	A red vegetable that can be eaten raw or cooked	Una verdura roja que se puede comer cruda o cocinada	HSK4
吸引	吸引	xīyǐn	to attract	atraer	这家商店的商品吸引了很多顾客。	This store's goods have attracted many customers.	Los productos de esta tienda han atraído a muchos clientes.			使别人的注意力集中过来	To draw someone's attention toward oneself	Hacer que la atención de alguien se centre en algo	HSK4
细	細	xì	thin, fine, detailed	fino, delgado, detallado	这根线很细。	This thread is very thin.	Este hilo es muy fino.			横剖面小，跟"粗"相对	Having a small cross-section; the opposite of "cu" (thick)	Que tiene sección pequeña; lo contrario de "cu" (grueso)	HSK4
细心	細心	xìxīn	careful, attentive	cuidadoso, atento	她做事一直很细心。	She has always been very careful in her work.	Ella siempre ha sido muy cuidadosa en lo que hace.	仔细 (zǐxì) - careful	仔细 (zǐxì) - cuidadoso	用心细密，不马虎	Paying close and careful attention, not careless	Prestar atención cuidadosa y minuciosa, sin descuido	HSK4
下降	下降	xiàjiàng	to decline, to drop, to decrease	descender, disminuir	最近气温下降了很多。	The temperature has dropped a lot recently.	La temperatura ha bajado mucho últimamente.	降低 (jiàngdī) - to decrease	降低 (jiàngdī) - reducir	从高处向低处落，数量或程度变小	To fall from a higher place to a lower one; to decrease in amount or degree	Caer de un lugar alto a uno más bajo; disminuir en cantidad o grado	HSK4
鲜	鮮	xiān	fresh	fresco	这条鱼很新鲜。	This fish is very fresh.	Este pescado está muy fresco.	新鲜 (xīnxiān) - fresh	新鲜 (xīnxiān) - fresco	食物刚生产不久，没有变质	Food that was recently produced and has not spoiled	Alimento recién producido que no se ha echado a perder	HSK4
鲜花	鮮花	xiānhuā	fresh flower	flor fresca	他送给女朋友一束鲜花。	He gave his girlfriend a bouquet of fresh flowers.	Le regaló a su novia un ramo de flores frescas.			新鲜美丽的花	A fresh and beautiful flower	Una flor fresca y hermosa	HSK4
咸	鹹	xián	salty	salado	这个菜太咸了。	This dish is too salty.	Este plato está demasiado salado.			像盐一样的味道	Having a taste like salt	Que tiene sabor a sal	HSK4
现金	現金	xiànjīn	cash	efectivo	我身上没带现金，可以刷卡吗？	I don't have cash on me, can I pay by card?	No traigo efectivo encima, ¿puedo pagar con tarjeta?			可以直接使用的货币	Currency that can be used directly	Dinero que se puede usar directamente	HSK4
羡慕	羨慕	xiànmù	to envy, to admire	envidiar, admirar	我很羡慕她的好口才。	I really admire her eloquence.	Admiro mucho su buena facilidad de palabra.			看到别人好的地方而希望自己也拥有	To see something good in others and wish to have it oneself	Ver algo bueno en otros y desear tenerlo uno mismo	HSK4
线上	線上	xiànshàng	online, on the internet	en línea	这门课程可以线上学习。	This course can be studied online.	Este curso se puede estudiar en línea.	网上 (wǎngshàng) - online	网上 (wǎngshàng) - en línea	通过互联网进行的	Carried out through the internet	Realizado a través de internet	HSK4
线下	線下	xiànxià	offline	fuera de línea, presencial	我们线上聊完再约线下见面。	Let's finish chatting online and then meet up offline.	Terminemos de chatear en línea y luego quedamos para vernos en persona.			不通过互联网，在现实中进行的	Not carried out through the internet, done in real life	No realizado a través de internet, hecho en la vida real	HSK4
现有	現有	xiànyǒu	existing, currently available	existente, disponible actualmente	我们要充分利用现有的资源。	We should make full use of the existing resources.	Debemos aprovechar al máximo los recursos existentes.			现在已经有的	What already exists at present	Lo que ya existe en el presente	HSK4
香	香	xiāng	fragrant, sweet-smelling; delicious	fragante, oloroso; sabroso	这朵花真香。	This flower smells really fragrant.	Esta flor huele realmente bien.			气味好闻，跟"臭"相对	Having a pleasant smell; the opposite of "chou" (smelly)	Que tiene un olor agradable; lo contrario de "chou" (maloliente)	HSK4
相比	相比	xiāngbǐ	to compare with, to contrast	comparar con	跟去年相比，今年的销量增加了。	Compared with last year, this year's sales have increased.	Comparado con el año pasado, las ventas de este año han aumentado.	比较 (bǐjiào) - to compare	比较 (bǐjiào) - comparar	相互对照，看出差别	To contrast two things with each other to see the difference	Contrastar dos cosas entre sí para ver la diferencia	HSK4
相反	相反	xiāngfǎn	opposite, contrary; on the contrary	contrario; al contrario	我的意见和他相反。	My opinion is opposite to his.	Mi opinión es contraria a la suya.	对立 (duìlì) - opposed	对立 (duìlì) - opuesto	两种事物性质完全不同，互相矛盾	Two things being completely different in nature, contradicting each other	Dos cosas de naturaleza totalmente distinta, que se contradicen entre sí	HSK4
相互	相互	xiānghù	mutual, each other	mutuo, mutuamente	我们应该相互帮助。	We should help each other.	Deberíamos ayudarnos mutuamente.	互相 (hùxiāng) - mutually, each other	互相 (hùxiāng) - mutuamente	双方对待对方，彼此	Both sides treating each other; reciprocally	Ambas partes tratándose la una a la otra; recíprocamente	HSK4
相同	相同	xiāngtóng	same, identical	idéntico, igual	我们的想法完全相同。	Our ideas are exactly the same.	Nuestras ideas son exactamente iguales.	一样 (yīyàng) - the same	一样 (yīyàng) - igual	彼此没有差别	No difference between each other	Sin diferencia entre sí	HSK4
详细	詳細	xiángxì	detailed, thorough	detallado	请详细介绍一下这个计划。	Please introduce this plan in detail.	Por favor, presenta este plan con detalle.	具体 (jùtǐ) - specific, concrete	具体 (jùtǐ) - concreto	周密而不遗漏，非常细致	Thorough without omission, very meticulous	Minucioso y sin omisiones, muy detallado	HSK4
响	響	xiǎng	to make a sound, to ring; loud	sonar; fuerte (sonido)	电话响了，快去接。	The phone is ringing, go answer it quickly.	El teléfono está sonando, ve a contestar rápido.			发出声音	To produce a sound	Emitir un sonido	HSK4
想法	想法	xiǎngfǎ	thought, idea, opinion	idea, opinión	你对这件事有什么想法？	What's your idea about this matter?	¿Qué opinión tienes sobre este asunto?	主意 (zhǔyi) - idea<br>意见 (yìjiàn) - opinion	主意 (zhǔyi) - idea<br>意见 (yìjiàn) - opinión	对某事的看法或打算	One's view or intention regarding something	Punto de vista o intención sobre algo	HSK4
项	項	xiàng	measure word for projects, items	clasificador para elementos, proyectos	这项工作很重要。	This task is very important.	Este proyecto es muy importante.			用于分项目的事物	Used for things divided into items	Se usa para cosas divididas en apartados o elementos	HSK4
消息	消息	xiāoxi	news, message, information	noticia, mensaje	我刚收到一个好消息。	I just received good news.	Acabo de recibir una buena noticia.	新闻 (xīnwén) - news<br>信息 (xìnxī) - information	新闻 (xīnwén) - noticia<br>信息 (xìnxī) - información	关于事情情况的报道或传闻	A report or word about the situation of something	Un aviso o noticia sobre la situación de algo	HSK4
小吃	小吃	xiǎochī	snack, light meal	aperitivo, tentempié	这条街上有很多好吃的小吃。	There are many delicious snacks on this street.	En esta calle hay muchos aperitivos deliciosos.			分量小、价格便宜的食品	Small-portion, inexpensive food	Comida en porciones pequeñas y de precio económico	HSK4
小伙子	小伙子	xiǎohuǒzi	young man, lad	muchacho, joven	那个小伙子很有礼貌。	That young man is very polite.	Aquel muchacho es muy educado.	年轻人 (niánqīngrén) - young person	年轻人 (niánqīngrén) - joven	年轻的男子	A young male	Un hombre joven	HSK4
小说	小說	xiǎoshuō	novel, fiction	novela	我喜欢看爱情小说。	I like reading romance novels.	Me gusta leer novelas de amor.			以刻画人物、叙述故事为主的文学作品	A literary work mainly focused on portraying characters and narrating stories	Obra literaria centrada en retratar personajes y narrar historias	HSK4
小组	小組	xiǎozǔ	small group, team	grupo pequeño, equipo	我们被分成了三个小组。	We were divided into three groups.	Nos dividieron en tres grupos.	小队 (xiǎoduì) - small team	小队 (xiǎoduì) - equipo pequeño	为完成某项工作而组成的小集体	A small collective formed to complete a certain task	Un pequeño colectivo formado para realizar cierta tarea	HSK4
效果	效果	xiàoguǒ	effect, result	efecto, resultado	这种药的效果很好。	This medicine's effect is very good.	Este medicamento tiene muy buen efecto.	结果 (jiéguǒ) - result	结果 (jiéguǒ) - resultado	由某种做法或原因所产生的结果	The result produced by a certain method or cause	El resultado producido por cierto método o causa	HSK4
笑话	笑話	xiàohua	joke, laughter; to joke, to laugh at	chiste; reírse de alguien	他给大家讲了一个笑话。	He told everyone a joke.	Él contó un chiste a todos.			引人发笑的话或事；讥笑别人	Words or things that make people laugh; to mock someone	Palabras o cosas que hacen reír; burlarse de alguien	HSK4
血	血	xiě	blood	sangre	他的手受伤了，流了很多血。	His hand was injured and bled a lot.	Se lastimó la mano y sangró mucho.			人或动物体内循环流动的红色液体	The red fluid that circulates in the body of humans or animals	Líquido rojo que circula por el cuerpo de personas y animales	HSK4
心	心	xīn	heart; mind	corazón; mente	她心里很难过。	She feels very sad inside.	Ella está muy triste en su corazón.			人体内推动血液循环的器官；也指内心、思想	The organ in the human body that pumps blood; also refers to the inner mind, thoughts	Órgano del cuerpo que impulsa la circulación de la sangre; también se refiere a la mente o el pensamiento interior	HSK4
辛苦	辛苦	xīnkǔ	hard, laborious; to work hard, to toil	duro, agotador; trabajar duro	你每天工作到很晚，真辛苦。	You work until very late every day, that's really hard.	Trabajas hasta muy tarde todos los días, qué duro.	累 (lèi) - tired	累 (lèi) - cansado	身心劳累，付出辛勤的劳动	Physically and mentally tired, putting in hard labor	Cansado física y mentalmente, dedicando trabajo arduo	HSK4
心情	心情	xīnqíng	mood, feeling	estado de ánimo	今天天气好，我心情也很好。	The weather is nice today, and my mood is good too.	Hoy hace buen tiempo, y mi estado de ánimo también es bueno.	情绪 (qíngxù) - emotion	情绪 (qíngxù) - emoción	内心的感受和情绪状态	One's inner feelings and emotional state	Sentimientos internos y estado emocional	HSK4
信号	信號	xìnhào	signal	señal	这里的手机信号不太好。	The phone signal here isn't very good.	La señal del móvil aquí no es muy buena.			用来传递信息的符号、光、声等	Symbols, lights, sounds, etc. used to transmit information	Símbolos, luces, sonidos, etc. usados para transmitir información	HSK4
信息	信息	xìnxī	information, message	información, mensaje	请把最新的信息发给我。	Please send me the latest information.	Por favor, envíame la información más reciente.	消息 (xiāoxi) - news, message	消息 (xiāoxi) - noticia, mensaje	传递的知识或消息内容	Knowledge or content of a message that is transmitted	Conocimiento o contenido de un mensaje que se transmite	HSK4
信心	信心	xìnxīn	confidence, faith	confianza	我对自己很有信心。	I have a lot of confidence in myself.	Tengo mucha confianza en mí mismo.	自信 (zìxìn) - self-confidence	自信 (zìxìn) - autoconfianza	相信自己愿望或预料会实现的心理	The belief that one's hopes or expectations will come true	La creencia de que los propios deseos o expectativas se harán realidad	HSK4
兴奋	興奮	xīngfèn	excited, thrilled; to excite	emocionado, entusiasmado	听到这个好消息，我非常兴奋。	Hearing this good news, I'm very excited.	Al oír esta buena noticia, estoy muy emocionado.	激动 (jīdòng) - excited, moved	激动 (jīdòng) - emocionado	因受刺激而精神振奋、情绪激动	Being mentally energized and emotionally stirred due to stimulation	Sentirse animado y emocionalmente agitado por algún estímulo	HSK4
星星	星星	xīngxing	star	estrella	今晚的星星特别亮。	Tonight's stars are especially bright.	Las estrellas de esta noche están especialmente brillantes.			夜晚天空中发光的天体	A luminous celestial body seen in the night sky	Cuerpo celeste que brilla en el cielo nocturno	HSK4
醒	醒	xǐng	to wake up, to sober up	despertar(se)	我早上七点就醒了。	I woke up at seven in the morning.	Me desperté a las siete de la mañana.			从睡眠状态恢复清醒	To return to consciousness from sleep	Recobrar la conciencia después de dormir	HSK4
性	性	xìng	suffix meaning nature, character, quality	sufijo que indica naturaleza o cualidad	这个问题很有可能性。	This matter has a lot of possibility.	Este asunto tiene mucha posibilidad.			加在名词或形容词后，表示事物的某种性质	Added after a noun or adjective to indicate a certain quality of something	Se añade tras un sustantivo o adjetivo para indicar cierta cualidad de algo	HSK4
性别	性別	xìngbié	gender, sex	género, sexo	这份表格需要填写性别。	This form requires filling in gender.	Este formulario requiere indicar el género.			男女或雌雄的区别	The distinction between male and female	La distinción entre hombre y mujer, macho y hembra	HSK4
幸福	幸福	xìngfú	happiness; happy, blissful	felicidad; feliz, dichoso	一家人在一起就是幸福。	Being together as a family is happiness.	Estar juntos en familia es la felicidad.	快乐 (kuàilè) - happy, joyful	快乐 (kuàilè) - feliz, alegre	生活、境遇美满，心情舒畅	Having a fulfilling life and circumstances, feeling content	Tener una vida y circunstancias plenas, sintiéndose satisfecho	HSK4
性格	性格	xìnggé	character, personality	carácter, personalidad	她的性格很开朗。	Her personality is very cheerful.	Su carácter es muy alegre.	个性 (gèxìng) - personality	个性 (gèxìng) - personalidad	一个人对现实的态度和习惯的行为方式	A person's attitude toward reality and habitual ways of behaving	La actitud de una persona ante la realidad y su forma habitual de comportarse	HSK4
兄弟	兄弟	xiōngdì	brothers	hermanos	他们兄弟俩感情很好。	The two brothers have a very good relationship.	Los dos hermanos tienen muy buena relación.			哥哥和弟弟的统称	A general term for older and younger brothers	Término general para hermano mayor y hermano menor	HSK4
熊	熊	xióng	bear	oso	森林里有一只黑熊。	There's a black bear in the forest.	Hay un oso negro en el bosque.			一种体型大、四肢粗壮的哺乳动物	A large mammal with thick limbs	Un mamífero de gran tamaño y extremidades robustas	HSK4
修	修	xiū	to repair, to fix; to build	reparar, arreglar; construir	这条路正在修。	This road is being repaired.	Esta carretera se está reparando.	修理 (xiūlǐ) - to repair	修理 (xiūlǐ) - reparar	使损坏的东西恢复完整或建造	To restore something damaged to wholeness, or to build	Restaurar algo dañado o construirlo	HSK4
修理	修理	xiūlǐ	to repair, to fix	reparar, arreglar	师傅正在修理我的自行车。	The mechanic is repairing my bicycle.	El técnico está reparando mi bicicleta.	修 (xiū) - to repair	修 (xiū) - reparar	对有损坏的物品进行修补使其恢复正常	To mend a damaged item so it returns to normal	Reparar un objeto dañado para que vuelva a funcionar normalmente	HSK4
许多	許多	xǔduō	many, numerous	muchos, numerosos	公园里有许多游客。	There are many tourists in the park.	Hay muchos turistas en el parque.	很多 (hěnduō) - a lot	很多 (hěnduō) - muchos	数量很大，很多	A large quantity, a lot	Una gran cantidad, muchos	HSK4
学费	學費	xuéfèi	tuition fee	matrícula, cuota escolar	这所大学的学费很贵。	This university's tuition is very expensive.	La matrícula de esta universidad es muy cara.			上学所交纳的费用	The fee paid for attending school	La cuota que se paga por estudiar	HSK4
学院	學院	xuéyuàn	college, academy, institute	facultad, instituto	他在艺术学院学习绘画。	He studies painting at the art academy.	Él estudia pintura en la facultad de arte.			一种专门培养某类专业人才的高等学校	A type of higher education institution that trains specialized professionals	Un tipo de institución de educación superior que forma profesionales especializados	HSK4
压	壓	yā	to press, to push down, to weigh down	presionar, aplastar	别把箱子压坏了。	Don't press the box until it's broken.	No aplastes la caja.			从上向下施加力量	To apply force from above downward	Ejercer fuerza de arriba hacia abajo	HSK4
压力	壓力	yālì	pressure, stress	presión, estrés	工作压力太大，让我很累。	The work pressure is too much, it makes me very tired.	La presión del trabajo es demasiada, me deja muy cansado.			使人感到有负担、紧张的力量	A force that makes someone feel burdened or tense	Una fuerza que hace sentir a alguien carga o tensión	HSK4
牙膏	牙膏	yágāo	toothpaste	pasta de dientes	我的牙膏用完了。	My toothpaste has run out.	Se me acabó la pasta de dientes.			刷牙时用的膏状清洁用品	A paste-like cleaning product used for brushing teeth	Producto de limpieza en forma de pasta que se usa para cepillarse los dientes	HSK4
亚洲	亞洲	Yàzhōu	Asia	Asia	中国在亚洲。	China is in Asia.	China está en Asia.			世界七大洲之一，面积最大	One of the world's seven continents, the largest in area	Uno de los siete continentes del mundo, el de mayor superficie	HSK4
烟	煙	yān	cigarette, smoke, mist	cigarrillo; humo	请不要在这里抽烟。	Please don't smoke here.	Por favor, no fumes aquí.			燃烧时产生的气体；也指香烟	The gas produced when something burns; also refers to cigarettes	Gas producido al quemarse algo; también se refiere a los cigarrillos	HSK4
盐	鹽	yán	salt	sal	菜里放的盐太多了。	Too much salt was put in the dish.	Se le puso demasiada sal a la comida.			一种白色晶体，用于调味	A white crystalline substance used for seasoning	Sustancia cristalina blanca que se usa para condimentar	HSK4
严格	嚴格	yángé	strict, stringent; to restrict strictly	estricto, riguroso	老师对我们的要求很严格。	The teacher's requirements for us are very strict.	El profesor es muy estricto con nosotros.			要求严肃认真，一丝不苟	Requiring seriousness and meticulousness, no room for carelessness	Exigir seriedad y meticulosidad, sin margen para el descuido	HSK4
研究	研究	yánjiū	to research, to study	investigar	他专门研究中国历史。	He specializes in researching Chinese history.	Él se dedica a investigar la historia de China.			深入探讨、分析问题	To deeply explore and analyze a problem	Explorar y analizar un problema en profundidad	HSK4
研究生	研究生	yánjiūshēng	graduate student, postgraduate	estudiante de posgrado	她现在是北京大学的研究生。	She is now a graduate student at Peking University.	Ella ahora es estudiante de posgrado en la Universidad de Pekín.			大学本科毕业后继续深造的学生	A student who continues studying after finishing undergraduate studies	Estudiante que continúa sus estudios tras terminar la licenciatura	HSK4
严重	嚴重	yánzhòng	serious, severe, grave	grave, serio	这次事故的后果很严重。	The consequences of this accident are very serious.	Las consecuencias de este accidente son muy graves.			情况紧急、影响很大，达到危险的程度	A situation that is urgent, has great impact, and reaches a dangerous degree	Situación urgente, de gran impacto, que llega a ser peligrosa	HSK4
演	演	yǎn	to act, to perform, to play	actuar, interpretar	他在电影里演一个医生。	He plays a doctor in the movie.	Él interpreta a un médico en la película.	表演 (biǎoyǎn) - to perform	表演 (biǎoyǎn) - actuar	依照角色要求进行表演	To perform according to the requirements of a role	Actuar según lo que requiere un papel	HSK4
演唱	演唱	yǎnchàng	to sing, to perform vocally	cantar (en actuación)	她将在晚会上演唱一首歌。	She will sing a song at the evening party.	Ella cantará una canción en la fiesta nocturna.	唱歌 (chànggē) - to sing	唱歌 (chànggē) - cantar	当众歌唱	To sing in front of an audience	Cantar ante un público	HSK4
演出	演出	yǎnchū	to perform, to put on a show	actuar, presentar un espectáculo	今晚剧院有一场精彩的演出。	There's a wonderful performance at the theater tonight.	Esta noche hay una función espectacular en el teatro.	表演 (biǎoyǎn) - to perform	表演 (biǎoyǎn) - actuar	把戏剧、舞蹈、杂技等表演给观众看	To present drama, dance, acrobatics, etc. to an audience	Presentar teatro, danza, acrobacia, etc. ante el público	HSK4
眼镜	眼鏡	yǎnjìng	eyeglasses, glasses	gafas, anteojos	他戴着一副黑色的眼镜。	He is wearing a pair of black glasses.	Él lleva puestas unas gafas negras.			用来矫正视力或保护眼睛的镜片	Lenses used to correct vision or protect the eyes	Lentes que se usan para corregir la vista o proteger los ojos	HSK4
眼前	眼前	yǎnqián	before one's eyes; at the moment, now	ante los ojos; en este momento	眼前的问题需要马上解决。	The problem at hand needs to be solved right away.	El problema actual necesita resolverse de inmediato.	目前 (mùqián) - currently	目前 (mùqián) - actualmente	眼睛所看到的地方；也指当前时刻	The place one's eyes see; also refers to the current moment	El lugar que ven los ojos; también se refiere al momento actual	HSK4
演员	演員	yǎnyuán	actor; performer	actor	他是一个有名的演员。	He is a famous actor.	Él es un actor famoso.			表演戏剧、电影、电视剧等的人	A person who performs in plays, films, TV dramas, etc.	Persona que actúa en obras de teatro, películas, series de televisión, etc.	HSK4
阳光	陽光	yángguāng	sunlight, sunshine	luz del sol	今天阳光很好。	The sunlight is very nice today.	Hoy hace muy buen sol.	日光 (rì guāng) - sunlight	日光 (rì guāng) - luz del día	太阳发出的光	The light emitted by the sun	La luz que emite el sol	HSK4
养成	養成	yǎngchéng	to develop, to cultivate, to form (a habit)	formar, desarrollar (un hábito)	要养成早睡早起的好习惯。	You should form the good habit of sleeping early and getting up early.	Hay que formar el buen hábito de dormir temprano y levantarse temprano.	培养 (péi yǎng) - to cultivate, to foster	培养 (péi yǎng) - cultivar, fomentar	逐渐形成（某种习惯、性格等）	To gradually form (a habit, character, etc.)	Formar gradualmente (un hábito, un carácter, etc.)	HSK4
样子	樣子	yàngzi	appearance, look, manner	aspecto, apariencia	她看起来很累的样子。	She looks tired.	Ella tiene aspecto de estar muy cansada.	外表 (wài biǎo) - appearance	外表 (wài biǎo) - apariencia	人或事物外部的形状、状态	The external shape or state of a person or thing	La forma o el estado externo de una persona o cosa	HSK4
邀请	邀請	yāoqǐng	to invite	invitar	我邀请你来我家吃饭。	I invite you to come to my house for dinner.	Te invito a venir a mi casa a comer.	请 (qǐng) - to invite, to ask	请 (qǐng) - invitar, pedir	请人到指定的地方去或做某事	To ask someone to go to a certain place or do something	Pedir a alguien que vaya a un lugar determinado o haga algo	HSK4
要是	要是	yàoshi	if, suppose	si (condicional)	要是明天下雨，我们就不去了。	If it rains tomorrow, we won't go.	Si mañana llueve, no iremos.	如果 (rú guǒ) - if	如果 (rú guǒ) - si	表示假设，相当于"如果"	Indicates a hypothesis, equivalent to "if"	Indica una suposición, equivalente a "si"	HSK4
钥匙	鑰匙	yàoshi	key	llave	我忘了带钥匙。	I forgot to bring my key.	Olvidé traer la llave.			开锁的工具	A tool used to open a lock	Herramienta que se usa para abrir una cerradura	HSK4
也许	也許	yěxǔ	maybe, perhaps	quizás, tal vez	他今天也许不来了。	Maybe he won't come today.	Quizás él no venga hoy.	可能 (kě néng) - maybe, possibly	可能 (kě néng) - quizás, posiblemente	表示不确定的语气，相当于"或许"	Expresses uncertainty, equivalent to "perhaps"	Expresa incertidumbre, equivalente a "quizás"	HSK4
夜	夜	yè	night; measure word for segments of the night	noche	昨夜下了一场大雨。	It rained heavily last night.	Anoche cayó una fuerte lluvia.	夜晚 (yè wǎn) - night	夜晚 (yè wǎn) - noche	从天黑到天亮的一段时间	The period of time from dark to dawn	El periodo de tiempo desde que anochece hasta que amanece	HSK4
夜晚	夜晚	yèwǎn	night, evening	noche	夜晚的城市很安静。	The city is very quiet at night.	La ciudad está muy tranquila por la noche.	晚上 (wǎn shang) - evening, night	晚上 (wǎn shang) - noche	黑夜，天黑以后的时间	Nighttime, the period after dark	La noche, el periodo posterior al anochecer	HSK4
叶子	葉子	yèzi	leaf	hoja	秋天到了，树上的叶子都黄了。	Autumn has arrived, and the leaves on the trees have all turned yellow.	Llegó el otoño y las hojas de los árboles se pusieron amarillas.			植物茎上长出的绿色薄片状器官	The thin green organ that grows on the stem of a plant	Órgano verde y delgado que crece en el tallo de una planta	HSK4
一切	一切	yíqiè	everything	todo	一切都会好起来的。	Everything will be fine.	Todo va a estar bien.	全部 (quán bù) - all, everything	全部 (quán bù) - todo, la totalidad	全部，所有的（事物）	All, everything (of things)	Todo, la totalidad (de las cosas)	HSK4
已	已	yǐ	already	ya	时间已不早了。	It's already quite late.	Ya no es temprano.	已经 (yǐ jīng) - already	已经 (yǐ jīng) - ya	表示动作、变化完成，相当于"已经"	Indicates that an action or change has been completed, equivalent to "already"	Indica que una acción o cambio se ha completado, equivalente a "ya"	HSK4
以内	以內	yǐnèi	within	dentro de	请在三天以内回复我。	Please reply to me within three days.	Por favor, respóndeme dentro de tres días.			表示在一定的时间、数量、范围界限之内	Indicates being within a certain limit of time, quantity, or range	Indica estar dentro de un límite determinado de tiempo, cantidad o alcance	HSK4
意见	意見	yìjiàn	opinion	opinión	大家对这个计划有不同的意见。	Everyone has different opinions about this plan.	Todos tienen opiniones diferentes sobre este plan.	看法 (kàn fǎ) - view, opinion	看法 (kàn fǎ) - punto de vista, opinión	对事物的看法或想法	A view or thought about something	Un punto de vista o idea sobre algo	HSK4
一生	一生	yìshēng	lifetime, all one's life	toda la vida	他一生都在研究历史。	He spent his whole life studying history.	Él dedicó toda su vida a estudiar historia.	一辈子 (yí bèi zi) - a lifetime	一辈子 (yí bèi zi) - toda la vida	从出生到死亡的整个过程	The entire span from birth to death	Todo el periodo desde el nacimiento hasta la muerte	HSK4
艺术	藝術	yìshù	art	arte	她非常喜欢艺术。	She really likes art.	A ella le gusta mucho el arte.			用形象来反映现实、表达情感的一种社会活动	A social activity that reflects reality and expresses emotion through imagery	Actividad social que refleja la realidad y expresa sentimientos mediante imágenes	HSK4
因此	因此	yīncǐ	therefore	por eso, por lo tanto	他很努力学习，因此考试成绩很好。	He studies very hard, so his exam results are very good.	Él estudia mucho, por eso sus notas en el examen son muy buenas.	所以 (suǒ yǐ) - so, therefore	所以 (suǒ yǐ) - por eso, así que	表示因果关系，相当于"所以"	Indicates a cause-and-effect relationship, equivalent to "so"	Indica una relación de causa y efecto, equivalente a "por eso"	HSK4
引起	引起	yǐnqǐ	to cause	causar, provocar	这件事引起了大家的注意。	This matter caught everyone's attention.	Este asunto llamó la atención de todos.	导致 (dǎo zhì) - to lead to, to cause	导致 (dǎo zhì) - provocar, causar	使某种情况或现象产生	To cause a certain situation or phenomenon to occur	Hacer que surja cierta situación o fenómeno	HSK4
印象	印象	yìnxiàng	impression	impresión	他给我留下了很好的印象。	He left a very good impression on me.	Él me dejó una muy buena impresión.			客观事物在人脑中留下的迹象	The trace that objective things leave in a person's mind	La huella que las cosas dejan en la mente de una persona	HSK4
赢	贏	yíng	win	ganar	我们队赢了这场比赛。	Our team won this match.	Nuestro equipo ganó este partido.	获胜 (huò shèng) - to win, to be victorious	获胜 (huò shèng) - ganar, resultar vencedor	在比赛、竞争中取得胜利	To achieve victory in a competition or contest	Obtener la victoria en una competencia o concurso	HSK4
赢得	贏得	yíngdé	to gain, to win	ganarse, obtener	他的表演赢得了观众的掌声。	His performance won applause from the audience.	Su actuación se ganó el aplauso del público.	获得 (huò dé) - to obtain, to gain	获得 (huò dé) - obtener, conseguir	通过努力获得（某种成果、评价等）	To obtain (a result, evaluation, etc.) through effort	Obtener (un resultado, valoración, etc.) mediante esfuerzo	HSK4
应聘	應聘	yìngpìn	to apply for a job, to respond to a job advertisement	postularse a un empleo	他去那家公司应聘经理的职位。	He went to apply for the manager position at that company.	Él fue a postularse para el puesto de gerente en esa empresa.			接受聘请，去应征某个职位	To accept an offer and apply for a job position	Aceptar una oferta y postularse a un puesto de trabajo	HSK4
勇敢	勇敢	yǒnggǎn	brave, courageous	valiente	这个小男孩很勇敢。	This little boy is very brave.	Este niño es muy valiente.	大胆 (dà dǎn) - bold, daring	大胆 (dà dǎn) - atrevido, audaz	不怕危险和困难，有胆量	Not afraid of danger and difficulty, having courage	No tener miedo al peligro ni a las dificultades, tener valor	HSK4
永远	永遠	yǒngyuǎn	forever, always; eternity	para siempre	我永远不会忘记你。	I will never forget you.	Nunca te olvidaré.			永久，时间没有终止	Permanent, with no end in time	Permanente, sin fin en el tiempo	HSK4
用来	用來	yònglái	to be used for, to serve as	usarse para	这个工具是用来切菜的。	This tool is used for cutting vegetables.	Esta herramienta se usa para cortar verduras.			用……来做某事	To use (something) to do a certain thing	Usar (algo) para hacer cierta cosa	HSK4
用于	用於	yòngyú	to be used for, to be applied to	usarse para, aplicarse a	这笔钱将用于学校的建设。	This money will be used for the school's construction.	Este dinero se usará para la construcción de la escuela.			使用在（某方面）	To be applied to (a certain area)	Emplearse en (cierto ámbito)	HSK4
优点	優點	yōudiǎn	advantage, merit, strong point	ventaja, virtud	每个人都有自己的优点和缺点。	Everyone has their own strengths and weaknesses.	Cada persona tiene sus propias virtudes y defectos.	长处 (cháng chu) - strong point	长处 (cháng chu) - punto fuerte	好的、值得肯定的地方	A good point worth affirming	Un aspecto bueno y digno de reconocimiento	HSK4
幽默	幽默	yōumò	humorous	gracioso, con humor	他是一个很幽默的人。	He is a very humorous person.	Él es una persona muy graciosa.	风趣 (fēng qù) - witty, humorous	风趣 (fēng qù) - ocurrente, gracioso	说话、行动有趣、引人发笑而意味深长	Speech or behavior that is amusing and funny with a deeper meaning	Que en el habla o el comportamiento resulta divertido y hace reír con cierto trasfondo	HSK4
优秀	優秀	yōuxiù	excellent, outstanding	excelente, sobresaliente	她是班里最优秀的学生。	She is the best student in the class.	Ella es la mejor estudiante de la clase.	出色 (chū sè) - outstanding	出色 (chū sè) - destacado, sobresaliente	非常好，超过一般水平	Very good, above the average level	Muy bueno, por encima del nivel normal	HSK4
由	由	yóu	by, through, from, because of	por, a partir de	这个项目由他负责。	This project is led by him.	Este proyecto está a cargo de él.			表示事情的来源或者做事的人	Indicates the source of something or the person responsible for doing it	Indica el origen de algo o la persona encargada de hacerlo	HSK4
油	油	yóu	oil, fat, grease	aceite	做菜的时候要放一点油。	You need to add a little oil when cooking.	Al cocinar hay que echar un poco de aceite.			动植物或矿物中提取的油脂类物质	A fatty substance extracted from animals, plants, or minerals	Sustancia grasa extraída de animales, plantas o minerales	HSK4
尤其	尤其	yóuqí	especially, particularly	especialmente	我喜欢运动，尤其是游泳。	I like sports, especially swimming.	Me gusta el deporte, especialmente la natación.	特别 (tè bié) - especially	特别 (tè bié) - especialmente	表示在一般情况中更突出的部分，相当于"特别"	Indicates a part that stands out more within a general situation, equivalent to "especially"	Indica una parte que destaca más dentro de una situación general, equivalente a "especialmente"	HSK4
游玩	遊玩	yóuwán	to play, to have fun, to go sightseeing	pasear, divertirse	周末我们去公园游玩。	On the weekend we go to the park to have fun.	El fin de semana vamos al parque a pasear.	玩耍 (wán shuǎ) - to play	玩耍 (wán shuǎ) - jugar, divertirse	游览玩耍	To tour and play, to go sightseeing for fun	Pasear y divertirse, hacer turismo por diversión	HSK4
由于	由於	yóuyú	because of, due to; owing to	debido a	由于下雨，比赛推迟了。	Due to the rain, the match was postponed.	Debido a la lluvia, el partido se pospuso.	因为 (yīn wèi) - because	因为 (yīn wèi) - porque	表示原因，相当于"因为"	Indicates a reason, equivalent to "because"	Indica una causa, equivalente a "porque"	HSK4
友好	友好	yǒuhǎo	friendly	amistoso	他对每个人都很友好。	He is very friendly to everyone.	Él es muy amistoso con todos.	和气 (hé qi) - amiable, kind	和气 (hé qi) - amable, cordial	亲近和睦，态度好	Close and harmonious, with a good attitude	Cercano y cordial, con buena actitud	HSK4
友情	友情	yǒuqíng	friendship	amistad	他们之间的友情已经持续了十年。	Their friendship has already lasted ten years.	Su amistad ya lleva diez años.	友谊 (yǒu yì) - friendship	友谊 (yǒu yì) - amistad	朋友之间的感情	The feeling between friends	El sentimiento entre amigos	HSK4
有趣	有趣	yǒuqù	interesting, enjoyable, fun	interesante, divertido	这本书的故事很有趣。	The story in this book is very interesting.	La historia de este libro es muy interesante.	好玩 (hǎo wán) - fun	好玩 (hǎo wán) - divertido	能引起兴趣，令人喜爱	Able to arouse interest, delightful	Que despierta interés, agradable	HSK4
有效	有效	yǒuxiào	effective, to be effective	eficaz, válido	这种方法很有效。	This method is very effective.	Este método es muy eficaz.			能产生预期的效果	Able to produce the expected effect	Que produce el efecto esperado	HSK4
友谊	友誼	yǒuyì	friendship	amistad	我们的友谊会永远持续下去。	Our friendship will last forever.	Nuestra amistad durará para siempre.	友情 (yǒu qíng) - friendship	友情 (yǒu qíng) - amistad, cariño	朋友之间的深厚感情	The deep feeling between friends	El sentimiento profundo entre amigos	HSK4
有着	有著	yǒuzhe	to have, to possess	tener, poseer	这座城市有着悠久的历史。	This city has a long history.	Esta ciudad tiene una larga historia.	拥有 (yōng yǒu) - to possess, to own	拥有 (yōng yǒu) - poseer, tener	有的强调说法，表示持续拥有	An emphatic form of "have," indicating continuous possession	Forma enfática de "tener" que indica posesión continua	HSK4
愉快	愉快	yúkuài	pleasant, cheerful	alegre, agradable	祝你旅途愉快！	Wish you a pleasant trip!	¡Que tengas un viaje agradable!	高兴 (gāo xìng) - happy	高兴 (gāo xìng) - contento, feliz	心情舒畅快乐	Feeling relaxed and happy	Sentirse a gusto y feliz	HSK4
于是	於是	yúshì	therefore, hence, so	así que, entonces	天太冷了，于是我穿上了大衣。	It was too cold, so I put on my coat.	Hacía demasiado frío, así que me puse el abrigo.	因此 (yīn cǐ) - therefore	因此 (yīn cǐ) - por eso	表示后一件事紧接着前一件事发生	Indicates that the latter event happens right after the former	Indica que un hecho ocurre justo después de otro	HSK4
与	與	yǔ	with, and	y, con	我与他是好朋友。	He and I are good friends.	Él y yo somos buenos amigos.	和 (hé) - and, with	和 (hé) - y, con	表示并列或共同，相当于"和"	Indicates coordination or togetherness, equivalent to "and"	Indica coordinación o compañía, equivalente a "y"	HSK4
语法	語法	yǔfǎ	grammar	gramática	汉语语法和英语语法不太一样。	Chinese grammar is quite different from English grammar.	La gramática china es bastante diferente de la gramática inglesa.			语言的结构规律	The structural rules of a language	Las reglas estructurales de un idioma	HSK4
预习	預習	yùxí	to preview, to prepare	prepararse (la lección) de antemano	上课前要预习课文。	You should preview the text before class.	Hay que preparar el texto antes de la clase.			学生在老师讲课前自学将要学习的内容	Students studying the upcoming lesson content on their own before the teacher's class	Estudiar por adelantado el contenido de la clase antes de que el profesor la imparta	HSK4
原来	原來	yuánlái	original, former; originally, actually	originalmente; resulta que	原来他就是我的新同事。	So it turns out he is my new colleague.	Resulta que él es mi nuevo compañero de trabajo.	本来 (běn lái) - originally	本来 (běn lái) - originalmente	表示发现了原先不知道的情况，也指最初的	Indicates the discovery of a previously unknown situation; also means original or former	Indica el descubrimiento de algo que antes no se sabía; también significa original o anterior	HSK4
原谅	原諒	yuánliàng	to forgive, to excuse, to pardon	perdonar	请原谅我的错误。	Please forgive my mistake.	Por favor, perdona mi error.	谅解 (liàng jiě) - to understand, to forgive	谅解 (liàng jiě) - comprender, perdonar	对别人的过错不加责怪，表示宽容	To not blame someone for their fault, showing tolerance	No culpar a alguien por su falta, mostrando tolerancia	HSK4
原因	原因	yuányīn	cause, reason	causa, motivo	他没告诉我们迟到的原因。	He didn't tell us the reason he was late.	No nos dijo el motivo de su retraso.	理由 (lǐ yóu) - reason	理由 (lǐ yóu) - motivo, razón	造成某种结果的条件	The condition that leads to a certain result	La condición que provoca cierto resultado	HSK4
远离	遠離	yuǎnlí	to stay away from, to keep away from	alejarse de	医生建议他远离烟酒。	The doctor advised him to stay away from tobacco and alcohol.	El médico le aconsejó alejarse del tabaco y el alcohol.			离开某处或某物，保持距离	To leave a place or thing and keep a distance from it	Alejarse de un lugar o cosa y mantener distancia	HSK4
院长	院長	yuànzhǎng	dean; head of a hospital or institution	decano; director de un hospital o institución	张教授是我们学院的院长。	Professor Zhang is the dean of our college.	El profesor Zhang es el decano de nuestra facultad.	主任 (zhǔrèn) - director	主任 (zhǔrèn) - director	医院、学院等机构的最高负责人	The top person in charge of a hospital, college, or similar institution	La persona a cargo de mayor rango en un hospital, facultad u otra institución	HSK4
院子	院子	yuànzi	courtyard, yard	patio	我家院子里种了很多花。	My family's yard has many flowers planted in it.	En el patio de mi casa hay muchas flores plantadas.	庭院 (tíngyuàn) - courtyard	庭院 (tíngyuàn) - patio	房屋周围或中间的空地	An open space around or inside a building	Un espacio abierto alrededor o en medio de una casa	HSK4
约	約	yuē	to arrange, to make an appointment; approximately, about	quedar, citar; aproximadamente	我约了朋友明天去看电影。	I arranged with a friend to go see a movie tomorrow.	Quedé con un amigo para ir al cine mañana.	大约 (dàyuē) - approximately<br>预约 (yùyuē) - to make an appointment	大约 (dàyuē) - aproximadamente<br>预约 (yùyuē) - reservar cita	事先约定；表示大概的数目	To arrange in advance; to indicate an approximate number	Acordar algo de antemano; indicar una cantidad aproximada	HSK4
约会	約會	yuēhuì	date, appointment; to have a date	cita	今晚我和女朋友有个约会。	Tonight I have a date with my girlfriend.	Esta noche tengo una cita con mi novia.	约 (yuē) - to arrange, appointment	约 (yuē) - cita, quedar	事先约定的会面，多指男女之间	A prearranged meeting, often romantic	Un encuentro acordado de antemano, a menudo entre parejas	HSK4
月饼	月餅	yuèbing	mooncake	pastel de luna	中秋节的时候大家喜欢吃月饼。	During the Mid-Autumn Festival, everyone likes to eat mooncakes.	En el Festival del Medio Otoño, a todos les gusta comer pasteles de luna.			中秋节吃的一种圆形糕点	A round pastry eaten during the Mid-Autumn Festival	Un pastel redondo que se come durante el Festival del Medio Otoño	HSK4
阅读	閱讀	yuèdú	to read	leer	阅读可以增加我们的知识。	Reading can increase our knowledge.	Leer puede aumentar nuestro conocimiento.	读 (dú) - to read	读 (dú) - leer	看书报并领会其内容	To look at written material and understand its content	Mirar un texto y comprender su contenido	HSK4
月份	月份	yuèfèn	month	mes	你是几月份出生的？	In which month were you born?	¿En qué mes naciste?			表示时间的月，一年中的某一个月	A specific month within a year	Un mes determinado dentro de un año	HSK4
云	雲	yún	cloud	nube	今天天上有很多白云。	Today there are many white clouds in the sky.	Hoy hay muchas nubes blancas en el cielo.			空气中悬浮的小水滴或冰晶聚集而成的物体	A mass formed by tiny water droplets or ice crystals suspended in the air	Una masa formada por pequeñas gotas de agua o cristales de hielo suspendidos en el aire	HSK4
允许	允許	yǔnxǔ	to permit, to allow	permitir	老师不允许我们上课玩手机。	The teacher does not allow us to play with our phones in class.	El profesor no nos permite usar el móvil en clase.	许可 (xǔkě) - to permit	许可 (xǔkě) - permitir, autorizar	同意别人的要求，让别人做某事	To agree to a request and let someone do something	Aceptar una petición y dejar que alguien haga algo	HSK4
杂志	雜誌	zázhì	magazine	revista	我每个月都买一本杂志。	I buy a magazine every month.	Compro una revista todos los meses.			定期出版的、有多种内容的印刷读物	A periodically published print publication with varied content	Una publicación impresa periódica con contenido variado	HSK4
再次	再次	zàicì	once again, once more	de nuevo, otra vez	他再次获得了比赛的冠军。	He won the championship again.	Él ganó el campeonato de nuevo.	又 (yòu) - again<br>重新 (chóngxīn) - anew, again	又 (yòu) - de nuevo<br>重新 (chóngxīn) - de nuevo, otra vez	表示第二次或又一次	Indicates a second time or one more time	Indica una segunda vez o una vez más	HSK4
再说	再說	zàishuō	to put off until later; besides, moreover	dejarlo para más tarde; además	这件事以后再说吧。	Let's talk about this matter later.	Hablemos de este asunto más tarde.	而且 (érqiě) - moreover	而且 (érqiě) - además	把事情往后推迟；另外，用于补充理由	To postpone something until later; also used to add another reason	Posponer algo para después; también se usa para añadir otra razón	HSK4
暂时	暫時	zànshí	temporary, for the time being	temporal, por el momento	这只是暂时的困难，我们会解决的。	This is just a temporary difficulty, we will solve it.	Esto es solo una dificultad temporal, la resolveremos.	临时 (línshí) - temporary	临时 (línshí) - temporal, provisional	短时间内，非长久的	Lasting only a short time, not permanent	Que dura poco tiempo, no permanente	HSK4
暂停	暫停	zàntíng	to pause, to suspend	pausar, suspender temporalmente	比赛因为下雨暂停了。	The match was suspended because of the rain.	El partido se suspendió temporalmente por la lluvia.	停止 (tíngzhǐ) - to stop	停止 (tíngzhǐ) - detener, parar	短时间内停止进行的活动	To stop an activity for a short period of time	Detener una actividad durante un breve periodo de tiempo	HSK4
早餐	早餐	zǎocān	breakfast	desayuno	我每天早上七点吃早餐。	I eat breakfast at seven o'clock every morning.	Desayuno todos los días a las siete de la mañana.	早饭 (zǎofàn) - breakfast	早饭 (zǎofàn) - desayuno	早上吃的第一顿饭	The first meal eaten in the morning	La primera comida que se toma por la mañana	HSK4
早晨	早晨	zǎochen	morning, early morning	mañana temprano	早晨的空气特别新鲜。	The air in the early morning is especially fresh.	El aire de la mañana es especialmente fresco.	早上 (zǎoshang) - morning	早上 (zǎoshang) - por la mañana	天刚亮到八九点钟的一段时间	The period from dawn until around eight or nine o'clock	El periodo desde el amanecer hasta cerca de las ocho o nueve	HSK4
责任	責任	zérèn	responsibility, duty	responsabilidad	照顾孩子是父母的责任。	Taking care of children is the parents' responsibility.	Cuidar a los hijos es responsabilidad de los padres.	义务 (yìwù) - duty, obligation	义务 (yìwù) - deber, obligación	应该做的事情或没做好应承担的过错	Something one is supposed to do, or the blame for failing to do it	Algo que uno debe hacer, o la culpa que debe asumir si no lo hace bien	HSK4
增加	增加	zēngjiā	to increase, to add	aumentar	今年公司的收入增加了很多。	The company's income increased a lot this year.	Los ingresos de la empresa aumentaron mucho este año.	增长 (zēngzhǎng) - to grow, increase	增长 (zēngzhǎng) - crecer, aumentar	在原有基础上加多	To add more on top of an existing amount	Añadir más sobre una cantidad ya existente	HSK4
增长	增長	zēngzhǎng	to grow, to increase, to rise	crecer, aumentar	中国经济近年来增长很快。	China's economy has grown quickly in recent years.	La economía china ha crecido muy rápido en los últimos años.	增加 (zēngjiā) - to increase	增加 (zēngjiā) - aumentar	数量、程度等逐渐提高	For a quantity or degree to gradually rise	Que una cantidad o grado aumente gradualmente	HSK4
招聘	招聘	zhāopìn	to recruit, to hire	contratar, reclutar	这家公司正在招聘新员工。	This company is recruiting new employees.	Esta empresa está contratando nuevos empleados.	招工 (zhāogōng) - to recruit workers	招工 (zhāogōng) - contratar trabajadores	用公开的方式寻找并聘用人员	To publicly seek out and hire personnel	Buscar y contratar personal de forma pública	HSK4
着	著	zháo	to catch, to touch, to fall asleep; used as a verb complement indicating success or attainment	lograr, alcanzar (como complemento verbal de éxito)	我昨晚很晚才睡着。	Last night I didn't fall asleep until very late.	Anoche no me dormí hasta muy tarde.			用在动词后，表示达到目的或有了结果	Used after a verb to indicate that a goal has been achieved or a result obtained	Se usa después de un verbo para indicar que se ha logrado un objetivo o resultado	HSK4
着火	著火	zháohuǒ	to catch fire, to ignite	incendiarse, prender fuego	厨房突然着火了，大家赶紧跑了出去。	The kitchen suddenly caught fire, and everyone rushed outside.	La cocina se incendió de repente y todos salieron corriendo.	起火 (qǐhuǒ) - to catch fire	起火 (qǐhuǒ) - incendiarse	开始燃烧起来	To start burning	Empezar a arder	HSK4
者	者	zhě	-er, one who (suffix indicating a person)	-dor/-ista, persona que (sufijo)	他是一位有名的记者。	He is a famous journalist.	Él es un periodista famoso.			用在动词、形容词等后面，指做某事或有某种特点的人	Attached after a verb or adjective to indicate a person who does something or has a certain trait	Se coloca tras un verbo o adjetivo para indicar a la persona que hace algo o tiene cierta característica	HSK4
真正	真正	zhēnzhèng	true, genuine, real	verdadero, auténtico	他是我真正的朋友。	He is my true friend.	Él es mi verdadero amigo.	真的 (zhēn de) - really, truly	真的 (zhēn de) - de verdad	与事实完全相符的，不是假的	Completely in accordance with facts, not fake	Que corresponde totalmente con la realidad, no es falso	HSK4
整	整	zhěng	whole, entire, complete	entero, completo	他整整等了三个小时。	He waited for a whole three hours.	Esperó tres horas enteras.	整个 (zhěnggè) - whole, entire	整个 (zhěnggè) - todo, entero	全部的，没有残缺的	Whole, without any part missing	Completo, sin que falte ninguna parte	HSK4
整个	整個	zhěnggè	the whole, entire	todo, entero	整个教室都安静下来了。	The whole classroom became quiet.	Todo el salón de clase se quedó en silencio.	全部 (quánbù) - all, entire	全部 (quánbù) - todo, la totalidad	全部的，从头到尾的	The entirety, from beginning to end	La totalidad, de principio a fin	HSK4
整理	整理	zhěnglǐ	to tidy up, to organize, to sort out	ordenar, organizar	周末我要整理一下自己的房间。	This weekend I need to tidy up my room.	Este fin de semana voy a ordenar mi habitación.	收拾 (shōushi) - to tidy up	收拾 (shōushi) - ordenar, recoger	使凌乱的东西变得有条理	To make disorganized things orderly	Poner en orden algo que estaba desordenado	HSK4
证	證	zhèng	certificate, proof, ID	certificado, credencial, prueba	出门要带上身份证。	You need to bring your ID card when going out.	Hay que llevar el documento de identidad al salir.	证件 (zhèngjiàn) - ID, credentials	证件 (zhèngjiàn) - documento de identidad	用来证明身份或事实的凭据	A document used to prove one's identity or a fact	Un documento que sirve para demostrar la identidad o un hecho	HSK4
正常	正常	zhèngcháng	normal, regular	normal	现在他的身体已经恢复正常了。	His health has now returned to normal.	Ahora su salud ya ha vuelto a la normalidad.	平常 (píngcháng) - ordinary, usual	平常 (píngcháng) - normal, habitual	符合一般规律或情况的，没有异常	In accordance with the usual pattern, without any abnormality	Que se ajusta a lo habitual, sin nada anómalo	HSK4
正好	正好	zhènghǎo	just right, exactly; coincidentally	justo, precisamente	你来得正好，我正想找你呢。	You came at just the right time, I was just looking for you.	Llegas justo a tiempo, precisamente te estaba buscando.	恰好 (qiàhǎo) - just right, coincidentally	恰好 (qiàhǎo) - justo, casualmente	表示时间、数量、程度等正合适	Indicates that the timing, quantity, or degree is exactly right	Indica que el momento, la cantidad o el grado son exactamente los adecuados	HSK4
证件	證件	zhèngjiàn	ID card, identification papers, credentials	documento de identidad, credencial	请出示您的证件。	Please show your identification.	Por favor, muestre su documento de identidad.	身份证 (shēnfènzhèng) - ID card	身份证 (shēnfènzhèng) - carné de identidad	证明身份、经历等的文件	A document proving one's identity or background	Un documento que acredita la identidad o los antecedentes de una persona	HSK4
证明	證明	zhèngmíng	to prove; proof, certificate	demostrar, probar; certificado	事实证明他是对的。	The facts prove that he was right.	Los hechos demuestran que él tenía razón.	证实 (zhèngshí) - to confirm, verify	证实 (zhèngshí) - confirmar, verificar	用事实或理由来表明某种情况是真实的	To show that something is true by using facts or reasons	Mostrar que algo es verdad mediante hechos o razones	HSK4
正确	正確	zhèngquè	correct, accurate	correcto	你的答案是正确的。	Your answer is correct.	Tu respuesta es correcta.	对 (duì) - correct, right	对 (duì) - correcto	符合事实、道理或标准，没有错误	In accordance with the facts, reason, or a standard, without error	Que se ajusta a los hechos, la razón o una norma, sin errores	HSK4
正式	正式	zhèngshì	formal, official	formal, oficial	下个月他就要正式上班了。	Next month he will officially start working.	El próximo mes empezará oficialmente a trabajar.	官方 (guānfāng) - official	官方 (guānfāng) - oficial	符合规定的、合乎标准的，不是临时或非正规的	In accordance with rules and standards, not temporary or informal	Que cumple con las normas y estándares, no es temporal ni informal	HSK4
之	之	zhī	(classical Chinese particle) of, 's	(partícula del chino clásico) de	这是我们成功之路。	This is our road to success.	Este es nuestro camino hacia el éxito.	的 (de) - possessive particle	的 (de) - partícula posesiva	古汉语中用法相当于"的"的助词	A classical Chinese particle roughly equivalent to "的" (of)	Una partícula del chino clásico equivalente aproximadamente a "的"	HSK4
支持	支持	zhīchí	to support, to back up	apoyar	无论你做什么决定，我都支持你。	Whatever decision you make, I will support you.	Sea cual sea la decisión que tomes, te apoyaré.	支撑 (zhīchēng) - to support, prop up	支撑 (zhīchēng) - sostener, apoyar	给予力量或赞同，帮助别人	To give strength or agreement, helping someone	Dar fuerza o aprobación, ayudando a alguien	HSK4
支付	支付	zhīfù	to pay	pagar	你可以用手机支付账单。	You can pay the bill with your phone.	Puedes pagar la factura con el móvil.	付款 (fùkuǎn) - to pay	付款 (fùkuǎn) - pagar	把钱付给对方	To give money to the other party	Entregar dinero a la otra parte	HSK4
之后	之後	zhīhòu	after, afterward	después, luego	下课之后我们一起去吃饭吧。	Let's go eat together after class.	Vamos a comer juntos después de clase.	以后 (yǐhòu) - afterward, later	以后 (yǐhòu) - después	表示某个时间或事情以后	Indicates the time after a certain point or event	Indica el tiempo posterior a un momento o suceso determinado	HSK4
之间	之間	zhījiān	between, among	entre	他们两个人之间有很深的友谊。	There is a deep friendship between the two of them.	Entre los dos hay una amistad muy profunda.	中间 (zhōngjiān) - between, in the middle	中间 (zhōngjiān) - entre, en medio	表示在两者或多者的中间	Indicates being in the middle of two or more things	Indica estar en medio de dos o más elementos	HSK4
之前	之前	zhīqián	before, prior to	antes	睡觉之前最好不要玩手机。	It's best not to play with your phone before sleeping.	Es mejor no usar el móvil antes de dormir.	以前 (yǐqián) - before, previously	以前 (yǐqián) - antes	表示某个时间或事情以前	Indicates the time before a certain point or event	Indica el tiempo anterior a un momento o suceso determinado	HSK4
知识	知識	zhīshi	knowledge	conocimiento	读书可以让我们学到很多知识。	Reading lets us learn a lot of knowledge.	Leer nos permite aprender muchos conocimientos.			人们通过学习和实践获得的认识和经验	Understanding and experience gained through learning and practice	Comprensión y experiencia adquiridas mediante el estudio y la práctica	HSK4
之中	之中	zhīzhōng	among, in the middle of, within	entre, en medio de, dentro de	我们都生活在忙碌之中。	We all live amidst busyness.	Todos vivimos inmersos en el ajetreo.	中间 (zhōngjiān) - among, between	中间 (zhōngjiān) - entre, en medio	表示在某个范围的里面	Indicates being within a certain range or scope	Indica estar dentro de un ámbito determinado	HSK4
值	值	zhí	to be worth; value	valer; valor	这件衣服值多少钱？	How much is this piece of clothing worth?	¿Cuánto vale esta prenda de ropa?	值得 (zhídé) - to be worth	值得 (zhídé) - valer la pena	具有相当的价格或价值	To have a corresponding price or value	Tener un precio o valor equivalente	HSK4
值得	值得	zhídé	to be worth it, to deserve	valer la pena, merecer	这部电影很好看，值得一看。	This movie is great, it's worth watching.	Esta película es muy buena, vale la pena verla.			具有某种价值，可以那样做	To have enough value to justify doing something	Tener el valor suficiente para justificar hacer algo	HSK4
直接	直接	zhíjiē	direct, straightforward	directo	有问题你可以直接问我。	If you have questions, you can ask me directly.	Si tienes preguntas, puedes preguntarme directamente.			不经过中间环节，径直的	Without going through an intermediate step, straight to the point	Sin pasar por pasos intermedios, de forma directa	HSK4
植物	植物	zhíwù	plant	planta	我家阳台上种了很多植物。	I've planted a lot of plants on my balcony.	Tengo muchas plantas en el balcón de mi casa.			具有细胞壁、能进行光合作用的生物	A living organism with cell walls capable of photosynthesis	Un ser vivo con pared celular capaz de realizar la fotosíntesis	HSK4
职业	職業	zhíyè	occupation, profession	profesión, ocupación	医生是一个很受人尊敬的职业。	Doctor is a highly respected profession.	Médico es una profesión muy respetada.	工作 (gōngzuò) - job, work	工作 (gōngzuò) - trabajo	个人从事的用来谋生的工作	The work a person engages in to earn a living	El trabajo que una persona realiza para ganarse la vida	HSK4
指	指	zhǐ	to point at, to refer to	señalar, referirse a	他用手指着地图给我们介绍路线。	He pointed at the map with his finger to explain the route to us.	Él señaló el mapa con el dedo para explicarnos la ruta.	指出 (zhǐchū) - to point out	指出 (zhǐchū) - señalar, indicar	用手指或物体对准某个方向或对象	To aim a finger or object toward a direction or target	Apuntar con el dedo o un objeto hacia una dirección o un objetivo	HSK4
指出	指出	zhǐchū	to point out, to indicate	señalar, indicar	老师指出了我作文中的错误。	The teacher pointed out the mistakes in my essay.	El profesor señaló los errores de mi redacción.	指明 (zhǐmíng) - to point out clearly	指明 (zhǐmíng) - señalar claramente	明确地说出或指明	To clearly state or identify something	Decir o señalar algo con claridad	HSK4
只好	只好	zhǐhǎo	have no choice but to, to be forced to	no tener más remedio que, verse obligado a	外面下大雨，我们只好留在家里。	It's raining heavily outside, so we have no choice but to stay home.	Fuera llueve mucho, así que no tenemos más remedio que quedarnos en casa.	只能 (zhǐnéng) - can only	只能 (zhǐnéng) - solo poder	表示没有别的办法，不得不这样做	Indicates there is no other option but to do something	Indica que no hay otra opción más que hacer algo	HSK4
纸巾	紙巾	zhǐjīn	tissue paper, napkin	pañuelo de papel	请给我一张纸巾。	Please give me a tissue.	Por favor, dame un pañuelo de papel.			用来擦手、擦嘴等的薄纸	Thin paper used for wiping hands, mouth, etc.	Papel fino usado para limpiarse las manos, la boca, etc.	HSK4
质量	質量	zhìliàng	quality	calidad	这个产品的质量很好。	The quality of this product is very good.	La calidad de este producto es muy buena.	品质 (pǐn zhì) - quality	品质 (pǐn zhì) - calidad	产品或工作的好坏程度	The degree of goodness of a product or piece of work	El grado de bondad de un producto o trabajo	HSK4
至少	至少	zhìshǎo	at least	por lo menos	你至少应该说声谢谢。	You should at least say thank you.	Por lo menos deberías dar las gracias.	最少 (zuì shǎo) - at least	最少 (zuì shǎo) - como mínimo	表示最小的限度	Indicates the minimum limit	Indica el límite mínimo	HSK4
中餐	中餐	zhōngcān	Chinese food, Chinese cuisine	comida china	我更喜欢吃中餐。	I prefer to eat Chinese food.	Prefiero comer comida china.			中国式的饭菜	Food prepared in the Chinese style	Comida preparada al estilo chino	HSK4
中年	中年	zhōngnián	middle age	mediana edad	他已经是中年人了。	He is already middle-aged.	Él ya es una persona de mediana edad.			人生四五十岁左右的阶段	The stage of life around forty to fifty years old	La etapa de la vida alrededor de los cuarenta o cincuenta años	HSK4
种	種	zhòng	to plant, to grow	plantar, cultivar	爷爷在院子里种了很多花。	Grandpa planted many flowers in the yard.	El abuelo plantó muchas flores en el patio.	栽 (zāi) - to plant	栽 (zāi) - plantar	把植物的种子或幼苗埋在土里使生长	To put seeds or seedlings into the soil to grow	Poner semillas o plantones en la tierra para que crezcan	HSK4
重	重	zhòng	heavy; important	pesado; importante	这个箱子太重了，我搬不动。	This box is too heavy, I can't move it.	Esta caja es demasiado pesada, no puedo moverla.	沉 (chén) - heavy	沉 (chén) - pesado	分量大，与"轻"相对；也指程度深、重要	Having great weight, opposite of "light"; also refers to a high degree or importance	Que pesa mucho, opuesto a "ligero"; también indica un grado alto o importancia	HSK4
重点	重點	zhòngdiǎn	key point, emphasis; mainly	punto clave; principalmente	老师讲的重点你都记住了吗？	Did you remember all the key points the teacher talked about?	¿Recordaste todos los puntos clave que explicó el profesor?	关键 (guān jiàn) - key, crucial point	关键 (guān jiàn) - punto clave	重要的部分或方面	The important part or aspect	La parte o aspecto importante	HSK4
重视	重視	zhòngshì	to pay attention to, to value	valorar, dar importancia a	公司很重视员工的意见。	The company values its employees' opinions very much.	La empresa valora mucho las opiniones de los empleados.	看重 (kàn zhòng) - to think highly of	看重 (kàn zhòng) - apreciar mucho	认为重要而认真对待	To consider something important and treat it seriously	Considerar algo importante y tratarlo con seriedad	HSK4
周围	周圍	zhōuwéi	around, surrounding	alrededor, entorno	学校周围有很多商店。	There are many shops around the school.	Hay muchas tiendas alrededor de la escuela.	附近 (fù jìn) - nearby, vicinity	附近 (fù jìn) - cercanías	环绕着中心的地方	The area surrounding a central place	El área que rodea un lugar central	HSK4
主意	主意	zhǔyi	idea, thought, plan	idea, plan	我有一个好主意，我们去爬山吧。	I have a good idea, let's go hiking.	Tengo una buena idea, vamos a escalar la montaña.	办法 (bàn fǎ) - method<br>想法 (xiǎng fǎ) - thought	办法 (bàn fǎ) - método<br>想法 (xiǎng fǎ) - pensamiento	对某事的想法或办法	A thought or plan about something	Un pensamiento o plan sobre algo	HSK4
祝	祝	zhù	to wish (someone well)	desear	祝你生日快乐！	I wish you a happy birthday!	¡Te deseo un feliz cumpleaños!	祝愿 (zhù yuàn) - to wish	祝愿 (zhù yuàn) - desear	表示美好的愿望	To express good wishes	Expresar buenos deseos	HSK4
祝贺	祝賀	zhùhè	to congratulate	felicitar	祝贺你考上了大学！	Congratulations on getting into university!	¡Felicidades por haber entrado a la universidad!	恭喜 (gōng xǐ) - to congratulate	恭喜 (gōng xǐ) - felicitar	为别人的好事表示高兴和庆贺	To express happiness and celebration for someone's good news	Expresar alegría y celebración por algo bueno que le pasó a otra persona	HSK4
著名	著名	zhùmíng	famous, well-known	famoso, conocido	他是一位著名的科学家。	He is a famous scientist.	Él es un científico famoso.	有名 (yǒu míng) - famous	有名 (yǒu míng) - famoso	名声很大，被很多人知道	Having a great reputation, known by many people	Tener gran fama, ser conocido por mucha gente	HSK4
专门	專門	zhuānmén	specially, specifically; special	especialmente; especial	妈妈专门为我做了一个蛋糕。	Mom specially made a cake for me.	Mamá hizo un pastel especialmente para mí.	特意 (tè yì) - specially, on purpose	特意 (tè yì) - a propósito	特地为某种目的而做，非一般性的	Done specifically for a particular purpose, not general	Hecho especialmente para un propósito concreto, no de forma general	HSK4
专业	專業	zhuānyè	major, specialty; professional	especialidad, carrera; profesional	你大学学的是什么专业？	What was your major in university?	¿Qué especialidad estudiaste en la universidad?			学习或工作的专门领域	A specialized field of study or work	Un campo especializado de estudio o trabajo	HSK4
转	轉	zhuǎn	to turn, to shift, to transfer	girar, cambiar, transferir	前面路口往左转。	Turn left at the intersection ahead.	Gira a la izquierda en el cruce de adelante.			改变方向或位置	To change direction or position	Cambiar de dirección o posición	HSK4
转发	轉發	zhuǎnfā	to forward (a message), to repost	reenviar, compartir (un mensaje)	这条消息很重要，请大家转发。	This message is very important, please forward it to everyone.	Este mensaje es muy importante, por favor compártanlo todos.			把收到的信息再传给别人	To pass on received information to others	Volver a enviar a otros la información recibida	HSK4
转机	轉機	zhuǎnjī	to change planes, to transfer flights	hacer escala, cambiar de avión	我们要在北京转机。	We need to change planes in Beijing.	Tenemos que hacer escala en Pekín.			中途换乘另一趟飞机	To change to another flight midway	Cambiar a otro vuelo a mitad de camino	HSK4
赚	賺	zhuàn	to earn, to make a profit	ganar (dinero)	他做生意赚了不少钱。	He made quite a lot of money doing business.	Ganó bastante dinero con su negocio.	挣 (zhèng) - to earn	挣 (zhèng) - ganar	通过工作或经营获得钱财	To obtain money through work or business	Obtener dinero a través del trabajo o los negocios	HSK4
装	裝	zhuāng	to install, to pack, to pretend	instalar, empacar, fingir	他把书都装进了箱子里。	He packed all the books into the box.	Metió todos los libros en la caja.			把东西放进容器里，也指假装	To put things into a container; also means to pretend	Meter cosas en un recipiente; también significa fingir	HSK4
准	準	zhǔn	accurate, exact, standard	exacto, preciso	他猜得很准。	He guessed very accurately.	Adivinó con mucha precisión.	准确 (zhǔn què) - accurate	准确 (zhǔn què) - exacto	符合事实或标准，没有偏差	Conforming to fact or standard, without deviation	Que se ajusta a la realidad o a un estándar, sin desviación	HSK4
准确	準確	zhǔnquè	accurate, precise	exacto, preciso	请说出准确的时间。	Please state the exact time.	Por favor, di la hora exacta.	精确 (jīng què) - precise	精确 (jīng què) - preciso	完全符合实际情况，没有错误	Fully in accordance with the actual situation, without error	Que corresponde totalmente con la realidad, sin errores	HSK4
准时	準時	zhǔnshí	on time, punctual	puntual, a tiempo	请大家明天准时到教室。	Please everyone arrive at the classroom on time tomorrow.	Por favor, lleguen todos puntuales al aula mañana.	按时 (àn shí) - on schedule	按时 (àn shí) - a tiempo	按照规定的时间，不提前也不推迟	According to the set time, neither early nor late	Según el horario establecido, ni antes ni después	HSK4
资料	資料	zīliào	materials, data, information	material, datos, información	我在图书馆查了很多资料。	I looked up a lot of materials in the library.	Consulté muchos materiales en la biblioteca.	材料 (cái liào) - material	材料 (cái liào) - material	用作研究或参考的信息或文件	Information or documents used for research or reference	Información o documentos usados para investigación o referencia	HSK4
仔细	仔細	zǐxì	careful, attentive, meticulous	cuidadoso, atento	考试的时候要仔细检查。	You should check carefully during the exam.	Hay que revisar con cuidado durante el examen.	认真 (rèn zhēn) - conscientious	认真 (rèn zhēn) - meticuloso	做事细心，不马虎	Doing things carefully, not careless	Hacer las cosas con esmero, sin descuido	HSK4
自	自	zì	from, since; oneself	desde; uno mismo	这趟火车来自北京。	This train comes from Beijing.	Este tren viene de Pekín.	从 (cóng) - from	从 (cóng) - desde	表示起点，相当于"从"；也指自己	Indicates a starting point, equivalent to "from"; also refers to oneself	Indica un punto de partida, equivale a "desde"; también se refiere a uno mismo	HSK4
自然	自然	zìrán	nature; natural; naturally, of course	naturaleza; natural; naturalmente	我们应该保护大自然。	We should protect nature.	Debemos proteger la naturaleza.			自然界；也指不做作、理所当然	The natural world; also means not artificial, or a matter of course	El mundo natural; también significa no forzado, o algo lógico y evidente	HSK4
自习	自習	zìxí	to study on one's own	estudiar por cuenta propia	下午第三节课是自习。	The third class in the afternoon is self-study.	La tercera clase de la tarde es de estudio libre.			学生在课外自己安排学习	Students organizing their own study outside of regular class	Los estudiantes organizan su propio estudio fuera de la clase regular	HSK4
自信	自信	zìxìn	to believe in oneself; confidence; confident	confiar en uno mismo; confianza; seguro de sí mismo	他对自己的能力很自信。	He is very confident in his own abilities.	Él tiene mucha confianza en su propia capacidad.			相信自己的能力，不怀疑自己	To believe in one's own ability, without self-doubt	Creer en la propia capacidad, sin dudar de uno mismo	HSK4
自学	自學	zìxué	to teach oneself, to self-study	autodidacta, aprender por cuenta propia	他通过自学学会了英语。	He learned English through self-study.	Aprendió inglés estudiando por su cuenta.			不依靠老师，自己学习知识	To learn knowledge on one's own without relying on a teacher	Aprender conocimientos por uno mismo sin depender de un profesor	HSK4
总结	總結	zǒngjié	to summarize; summary	resumir; resumen	请大家总结一下今天学的内容。	Please everyone summarize what we learned today.	Por favor, resuman lo que aprendimos hoy.	概括 (gài kuò) - to summarize	概括 (gài kuò) - resumir	把事情的主要内容归纳出来	To gather and state the main points of something	Recoger y exponer los puntos principales de algo	HSK4
租	租	zū	to rent, to hire	alquilar	我们在这个城市租了一套房子。	We rented an apartment in this city.	Alquilamos un piso en esta ciudad.			付钱使用别人的东西一段时间	To pay to use someone else's property for a period of time	Pagar para usar algo de otra persona durante un tiempo	HSK4
组	組	zǔ	group, team; to organize	grupo, equipo; organizar	老师把学生分成了五个组。	The teacher divided the students into five groups.	El profesor dividió a los estudiantes en cinco grupos.	小组 (xiǎo zǔ) - small group	小组 (xiǎo zǔ) - grupo pequeño	由若干人或事物组成的整体	A whole made up of several people or things	Un conjunto formado por varias personas o cosas	HSK4
最终	最終	zuìzhōng	final, ultimate; finally	final; finalmente	经过努力，他最终成功了。	After much effort, he finally succeeded.	Después de mucho esfuerzo, finalmente tuvo éxito.	最后 (zuì hòu) - last, finally	最后 (zuì hòu) - por último	最后的、最终的结果或阶段	The last or final result or stage	El resultado o etapa final	HSK4
尊重	尊重	zūnzhòng	to respect; respected	respetar; respetado	我们应该尊重别人的想法。	We should respect others' opinions.	Debemos respetar las opiniones de los demás.	尊敬 (zūn jìng) - to respect, revere	尊敬 (zūn jìng) - respetar	重视并认真对待别人	To value and treat others seriously	Valorar y tratar a los demás con seriedad	HSK4
左右	左右	zuǒyòu	about, around; left and right	aproximadamente; izquierda y derecha	他今年三十岁左右。	He is about thirty years old this year.	Él tiene unos treinta años este año.	大约 (dà yuē) - approximately	大约 (dà yuē) - aproximadamente	表示大概的数量或方位；也指左边和右边	Indicates an approximate quantity; also refers to the left and right sides	Indica una cantidad aproximada; también se refiere al lado izquierdo y derecho	HSK4
座	座	zuò	seat, place; measure word for seats	asiento; medida para edificios, montañas, etc.	这座桥很有名。	This bridge is very famous.	Este puente es muy famoso.			供人坐的位置；也作大型物体的量词	A place for sitting; also used as a measure word for large objects	Un lugar para sentarse; también se usa como clasificador para objetos grandes	HSK4
做法	做法	zuòfǎ	way of doing things, practice	manera de hacer algo, método	这道菜有很多种做法。	There are many ways to make this dish.	Hay muchas maneras de preparar este platillo.	方法 (fāng fǎ) - method	方法 (fāng fǎ) - método	处理或制作事物的方式	The way of handling or making something	La manera de manejar o elaborar algo	HSK4
作家	作家	zuòjiā	writer, author	escritor	她是一位有名的作家。	She is a famous writer.	Ella es una escritora famosa.	作者 (zuò zhě) - author	作者 (zuò zhě) - autor	从事文学创作的人	A person who engages in literary creation	Una persona que se dedica a la creación literaria	HSK4
做梦	做夢	zuòmèng	to dream, to have a dream	soñar	我昨晚做了一个奇怪的梦。	I had a strange dream last night.	Anoche tuve un sueño extraño.			睡觉时脑中出现的景象	Images that appear in the mind while sleeping	Imágenes que aparecen en la mente mientras se duerme	HSK4
作品	作品	zuòpǐn	work, composition, creation	obra	这是他最新的作品。	This is his latest work.	Esta es su obra más reciente.			文学、艺术等方面创作出来的成果	A result created in literature, art, etc.	Un resultado creado en literatura, arte, etc.	HSK4
作为	作為	zuòwéi	to act as, to serve as; as, being	actuar como; en calidad de	作为学生，我们应该好好学习。	As students, we should study hard.	Como estudiantes, debemos estudiar con esmero.			把某事物当作某种身份或角色	To regard something as having a certain identity or role	Considerar algo con determinada identidad o función	HSK4
座位	座位	zuòwèi	seat	asiento	这是你的座位。	This is your seat.	Este es tu asiento.	位子 (wèi zi) - seat, place	位子 (wèi zi) - asiento	供人坐的地方	A place for a person to sit	Un lugar para que alguien se siente	HSK4
作文	作文	zuòwén	composition; to write a composition	composición, redacción; escribir una redacción	老师让我们写一篇作文。	The teacher asked us to write an essay.	El profesor nos pidió escribir una redacción.	文章 (wén zhāng) - article, essay	文章 (wén zhāng) - artículo, redacción	学生练习写的文章	An essay written by a student for practice	Un escrito que hace un estudiante como práctica	HSK4
作用	作用	zuòyòng	function, role	función, efecto	运动对身体健康有很大作用。	Exercise has a great effect on physical health.	El ejercicio tiene un gran efecto en la salud física.	功能 (gōng néng) - function	功能 (gōng néng) - función	对事物产生的影响或效果	The influence or effect produced on something	La influencia o efecto que se produce sobre algo	HSK4
作者	作者	zuòzhě	author, writer	autor	这本书的作者是谁？	Who is the author of this book?	¿Quién es el autor de este libro?	作家 (zuò jiā) - writer	作家 (zuò jiā) - escritor	写文章或著作的人	The person who writes an article or a book	La persona que escribe un artículo o una obra	HSK4
